{"type":"FeatureCollection","crs":{"type":"name","properties":{"name":"EPSG:4326"}},"features":[{"type":"Feature","geometry":{"type":"Polygon","coordinates":[[[-83.04293,30.9473],[-83.17947,30.95013],[-83.18063,31.02549],[-83.19797,31.02541],[-83.19788,31.06222],[-83.16722,31.06238],[-83.16508,31.1472],[-83.03825,31.14671],[-83.03917,31.15018],[-83.03637,31.15104],[-83.04018,31.15485],[-83.03888,31.1603],[-83.04219,31.1641],[-83.0401,31.16854],[-83.041,31.17014],[-83.04491,31.17049],[-83.04382,31.17461],[-83.04932,31.17622],[-83.04956,31.18063],[-83.04745,31.18121],[-83.0499,31.18393],[-83.04811,31.18265],[-83.03809,31.18384],[-82.97125,31.18399],[-82.9698,31.09704],[-82.97134,30.8694],[-82.98216,30.87225],[-82.992,30.86173],[-83.00658,30.85948],[-83.01043,30.85365],[-83.01143,30.84748],[-83.01397,30.84471],[-83.01519,30.84861],[-83.01834,30.84836],[-83.02528,30.85206],[-83.02371,30.85912],[-83.02605,30.86146],[-83.0263,30.86429],[-83.02306,30.86781],[-83.02339,30.8718],[-83.02165,30.87271],[-83.02418,30.87366],[-83.02245,30.87409],[-83.02314,30.87813],[-83.02083,30.88152],[-83.02367,30.88281],[-83.02259,30.88677],[-83.02461,30.88796],[-83.02078,30.89067],[-83.02271,30.89657],[-83.02037,30.90434],[-83.0229,30.90279],[-83.02483,30.90641],[-83.02727,30.9062],[-83.02574,30.90825],[-83.02943,30.91025],[-83.02774,30.91519],[-83.03637,30.91602],[-83.03516,30.91913],[-83.03631,30.92107],[-83.03187,30.92222],[-83.04034,30.92694],[-83.03941,30.92925],[-83.03653,30.92982],[-83.03609,30.93207],[-83.03843,30.93578],[-83.04249,30.93771],[-83.04293,30.9473]]]},"properties":{"NAME10":"Lanier","NAMELSAD10":"Lanier County","GEOID10":"13173"}},{"type":"Feature","geometry":{"type":"Polygon","coordinates":[[[-81.40496,31.93701],[-81.40759,31.94429],[-81.4178,31.93956],[-81.42488,31.93816],[-81.46385,31.95002],[-81.47136,31.97219],[-81.47576,31.97426],[-81.48336,31.97253],[-81.47951,31.97076],[-81.48548,31.96928],[-81.48297,31.96641],[-81.48548,31.96365],[-81.48727,31.96635],[-81.4953,31.96861],[-81.50399,31.96279],[-81.5097,31.96876],[-81.51269,31.96934],[-81.5128,31.96799],[-81.51661,31.96678],[-81.51474,31.96263],[-81.5183,31.95993],[-81.52233,31.95896],[-81.52513,31.96216],[-81.53109,31.96199],[-81.53225,31.96415],[-81.53697,31.96328],[-81.53549,31.95993],[-81.54499,31.9595],[-81.54743,31.95735],[-81.5485,31.96022],[-81.55236,31.95734],[-81.55752,31.95934],[-81.56455,31.9596],[-81.56639,31.96571],[-81.57156,31.9675],[-81.57211,31.96961],[-81.57762,31.97246],[-81.58073,31.97096],[-81.58561,31.97166],[-81.58753,31.96973],[-81.59038,31.9717],[-81.5933,31.97124],[-81.59104,31.97708],[-81.59155,31.98004],[-81.5934,31.97966],[-81.59432,31.98205],[-81.59214,31.98302],[-81.59482,31.98726],[-81.5928,31.98923],[-81.59519,31.98985],[-81.59363,31.99141],[-81.60189,31.99364],[-81.60168,31.99493],[-81.59798,31.99557],[-81.60025,31.99669],[-81.60224,32.00294],[-81.60566,32.00397],[-81.60344,32.00907],[-81.607,32.01213],[-81.60915,32.01759],[-81.61152,32.01594],[-81.61276,32.0172],[-81.61181,32.01831],[-81.61435,32.01916],[-81.61376,32.02044],[-81.61678,32.02118],[-81.6185,32.0246],[-81.61423,32.02545],[-81.61702,32.02607],[-81.61952,32.03254],[-81.62236,32.03093],[-81.62605,32.03581],[-81.6313,32.03815],[-81.63179,32.0404],[-81.63309,32.03947],[-81.63388,32.04143],[-81.63683,32.04073],[-81.63539,32.04423],[-81.63835,32.04353],[-81.63841,32.04582],[-81.64019,32.04625],[-81.63936,32.04758],[-81.64113,32.04832],[-81.63998,32.04965],[-81.64452,32.05099],[-81.6439,32.05384],[-81.64836,32.0538],[-81.65122,32.05836],[-81.66069,32.05732],[-81.66487,32.05927],[-81.66627,32.06266],[-81.67298,32.06395],[-81.67282,32.0682],[-81.67642,32.07448],[-81.68468,32.07652],[-81.68845,32.08007],[-81.68909,32.08433],[-81.69286,32.08842],[-81.69603,32.08745],[-81.69859,32.09076],[-81.70544,32.08848],[-81.7094,32.09202],[-81.71178,32.0907],[-81.71389,32.09256],[-81.71522,32.08952],[-81.71779,32.08908],[-81.72214,32.09072],[-81.72379,32.09449],[-81.72705,32.09504],[-81.72583,32.09759],[-81.72714,32.09897],[-81.73166,32.09623],[-81.73574,32.102],[-81.74127,32.10462],[-81.74835,32.10348],[-81.75235,32.10515],[-81.7533,32.10373],[-81.75681,32.10479],[-81.75765,32.10839],[-81.75398,32.11161],[-81.75789,32.11198],[-81.75742,32.1152],[-81.76084,32.11449],[-81.76406,32.11629],[-81.76122,32.11957],[-81.76615,32.12199],[-81.76518,32.12436],[-81.76726,32.12506],[-81.76725,32.12736],[-81.7712,32.13143],[-81.77729,32.13195],[-81.77561,32.13277],[-81.7761,32.13669],[-81.77838,32.13908],[-81.77719,32.14158],[-81.78156,32.14775],[-81.78165,32.15245],[-81.62481,32.18969],[-81.43574,32.24131],[-81.43221,32.23723],[-81.43157,32.23334],[-81.42861,32.23435],[-81.43009,32.23126],[-81.42774,32.23113],[-81.42613,32.22833],[-81.42684,32.22476],[-81.43012,32.22394],[-81.42701,32.21919],[-81.42947,32.21687],[-81.42311,32.21509],[-81.42132,32.21018],[-81.41608,32.21216],[-81.41601,32.20988],[-81.41337,32.20779],[-81.4145,32.20643],[-81.41323,32.20486],[-81.41621,32.2038],[-81.41506,32.20252],[-81.41577,32.19953],[-81.41865,32.19692],[-81.41606,32.19351],[-81.4151,32.18788],[-81.41226,32.18536],[-81.40969,32.18529],[-81.41529,32.18308],[-81.41458,32.17657],[-81.41156,32.17568],[-81.41367,32.17354],[-81.41224,32.17131],[-81.41349,32.16976],[-81.41081,32.17018],[-81.41001,32.16799],[-81.41146,32.16529],[-81.41094,32.1612],[-81.41336,32.16207],[-81.41384,32.16073],[-81.40811,32.15533],[-81.40847,32.15209],[-81.4064,32.15275],[-81.40151,32.14978],[-81.40202,32.14776],[-81.40387,32.14736],[-81.40195,32.14363],[-81.40595,32.1419],[-81.40496,32.14018],[-81.40703,32.1374],[-81.40716,32.13021],[-81.4056,32.12919],[-81.40819,32.12736],[-81.40533,32.125],[-81.40454,32.12081],[-81.40689,32.12156],[-81.40679,32.11952],[-81.40518,32.11867],[-81.40412,32.11374],[-81.40087,32.11273],[-81.40238,32.11119],[-81.40142,32.10902],[-81.40303,32.10843],[-81.40056,32.10641],[-81.4032,32.10763],[-81.40698,32.10217],[-81.40555,32.10232],[-81.40285,32.10727],[-81.40133,32.10416],[-81.39832,32.10412],[-81.39126,32.09983],[-81.3916,32.09556],[-81.38717,32.09044],[-81.38897,32.08705],[-81.38507,32.07992],[-81.37956,32.07484],[-81.36887,32.06899],[-81.36921,32.06792],[-81.37339,32.0684],[-81.37524,32.06622],[-81.37049,32.0639],[-81.36869,32.05992],[-81.36981,32.05888],[-81.36723,32.0573],[-81.37021,32.05446],[-81.36752,32.05133],[-81.36803,32.04853],[-81.36061,32.04865],[-81.36124,32.04573],[-81.35601,32.04208],[-81.35043,32.03425],[-81.34839,32.03914],[-81.34774,32.0355],[-81.34377,32.03307],[-81.34237,32.03419],[-81.34122,32.03135],[-81.33826,32.03292],[-81.33464,32.02771],[-81.33634,32.02251],[-81.3287,32.01921],[-81.32504,32.02181],[-81.32344,32.02011],[-81.32414,32.01541],[-81.3183,32.0155],[-81.32291,32.01162],[-81.32191,32.00742],[-81.31942,32.00689],[-81.31642,32.01142],[-81.31492,32.01142],[-81.31412,32.00452],[-81.30873,32.00391],[-81.30444,32.00072],[-81.30482,31.99828],[-81.31015,31.99518],[-81.30745,31.98965],[-81.30945,31.98348],[-81.30323,31.97979],[-81.29385,31.97981],[-81.28863,31.97721],[-81.28758,31.9738],[-81.29054,31.96052],[-81.28714,31.95241],[-81.28842,31.94468],[-81.28547,31.943],[-81.28044,31.94531],[-81.27742,31.94471],[-81.27312,31.94129],[-81.27246,31.93791],[-81.27635,31.93027],[-81.27304,31.92501],[-81.26914,31.92422],[-81.26163,31.92754],[-81.25803,31.92672],[-81.25754,31.92373],[-81.26471,31.91843],[-81.26568,31.91059],[-81.26132,31.90628],[-81.25741,31.90517],[-81.25141,31.90982],[-81.24615,31.91167],[-81.24096,31.91198],[-81.23526,31.91011],[-81.23318,31.90794],[-81.2342,31.90229],[-81.24299,31.89367],[-81.24236,31.89074],[-81.23836,31.88705],[-81.2356,31.88768],[-81.23125,31.89226],[-81.2256,31.90263],[-81.21231,31.91836],[-81.20332,31.92233],[-81.19382,31.92138],[-81.19063,31.91722],[-81.19368,31.90892],[-81.20223,31.90238],[-81.21952,31.89659],[-81.22239,31.89375],[-81.22235,31.89037],[-81.21839,31.88775],[-81.21218,31.88737],[-81.18558,31.89988],[-81.1734,31.89976],[-81.16905,31.89705],[-81.16119,31.88758],[-81.16103,31.87714],[-81.15513,31.86432],[-81.13833,31.85542],[-81.13933,31.85262],[-81.15621,31.83756],[-81.16093,31.82162],[-81.17392,31.81853],[-81.17722,31.81562],[-81.17683,31.80692],[-81.18083,31.79862],[-81.18083,31.79252],[-81.17793,31.79062],[-81.16333,31.78773],[-81.16043,31.78293],[-81.16192,31.77922],[-81.17033,31.77113],[-81.17313,31.76394],[-81.17333,31.75723],[-81.15733,31.74373],[-81.15502,31.73913],[-81.15463,31.73323],[-81.15473,31.71267],[-81.17746,31.71734],[-81.20506,31.72904],[-81.21447,31.73964],[-81.22087,31.74364],[-81.24977,31.75221],[-81.25759,31.75294],[-81.26686,31.75849],[-81.27075,31.76694],[-81.26843,31.78462],[-81.27083,31.78972],[-81.27513,31.79352],[-81.28383,31.79442],[-81.30223,31.78942],[-81.31103,31.78992],[-81.31033,31.79952],[-81.32003,31.80842],[-81.31505,31.81679],[-81.32297,31.82177],[-81.32823,31.82302],[-81.32855,31.82579],[-81.32623,31.83012],[-81.33112,31.83948],[-81.34001,31.84056],[-81.34545,31.83704],[-81.34397,31.83442],[-81.33473,31.8362],[-81.33254,31.83402],[-81.33396,31.83149],[-81.34012,31.83033],[-81.34287,31.82795],[-81.33896,31.82037],[-81.3396,31.81806],[-81.34925,31.81422],[-81.35584,31.81491],[-81.35658,31.81784],[-81.3552,31.81932],[-81.34658,31.81837],[-81.34481,31.82479],[-81.35171,31.82593],[-81.35808,31.83123],[-81.35703,31.83464],[-81.35303,31.83616],[-81.3537,31.83822],[-81.36215,31.83701],[-81.36492,31.84085],[-81.36375,31.84397],[-81.36642,31.84663],[-81.36951,31.84439],[-81.36925,31.8409],[-81.37208,31.84015],[-81.3731,31.84356],[-81.37185,31.84693],[-81.37481,31.84659],[-81.37503,31.84808],[-81.3781,31.84868],[-81.37677,31.85031],[-81.37894,31.85085],[-81.37833,31.85273],[-81.38198,31.85418],[-81.38121,31.85648],[-81.38357,31.85817],[-81.38245,31.85895],[-81.38398,31.86213],[-81.38071,31.86685],[-81.3832,31.87258],[-81.38294,31.87609],[-81.38666,31.88],[-81.39278,31.88031],[-81.39643,31.88317],[-81.39496,31.88527],[-81.39561,31.88742],[-81.3916,31.89381],[-81.39514,31.90104],[-81.39443,31.90472],[-81.39964,31.90951],[-81.40039,31.91431],[-81.40374,31.91703],[-81.40431,31.92011],[-81.40105,31.92223],[-81.40164,31.92732],[-81.39971,31.92919],[-81.40496,31.93701]]]},"properties":{"NAME10":"Bryan","NAMELSAD10":"Bryan County","GEOID10":"13029"}},{"type":"Feature","geometry":{"type":"Polygon","coordinates":[[[-82.45869,31.83811],[-82.43137,31.838],[-82.43046,31.93875],[-82.43153,31.96619],[-82.40845,31.95609],[-82.40725,31.94949],[-82.40405,31.94949],[-82.40205,31.95169],[-82.40445,31.95789],[-82.40085,31.96029],[-82.39324,31.95559],[-82.39084,31.94929],[-82.38714,31.94819],[-82.38544,31.95139],[-82.38904,31.95779],[-82.38764,31.95969],[-82.38446,31.96003],[-82.37954,31.95498],[-82.37155,31.9535],[-82.37215,31.9512],[-82.37845,31.946],[-82.37765,31.9419],[-82.37242,31.94146],[-82.36234,31.9437],[-82.35801,31.93969],[-82.32328,31.9345],[-82.31449,31.93079],[-82.30887,31.9327],[-82.30768,31.93728],[-82.31533,31.94281],[-82.3161,31.94523],[-82.31391,31.94713],[-82.30951,31.94655],[-82.30602,31.93869],[-82.30112,31.93328],[-82.2981,31.934],[-82.29159,31.9424],[-82.28642,31.94245],[-82.27762,31.93708],[-82.27034,31.93588],[-82.26678,31.92841],[-82.26316,31.92796],[-82.25971,31.93241],[-82.25604,31.9321],[-82.25459,31.92748],[-82.24904,31.92187],[-82.24681,31.91511],[-82.24352,31.91481],[-82.23823,31.92011],[-82.23583,31.92041],[-82.23283,31.91891],[-82.23024,31.912],[-82.22275,31.9134],[-82.21855,31.9095],[-82.20665,31.9103],[-82.20135,31.9063],[-82.19205,31.90651],[-82.19065,31.90451],[-82.19225,31.90181],[-82.19135,31.90051],[-82.16005,31.90401],[-82.14515,31.89811],[-82.14285,31.89931],[-82.13995,31.90571],[-82.13425,31.90801],[-82.13115,31.90381],[-82.13649,31.89455],[-82.13555,31.89171],[-82.12555,31.88971],[-82.11955,31.88601],[-82.11545,31.88881],[-82.11665,31.89971],[-82.11386,31.90119],[-82.11097,31.89964],[-82.11205,31.89131],[-82.10785,31.88371],[-82.10985,31.87801],[-82.10963,31.87031],[-82.11642,31.86635],[-82.11548,31.86285],[-82.10632,31.86333],[-82.09833,31.85839],[-82.09405,31.85342],[-82.08451,31.84795],[-82.08131,31.84281],[-82.06607,31.83822],[-82.04859,31.82708],[-82.05626,31.82785],[-82.06401,31.82538],[-82.06756,31.8277],[-82.07127,31.82566],[-82.07347,31.82895],[-82.07709,31.82907],[-82.0801,31.82748],[-82.08313,31.82301],[-82.0856,31.82339],[-82.0874,31.82163],[-82.08725,31.79952],[-82.10654,31.7998],[-82.10703,31.78611],[-82.08934,31.78591],[-82.08944,31.77292],[-82.13302,31.77341],[-82.13295,31.56932],[-82.14795,31.56913],[-82.14793,31.55731],[-82.13287,31.55752],[-82.1328,31.47127],[-82.14102,31.46943],[-82.15025,31.46975],[-82.16387,31.47592],[-82.18118,31.48927],[-82.19841,31.50535],[-82.21035,31.51182],[-82.21905,31.51872],[-82.22655,31.53022],[-82.232,31.54475],[-82.2407,31.55563],[-82.24749,31.55954],[-82.26029,31.56201],[-82.27231,31.57336],[-82.30925,31.58882],[-82.33489,31.60692],[-82.34957,31.62135],[-82.35699,31.62368],[-82.36884,31.63104],[-82.37491,31.63046],[-82.38028,31.6338],[-82.38582,31.63458],[-82.38916,31.63782],[-82.40751,31.63921],[-82.43651,31.66102],[-82.44242,31.65885],[-82.45089,31.66139],[-82.45321,31.66806],[-82.46034,31.67038],[-82.4642,31.6765],[-82.47273,31.68016],[-82.47384,31.6835],[-82.47702,31.68557],[-82.47774,31.69057],[-82.48282,31.69589],[-82.48678,31.69773],[-82.48795,31.70165],[-82.49587,31.71059],[-82.52142,31.7108],[-82.52057,31.73621],[-82.55072,31.73634],[-82.55069,31.74912],[-82.52016,31.7492],[-82.52025,31.83839],[-82.45869,31.83811]]]},"properties":{"NAME10":"Appling","NAMELSAD10":"Appling County","GEOID10":"13001"}},{"type":"Feature","geometry":{"type":"Polygon","coordinates":[[[-83.61816,34.91143],[-83.61472,34.91424],[-83.59828,34.91295],[-83.5938,34.91794],[-83.59323,34.92156],[-83.59967,34.92194],[-83.59951,34.9302],[-83.60204,34.93193],[-83.60159,34.93835],[-83.58225,34.94281],[-83.54689,34.9465],[-83.54939,34.9925],[-83.10862,35.00067],[-83.10247,34.9969],[-83.10352,34.99368],[-83.09825,34.99092],[-83.10286,34.98871],[-83.1018,34.98613],[-83.10697,34.98354],[-83.10577,34.98151],[-83.10774,34.97981],[-83.11128,34.98101],[-83.11119,34.97573],[-83.11653,34.97573],[-83.11562,34.97306],[-83.12033,34.96879],[-83.12198,34.96476],[-83.12162,34.96277],[-83.11579,34.96017],[-83.12023,34.95914],[-83.12029,34.95797],[-83.11483,34.95286],[-83.11412,34.95019],[-83.11884,34.9533],[-83.12482,34.9551],[-83.12706,34.95425],[-83.12476,34.95108],[-83.12744,34.94931],[-83.12108,34.94216],[-83.11655,34.94251],[-83.11176,34.93497],[-83.11791,34.93605],[-83.12055,34.93295],[-83.12732,34.93864],[-83.13174,34.93573],[-83.12996,34.93135],[-83.14152,34.92452],[-83.15689,34.93077],[-83.15924,34.92861],[-83.15699,34.91513],[-83.16043,34.91502],[-83.16484,34.91918],[-83.16861,34.91936],[-83.17071,34.91425],[-83.17463,34.91029],[-83.18092,34.90948],[-83.1807,34.90459],[-83.18813,34.89809],[-83.1915,34.89679],[-83.19451,34.89944],[-83.19767,34.89477],[-83.19719,34.8906],[-83.1986,34.89039],[-83.20034,34.89326],[-83.20354,34.89346],[-83.20476,34.89022],[-83.20104,34.88441],[-83.20526,34.88017],[-83.20958,34.87986],[-83.21458,34.88364],[-83.21277,34.88762],[-83.21403,34.88858],[-83.21728,34.8861],[-83.21743,34.88239],[-83.21989,34.88112],[-83.22013,34.87804],[-83.22925,34.87977],[-83.23249,34.87778],[-83.23951,34.87889],[-83.243,34.87754],[-83.24059,34.8728],[-83.23471,34.87075],[-83.23788,34.86888],[-83.23912,34.86509],[-83.24603,34.86724],[-83.2481,34.86558],[-83.24635,34.86003],[-83.24824,34.85818],[-83.24642,34.85552],[-83.25332,34.85593],[-83.25245,34.85219],[-83.25391,34.84878],[-83.24893,34.84515],[-83.25729,34.84411],[-83.26064,34.84529],[-83.26173,34.84864],[-83.2672,34.84848],[-83.27259,34.83552],[-83.26718,34.83133],[-83.26964,34.82365],[-83.26832,34.82113],[-83.27089,34.81859],[-83.27709,34.817],[-83.28904,34.82465],[-83.29108,34.8232],[-83.28996,34.81847],[-83.29452,34.81604],[-83.29515,34.81323],[-83.29985,34.81504],[-83.29895,34.81745],[-83.30057,34.81867],[-83.30301,34.81884],[-83.30606,34.81605],[-83.30659,34.81405],[-83.30441,34.81116],[-83.29942,34.80946],[-83.30085,34.80435],[-83.30323,34.80221],[-83.31417,34.79957],[-83.31407,34.79648],[-83.32041,34.79319],[-83.32045,34.79059],[-83.32415,34.78925],[-83.32122,34.77905],[-83.32267,34.7774],[-83.31898,34.77132],[-83.323,34.76625],[-83.31918,34.76462],[-83.3233,34.76074],[-83.31875,34.75763],[-83.32649,34.75604],[-83.32631,34.75085],[-83.33233,34.74912],[-83.33306,34.74561],[-83.33892,34.74179],[-83.33917,34.73829],[-83.34545,34.73846],[-83.34908,34.73664],[-83.35342,34.72843],[-83.35245,34.71613],[-83.35689,34.71642],[-83.36577,34.72122],[-83.37431,34.72971],[-83.37484,34.732],[-83.38105,34.73131],[-83.38611,34.73346],[-83.38494,34.73492],[-83.38739,34.7374],[-83.39535,34.7321],[-83.40367,34.72893],[-83.40671,34.73189],[-83.41597,34.73298],[-83.42322,34.73634],[-83.42464,34.74016],[-83.42285,34.74342],[-83.42373,34.74494],[-83.43038,34.74729],[-83.43661,34.74214],[-83.44608,34.74306],[-83.44748,34.74156],[-83.44638,34.73687],[-83.45262,34.73328],[-83.45757,34.73185],[-83.46678,34.73329],[-83.46991,34.72919],[-83.47863,34.72396],[-83.48473,34.7267],[-83.49203,34.727],[-83.50349,34.7343],[-83.51279,34.73169],[-83.51674,34.73525],[-83.52108,34.73587],[-83.52636,34.73905],[-83.53548,34.7399],[-83.53724,34.74561],[-83.53514,34.74742],[-83.53688,34.7486],[-83.55177,34.75069],[-83.55681,34.75766],[-83.55488,34.76628],[-83.56041,34.77177],[-83.55893,34.7756],[-83.56225,34.78128],[-83.55665,34.78506],[-83.56685,34.79116],[-83.5709,34.79135],[-83.57365,34.79501],[-83.57634,34.79558],[-83.57528,34.79957],[-83.57776,34.80101],[-83.57752,34.80325],[-83.58121,34.80502],[-83.58304,34.80922],[-83.58171,34.8108],[-83.58432,34.81262],[-83.58415,34.81525],[-83.58705,34.81711],[-83.58783,34.82064],[-83.60589,34.82771],[-83.61136,34.82588],[-83.61309,34.82202],[-83.61877,34.82367],[-83.62498,34.82303],[-83.6298,34.82539],[-83.63946,34.82278],[-83.64869,34.82538],[-83.65215,34.82297],[-83.65645,34.82551],[-83.65909,34.83028],[-83.6581,34.83167],[-83.66168,34.84816],[-83.66012,34.85519],[-83.65819,34.85655],[-83.65505,34.86551],[-83.6562,34.8724],[-83.6547,34.8766],[-83.6568,34.8785],[-83.6502,34.8808],[-83.6444,34.8886],[-83.6451,34.8914],[-83.63559,34.8923],[-83.63059,34.8945],[-83.62799,34.8998],[-83.62999,34.906],[-83.62629,34.9102],[-83.61839,34.90868],[-83.61816,34.91143]]]},"properties":{"NAME10":"Rabun","NAMELSAD10":"Rabun County","GEOID10":"13241"}},{"type":"Feature","geometry":{"type":"Polygon","coordinates":[[[-83.29782,32.54975],[-83.22654,32.58421],[-83.13899,32.42308],[-83.17326,32.45254],[-83.30475,32.34196],[-83.28396,32.32432],[-83.33223,32.28404],[-83.33928,32.28977],[-83.34611,32.28382],[-83.3396,32.27825],[-83.34653,32.2725],[-83.36613,32.28945],[-83.36776,32.28893],[-83.49804,32.40172],[-83.49299,32.40409],[-83.48557,32.40421],[-83.48414,32.40577],[-83.48274,32.40918],[-83.48292,32.41817],[-83.48554,32.42191],[-83.48246,32.42515],[-83.48827,32.42673],[-83.4877,32.4295],[-83.49137,32.43256],[-83.48805,32.43635],[-83.48778,32.4406],[-83.48973,32.44338],[-83.49765,32.44735],[-83.49793,32.4522],[-83.40885,32.49572],[-83.41206,32.5021],[-83.40353,32.50542],[-83.40004,32.50016],[-83.29782,32.54975]]]},"properties":{"NAME10":"Bleckley","NAMELSAD10":"Bleckley County","GEOID10":"13023"}},{"type":"Feature","geometry":{"type":"Polygon","coordinates":[[[-84.55686,33.52841],[-84.45867,33.55094],[-84.43945,33.55074],[-84.43477,33.54115],[-84.43354,33.52428],[-84.42043,33.50962],[-84.42043,33.494],[-84.40974,33.49392],[-84.39618,33.48496],[-84.39207,33.47939],[-84.38707,33.47645],[-84.38495,33.47134],[-84.38653,33.46736],[-84.38163,33.4629],[-84.38488,33.45857],[-84.38371,33.45512],[-84.38841,33.45141],[-84.38874,33.44794],[-84.3875,33.44605],[-84.38524,33.44724],[-84.38373,33.44443],[-84.39253,33.44452],[-84.39263,33.43641],[-84.4022,33.43637],[-84.40232,33.42013],[-84.39307,33.42006],[-84.39308,33.41202],[-84.38811,33.41166],[-84.38671,33.4098],[-84.38701,33.4046],[-84.38409,33.40248],[-84.38702,33.40082],[-84.38862,33.39606],[-84.39186,33.39654],[-84.39481,33.39437],[-84.39414,33.39121],[-84.39279,33.39095],[-84.39473,33.38862],[-84.38995,33.38604],[-84.39047,33.3819],[-84.38846,33.37919],[-84.38725,33.37993],[-84.38656,33.37596],[-84.39635,33.37334],[-84.39447,33.36975],[-84.39614,33.36857],[-84.39247,33.36661],[-84.39508,33.36026],[-84.38858,33.35634],[-84.38907,33.35365],[-84.38584,33.35028],[-84.38278,33.34314],[-84.38341,33.33897],[-84.38596,33.34126],[-84.38585,33.33892],[-84.38873,33.33935],[-84.38961,33.33717],[-84.38852,33.33578],[-84.39053,33.33439],[-84.38903,33.33189],[-84.3866,33.33143],[-84.38443,33.32413],[-84.38553,33.32172],[-84.38403,33.31962],[-84.38884,33.31538],[-84.39326,33.31687],[-84.39281,33.30807],[-84.39451,33.3077],[-84.39489,33.30411],[-84.39704,33.30158],[-84.39839,33.30143],[-84.3985,33.30424],[-84.40273,33.30545],[-84.40838,33.29843],[-84.4086,33.29406],[-84.41285,33.29459],[-84.41332,33.29233],[-84.4191,33.29356],[-84.41847,33.29189],[-84.42043,33.29076],[-84.41911,33.28727],[-84.42289,33.28646],[-84.42646,33.27893],[-84.42925,33.27677],[-84.42851,33.27569],[-84.4308,33.27583],[-84.42998,33.27293],[-84.43177,33.27172],[-84.43042,33.26851],[-84.43132,33.26317],[-84.43283,33.26339],[-84.43338,33.26162],[-84.43291,33.25651],[-84.49753,33.25743],[-84.50053,33.25943],[-84.5022,33.26152],[-84.50015,33.26504],[-84.50387,33.27005],[-84.50307,33.27285],[-84.50628,33.27446],[-84.50751,33.27845],[-84.50443,33.28098],[-84.50619,33.28292],[-84.50854,33.28104],[-84.51128,33.28202],[-84.51258,33.28087],[-84.51287,33.28639],[-84.51749,33.29317],[-84.51708,33.296],[-84.51862,33.29702],[-84.51552,33.30007],[-84.51468,33.30368],[-84.52007,33.3085],[-84.52043,33.31265],[-84.52191,33.31327],[-84.51794,33.31579],[-84.51825,33.31834],[-84.52651,33.32157],[-84.52819,33.32695],[-84.53044,33.32842],[-84.53164,33.32763],[-84.53515,33.33136],[-84.5345,33.33562],[-84.54131,33.33563],[-84.54474,33.33891],[-84.54911,33.33836],[-84.5522,33.34197],[-84.56052,33.34061],[-84.57128,33.34854],[-84.57701,33.35857],[-84.58186,33.35662],[-84.58613,33.35795],[-84.58648,33.36456],[-84.58998,33.36982],[-84.5928,33.37959],[-84.59481,33.38232],[-84.5973,33.38139],[-84.59795,33.38567],[-84.60108,33.38691],[-84.6066,33.39196],[-84.6062,33.39319],[-84.60884,33.3931],[-84.60666,33.39538],[-84.61019,33.39778],[-84.60912,33.40041],[-84.61395,33.40296],[-84.61657,33.41268],[-84.61956,33.41756],[-84.61954,33.42338],[-84.62338,33.43518],[-84.62722,33.44008],[-84.62615,33.44729],[-84.62434,33.44893],[-84.62672,33.45087],[-84.62712,33.4604],[-84.62515,33.46252],[-84.62656,33.46477],[-84.6233,33.46829],[-84.62598,33.47457],[-84.6251,33.47821],[-84.6181,33.483],[-84.61106,33.50023],[-84.60727,33.50457],[-84.60718,33.50911],[-84.60446,33.51231],[-84.59968,33.51253],[-84.59474,33.51871],[-84.55686,33.52841]]]},"properties":{"NAME10":"Fayette","NAMELSAD10":"Fayette County","GEOID10":"13113"}},{"type":"Feature","geometry":{"type":"Polygon","coordinates":[[[-82.47443,33.24746],[-82.43196,33.27484],[-82.38383,33.31211],[-82.37168,33.31089],[-82.3495,33.31329],[-82.33278,33.30869],[-82.32422,33.30317],[-82.32225,33.30018],[-82.31154,33.29715],[-82.30129,33.28831],[-82.2978,33.28268],[-82.29654,33.27685],[-82.28651,33.27414],[-82.27552,33.2681],[-82.26245,33.26567],[-82.249,33.25266],[-82.2462,33.24788],[-82.24701,33.24587],[-82.24082,33.23933],[-82.24115,33.23332],[-82.23256,33.23122],[-82.233,33.22772],[-82.24461,33.20568],[-82.26684,33.15312],[-82.28106,33.11036],[-82.29118,33.06298],[-82.28799,33.03739],[-82.28189,33.00824],[-82.27236,32.9378],[-82.29147,32.88846],[-82.31652,32.83578],[-82.31949,32.84019],[-82.32185,32.83947],[-82.32663,32.84124],[-82.32975,32.83635],[-82.33265,32.83634],[-82.33531,32.83324],[-82.34047,32.83308],[-82.34693,32.82698],[-82.35482,32.82729],[-82.36186,32.8207],[-82.36154,32.81656],[-82.36284,32.81592],[-82.36883,32.81462],[-82.37577,32.81593],[-82.38815,32.81527],[-82.3919,32.81757],[-82.40028,32.81306],[-82.40885,32.81509],[-82.41901,32.81117],[-82.41903,32.801],[-82.4135,32.7983],[-82.41089,32.79266],[-82.40896,32.7916],[-82.40906,32.78424],[-82.40231,32.78239],[-82.39957,32.78371],[-82.39835,32.77725],[-82.41057,32.76847],[-82.41389,32.77022],[-82.41827,32.77007],[-82.43008,32.76146],[-82.45376,32.76636],[-82.47325,32.77756],[-82.48856,32.79356],[-82.50222,32.80092],[-82.50946,32.80756],[-82.52106,32.82236],[-82.52596,32.83356],[-82.52296,32.86486],[-82.51806,32.86796],[-82.51085,32.91776],[-82.53936,32.94776],[-82.55023,33.01936],[-82.55609,33.01406],[-82.5592,33.01419],[-82.56044,33.01745],[-82.56436,33.0188],[-82.56448,33.02033],[-82.56655,33.02124],[-82.56881,33.01975],[-82.57782,33.02438],[-82.57592,33.02619],[-82.57976,33.03002],[-82.58487,33.02967],[-82.58571,33.0315],[-82.5893,33.03116],[-82.59251,33.03408],[-82.59811,33.032],[-82.60026,33.03284],[-82.59913,33.03398],[-82.60003,33.03703],[-82.60223,33.03709],[-82.60138,33.03869],[-82.60435,33.04554],[-82.60732,33.04506],[-82.61023,33.04977],[-82.61827,33.05158],[-82.61698,33.05467],[-82.61583,33.0538],[-82.61342,33.05574],[-82.61291,33.06101],[-82.61527,33.063],[-82.61763,33.06118],[-82.61838,33.06247],[-82.62804,33.06434],[-82.62893,33.06586],[-82.62699,33.07267],[-82.63511,33.07661],[-82.63756,33.07981],[-82.63721,33.08224],[-82.64157,33.0844],[-82.63968,33.08785],[-82.6407,33.09061],[-82.63956,33.09002],[-82.63723,33.09352],[-82.63811,33.10071],[-82.64752,33.10206],[-82.64742,33.10369],[-82.64967,33.10466],[-82.64895,33.10646],[-82.65069,33.11005],[-82.65237,33.1105],[-82.65199,33.11541],[-82.65756,33.11803],[-82.65917,33.12383],[-82.66214,33.12579],[-82.65194,33.12606],[-82.64185,33.12127],[-82.64019,33.12552],[-82.60439,33.12362],[-82.60114,33.12491],[-82.59802,33.12349],[-82.5891,33.12356],[-82.58251,33.11889],[-82.57882,33.11985],[-82.57951,33.12192],[-82.577,33.12643],[-82.57946,33.13006],[-82.57742,33.1317],[-82.57991,33.13447],[-82.57784,33.13829],[-82.57984,33.14093],[-82.57813,33.14598],[-82.57425,33.14839],[-82.5739,33.15392],[-82.57633,33.15836],[-82.58331,33.16082],[-82.58212,33.1649],[-82.58495,33.17146],[-82.47443,33.24746]]]},"properties":{"NAME10":"Jefferson","NAMELSAD10":"Jefferson County","GEOID10":"13163"}},{"type":"Feature","geometry":{"type":"Polygon","coordinates":[[[-84.90492,31.07234],[-84.73086,31.0692],[-84.73162,31.05009],[-84.74227,31.0501],[-84.74231,31.04093],[-84.75295,31.04122],[-84.75592,30.88528],[-84.7669,30.88532],[-84.76688,30.87635],[-84.76952,30.8764],[-84.76972,30.84369],[-84.77133,30.8425],[-84.76892,30.83689],[-84.77032,30.83539],[-84.77311,30.8361],[-84.77272,30.83309],[-84.77832,30.82779],[-84.78252,30.82749],[-84.78241,30.82544],[-84.78532,30.82359],[-84.78453,30.81849],[-84.78922,30.81639],[-84.78992,30.81349],[-84.78812,30.81259],[-84.78872,30.80909],[-84.78692,30.80519],[-84.78792,30.80019],[-84.79232,30.80189],[-84.79292,30.80079],[-84.80102,30.80139],[-84.80622,30.79649],[-84.8078,30.78974],[-84.81392,30.7814],[-84.81792,30.7832],[-84.82082,30.7819],[-84.82082,30.77941],[-84.82213,30.7803],[-84.82853,30.7786],[-84.82873,30.7774],[-84.83633,30.7789],[-84.83963,30.7764],[-84.84043,30.7722],[-84.84553,30.7734],[-84.84993,30.7722],[-84.85083,30.7684],[-84.84933,30.7668],[-84.85183,30.7635],[-84.85593,30.7622],[-84.85953,30.7636],[-84.86113,30.762],[-84.86143,30.7574],[-84.85953,30.75288],[-84.86553,30.7506],[-84.86754,30.74768],[-84.87133,30.73246],[-84.86333,30.71808],[-84.86347,30.7115],[-84.8647,30.71155],[-84.87132,30.72379],[-84.88383,30.7326],[-84.88753,30.7418],[-84.89613,30.7506],[-84.90193,30.7519],[-84.90733,30.7506],[-84.91353,30.7523],[-84.91503,30.7612],[-84.92013,30.766],[-84.91803,30.7721],[-84.91803,30.7781],[-84.92833,30.7931],[-84.92833,30.8051],[-84.93743,30.82089],[-84.93482,30.83586],[-84.93214,30.8383],[-84.92709,30.83903],[-84.92567,30.84269],[-84.92783,30.84789],[-84.93323,30.85149],[-84.93613,30.85699],[-84.93643,30.85979],[-84.93233,30.86429],[-84.93983,30.87259],[-84.93443,30.88359],[-84.94253,30.88849],[-84.95613,30.90759],[-84.96673,30.91729],[-84.97103,30.92819],[-84.98313,30.93479],[-84.98303,30.94259],[-84.97953,30.95559],[-84.98013,30.96129],[-84.98253,30.96559],[-84.98722,30.96855],[-84.99993,30.97119],[-85.00574,30.97591],[-85.00594,30.97981],[-85.00239,30.98784],[-85.0025,31.00069],[-84.99943,31.01385],[-85.00455,31.01919],[-85.00506,31.02471],[-85.00941,31.03238],[-85.00858,31.04407],[-85.0114,31.05355],[-85.01815,31.05926],[-85.02858,31.07459],[-85.01611,31.07539],[-84.90492,31.07234]]]},"properties":{"NAME10":"Seminole","NAMELSAD10":"Seminole County","GEOID10":"13253"}},{"type":"Feature","geometry":{"type":"Polygon","coordinates":[[[-81.65427,30.74436],[-81.66084,30.74235],[-81.66301,30.7435],[-81.66356,30.74571],[-81.65974,30.75033],[-81.66107,30.75346],[-81.66335,30.75441],[-81.66956,30.75171],[-81.67907,30.75091],[-81.6831,30.7485],[-81.68278,30.74597],[-81.67991,30.7447],[-81.67349,30.74856],[-81.67084,30.7474],[-81.66884,30.74252],[-81.6725,30.7388],[-81.67942,30.74153],[-81.68916,30.74164],[-81.6939,30.74848],[-81.70209,30.74548],[-81.70912,30.74798],[-81.72013,30.74472],[-81.73206,30.74982],[-81.73322,30.75128],[-81.73186,30.755],[-81.7422,30.75926],[-81.74076,30.76501],[-81.75521,30.76901],[-81.75903,30.77161],[-81.76124,30.77553],[-81.76935,30.77711],[-81.77131,30.77632],[-81.77021,30.77388],[-81.77356,30.76801],[-81.77157,30.76415],[-81.78248,30.76139],[-81.78357,30.7627],[-81.78276,30.76662],[-81.7867,30.76981],[-81.78379,30.77334],[-81.79135,30.78281],[-81.79287,30.78716],[-81.79713,30.78504],[-81.79597,30.78213],[-81.79718,30.78147],[-81.80189,30.78688],[-81.80745,30.79012],[-81.81949,30.78989],[-81.8238,30.78682],[-81.83001,30.78937],[-81.83948,30.78659],[-81.84188,30.78757],[-81.84027,30.7926],[-81.84587,30.79076],[-81.85269,30.7949],[-81.86837,30.79286],[-81.87114,30.79805],[-81.88267,30.80029],[-81.88214,30.80484],[-81.88453,30.8076],[-81.88472,30.81143],[-81.89144,30.81659],[-81.89215,30.82507],[-81.89554,30.82529],[-81.90125,30.82989],[-81.90487,30.82826],[-81.89212,30.91001],[-81.89408,30.9054],[-81.89628,30.90482],[-81.89944,30.90865],[-81.90622,30.9088],[-81.90137,30.91305],[-81.90216,30.915],[-81.9077,30.91386],[-81.91243,30.90996],[-81.91552,30.91347],[-81.9109,30.92475],[-81.90065,30.94013],[-81.89913,30.94567],[-81.89284,30.95052],[-81.8919,30.96025],[-81.90352,30.96602],[-81.90163,30.96918],[-81.90721,30.97143],[-81.9065,30.97533],[-81.91085,30.97248],[-81.91347,30.97456],[-81.91758,30.98586],[-81.91729,30.98779],[-81.9138,30.98849],[-81.91548,30.99078],[-81.91244,30.99154],[-81.91455,30.99609],[-81.91294,30.99423],[-81.90849,30.99435],[-81.90736,30.99582],[-81.90673,31.00028],[-81.91165,31.0036],[-81.90955,31.00364],[-81.90918,31.00599],[-81.91105,31.00735],[-81.90878,31.00835],[-81.91146,31.01095],[-81.90916,31.01138],[-81.90828,31.01399],[-81.91025,31.01613],[-81.9072,31.01658],[-81.90568,31.01883],[-81.90676,31.02054],[-81.90403,31.02111],[-81.90413,31.02475],[-81.90683,31.02323],[-81.90854,31.0241],[-81.90782,31.02627],[-81.90583,31.02641],[-81.90667,31.02872],[-81.90263,31.02842],[-81.9063,31.03081],[-81.9041,31.03354],[-81.90626,31.03525],[-81.9047,31.03719],[-81.90637,31.04001],[-81.91153,31.04324],[-81.91638,31.04193],[-81.91784,31.04498],[-81.91884,31.04236],[-81.92324,31.04257],[-81.92624,31.04628],[-81.9291,31.04558],[-81.92852,31.04804],[-81.93583,31.04762],[-81.93221,31.04916],[-81.93674,31.05109],[-81.9318,31.05646],[-81.93693,31.0605],[-81.93176,31.06404],[-81.92932,31.06102],[-81.92608,31.06123],[-81.92735,31.07932],[-81.92445,31.08139],[-81.92369,31.08843],[-81.91911,31.08926],[-81.92125,31.09198],[-81.91826,31.0919],[-81.91589,31.09529],[-81.91271,31.09368],[-81.91349,31.09574],[-81.91118,31.09707],[-81.88958,31.10081],[-81.88103,31.09853],[-81.84067,31.09767],[-81.83793,31.10308],[-81.83294,31.1081],[-81.83197,31.11638],[-81.82467,31.12444],[-81.81882,31.13678],[-81.80147,31.1512],[-81.79068,31.14604],[-81.78822,31.15217],[-81.76633,31.1696],[-81.7629,31.16573],[-81.76473,31.15797],[-81.76246,31.15327],[-81.75414,31.15027],[-81.73802,31.15166],[-81.72229,31.14872],[-81.71144,31.13734],[-81.7007,31.13322],[-81.68623,31.12242],[-81.66208,31.12555],[-81.65722,31.12311],[-81.65821,31.12138],[-81.65187,31.1209],[-81.64715,31.11528],[-81.64199,31.11792],[-81.63288,31.1078],[-81.62544,31.11473],[-81.6204,31.11703],[-81.61685,31.11701],[-81.60977,31.11289],[-81.60018,31.11586],[-81.59386,31.11557],[-81.58924,31.1183],[-81.58371,31.1154],[-81.58022,31.11545],[-81.577,31.11771],[-81.57469,31.12525],[-81.57172,31.12828],[-81.56636,31.13059],[-81.56261,31.13029],[-81.55899,31.12748],[-81.55793,31.12137],[-81.56409,31.1055],[-81.57231,31.09868],[-81.57196,31.09419],[-81.56472,31.09166],[-81.5563,31.08061],[-81.55287,31.08038],[-81.54263,31.08407],[-81.53456,31.08152],[-81.53128,31.0771],[-81.52971,31.06642],[-81.52657,31.0632],[-81.50856,31.05751],[-81.49267,31.05465],[-81.48972,31.05006],[-81.48675,31.03568],[-81.48381,31.03308],[-81.47892,31.03219],[-81.4569,31.0372],[-81.45253,31.0364],[-81.44508,31.02941],[-81.44278,31.01423],[-81.44023,31.00841],[-81.43076,30.9942],[-81.4269,30.99164],[-81.30644,30.99065],[-81.30478,30.98572],[-81.30484,30.97078],[-81.30731,30.96223],[-81.31213,30.95446],[-81.3256,30.94174],[-81.33323,30.93659],[-81.34521,30.93151],[-81.35021,30.88911],[-81.35886,30.86752],[-81.36335,30.85056],[-81.36269,30.84593],[-81.37481,30.81738],[-81.38633,30.80138],[-81.40049,30.76643],[-81.39131,30.76467],[-81.37481,30.75749],[-81.35915,30.74432],[-81.3514,30.73088],[-81.35025,30.72141],[-81.34702,30.71245],[-81.40418,30.71244],[-81.40371,30.70982],[-81.45124,30.70949],[-81.47412,30.71392],[-81.48483,30.72512],[-81.48847,30.72631],[-81.50989,30.72262],[-81.5323,30.7241],[-81.5345,30.72008],[-81.53401,30.71145],[-81.53839,30.70866],[-81.54283,30.71114],[-81.54602,30.71695],[-81.54838,30.71828],[-81.56143,30.71168],[-81.56346,30.71343],[-81.56351,30.71752],[-81.57422,30.72251],[-81.58769,30.72364],[-81.59266,30.71891],[-81.59618,30.71867],[-81.59738,30.72023],[-81.59654,30.72748],[-81.60189,30.72959],[-81.60584,30.72727],[-81.60605,30.71868],[-81.60909,30.71583],[-81.61193,30.71721],[-81.61417,30.72236],[-81.62298,30.72347],[-81.62344,30.72556],[-81.62068,30.73096],[-81.62437,30.73635],[-81.62833,30.7354],[-81.62883,30.72931],[-81.63044,30.72809],[-81.63269,30.7286],[-81.63662,30.73394],[-81.64359,30.72821],[-81.64854,30.72743],[-81.65216,30.72888],[-81.65409,30.7331],[-81.65151,30.74096],[-81.65427,30.74436]]]},"properties":{"NAME10":"Camden","NAMELSAD10":"Camden County","GEOID10":"13039"}},{"type":"Feature","geometry":{"type":"Polygon","coordinates":[[[-81.55835,31.12043],[-81.55921,31.1278],[-81.56261,31.13029],[-81.56636,31.13059],[-81.57319,31.127],[-81.577,31.11771],[-81.58022,31.11545],[-81.58371,31.1154],[-81.58924,31.1183],[-81.59386,31.11557],[-81.60018,31.11586],[-81.60977,31.11289],[-81.61685,31.11701],[-81.6204,31.11703],[-81.62544,31.11473],[-81.63288,31.1078],[-81.64199,31.11792],[-81.64715,31.11528],[-81.65187,31.1209],[-81.65821,31.12138],[-81.65722,31.12311],[-81.66208,31.12555],[-81.68623,31.12242],[-81.7007,31.13322],[-81.71144,31.13734],[-81.72229,31.14872],[-81.73802,31.15166],[-81.75414,31.15027],[-81.76246,31.15327],[-81.76473,31.15797],[-81.7629,31.16573],[-81.76608,31.16955],[-81.77576,31.1645],[-81.78074,31.16518],[-81.78221,31.16701],[-81.78239,31.17251],[-81.77596,31.17649],[-81.76688,31.20149],[-81.7644,31.22316],[-81.75867,31.23786],[-81.74992,31.27457],[-81.74674,31.28227],[-81.7374,31.28965],[-81.73369,31.29728],[-81.73253,31.30246],[-81.733,31.32579],[-81.7317,31.33005],[-81.72502,31.32711],[-81.70671,31.34941],[-81.70023,31.36036],[-81.69807,31.36782],[-81.70478,31.37492],[-81.70086,31.38517],[-81.69199,31.40053],[-81.66484,31.39973],[-81.62581,31.45303],[-81.62429,31.45299],[-81.6249,31.45068],[-81.62292,31.44915],[-81.6166,31.44624],[-81.61139,31.44614],[-81.60686,31.43883],[-81.61134,31.43531],[-81.60528,31.43132],[-81.60461,31.42556],[-81.59707,31.4212],[-81.59342,31.41561],[-81.58676,31.41616],[-81.58896,31.41051],[-81.58352,31.40918],[-81.58013,31.40564],[-81.57758,31.39944],[-81.55912,31.3876],[-81.54932,31.38711],[-81.54621,31.38554],[-81.54544,31.38142],[-81.55144,31.37812],[-81.55098,31.37572],[-81.54244,31.37828],[-81.53709,31.3772],[-81.5354,31.37558],[-81.53646,31.37236],[-81.53499,31.36824],[-81.52592,31.36617],[-81.5175,31.35675],[-81.50397,31.35489],[-81.49553,31.34796],[-81.49185,31.34722],[-81.49334,31.34352],[-81.48972,31.34488],[-81.48932,31.34184],[-81.48587,31.3426],[-81.48477,31.33964],[-81.48171,31.33995],[-81.48316,31.33711],[-81.48129,31.33594],[-81.47901,31.33755],[-81.47836,31.33428],[-81.47676,31.33544],[-81.47803,31.33825],[-81.47505,31.33931],[-81.47396,31.33334],[-81.47097,31.33302],[-81.47251,31.33836],[-81.46941,31.33961],[-81.45337,31.32632],[-81.4467,31.3283],[-81.44114,31.33207],[-81.43703,31.33159],[-81.43504,31.32931],[-81.43754,31.31854],[-81.43588,31.31327],[-81.42545,31.31105],[-81.4152,31.30573],[-81.41278,31.30632],[-81.4094,31.311],[-81.40438,31.30925],[-81.40401,31.30627],[-81.41224,31.29568],[-81.40865,31.29118],[-81.403,31.29246],[-81.3976,31.30422],[-81.38719,31.31489],[-81.38211,31.31737],[-81.36959,31.31872],[-81.35657,31.3138],[-81.33786,31.31299],[-81.33219,31.30611],[-81.31603,31.30889],[-81.30518,31.29707],[-81.29579,31.29168],[-81.27772,31.29433],[-81.18372,31.29429],[-81.18257,31.269],[-81.18612,31.25024],[-81.18768,31.24626],[-81.20246,31.22768],[-81.20914,31.21313],[-81.21627,31.20466],[-81.22512,31.18324],[-81.23434,31.17026],[-81.24791,31.16082],[-81.26697,31.15704],[-81.29215,31.15542],[-81.29642,31.15189],[-81.29273,31.14283],[-81.29401,31.13567],[-81.28987,31.13116],[-81.28653,31.11669],[-81.28632,31.10309],[-81.2902,31.0935],[-81.29788,31.08096],[-81.31364,31.06786],[-81.32618,31.06267],[-81.34531,31.05937],[-81.35342,31.03713],[-81.3445,31.01812],[-81.33795,31.01632],[-81.32041,31.00652],[-81.31303,31.00024],[-81.30644,30.99065],[-81.4269,30.99164],[-81.43076,30.9942],[-81.44023,31.00841],[-81.44278,31.01423],[-81.44508,31.02941],[-81.45253,31.0364],[-81.4569,31.0372],[-81.47892,31.03219],[-81.48381,31.03308],[-81.48675,31.03568],[-81.48972,31.05006],[-81.49267,31.05465],[-81.50856,31.05751],[-81.52657,31.0632],[-81.52971,31.06642],[-81.53128,31.0771],[-81.53456,31.08152],[-81.54263,31.08407],[-81.55287,31.08038],[-81.5563,31.08061],[-81.56472,31.09166],[-81.57196,31.09419],[-81.57231,31.09868],[-81.56409,31.1055],[-81.55835,31.12043]]]},"properties":{"NAME10":"Glynn","NAMELSAD10":"Glynn County","GEOID10":"13127"}},{"type":"Feature","geometry":{"type":"Polygon","coordinates":[[[-84.96289,33.98951],[-84.97869,33.9514],[-85.04984,33.95264],[-85.05031,33.90449],[-85.21278,33.90631],[-85.2128,33.89922],[-85.38659,33.90173],[-85.42186,34.08083],[-85.25807,34.07914],[-85.25763,34.10067],[-85.21004,34.10032],[-85.21004,34.09763],[-85.15737,34.09727],[-85.15753,34.08347],[-85.12248,34.08315],[-85.12196,34.09676],[-85.09033,34.09665],[-85.04688,34.09642],[-85.04705,34.08289],[-84.93909,34.08256],[-84.93905,34.0784],[-84.93005,34.0782],[-84.92995,34.0826],[-84.92275,34.0825],[-84.92875,34.0717],[-84.96289,33.98951]]]},"properties":{"NAME10":"Polk","NAMELSAD10":"Polk County","GEOID10":"13233"}},{"type":"Feature","geometry":{"type":"Polygon","coordinates":[[[-83.65341,33.50795],[-83.6822,33.52623],[-83.67764,33.57155],[-83.68145,33.57792],[-83.68707,33.58228],[-83.68577,33.58502],[-83.68739,33.58857],[-83.53694,33.7784],[-83.52639,33.79613],[-83.52309,33.79733],[-83.51359,33.80663],[-83.50593,33.81777],[-83.5011,33.8168],[-83.50151,33.81328],[-83.49926,33.81456],[-83.4965,33.813],[-83.49255,33.80743],[-83.49262,33.80521],[-83.49107,33.80615],[-83.48764,33.80471],[-83.48575,33.80728],[-83.48331,33.80573],[-83.48329,33.80258],[-83.47953,33.80227],[-83.48297,33.79996],[-83.48137,33.79706],[-83.47527,33.79842],[-83.47582,33.79608],[-83.47778,33.79603],[-83.47856,33.79219],[-83.47341,33.78977],[-83.47429,33.78707],[-83.47077,33.78443],[-83.47065,33.78019],[-83.46501,33.77456],[-83.46171,33.77401],[-83.45816,33.76848],[-83.45952,33.76551],[-83.45474,33.75861],[-83.45362,33.74883],[-83.45057,33.74734],[-83.45278,33.74215],[-83.45036,33.73479],[-83.44688,33.73312],[-83.44528,33.72254],[-83.43992,33.71918],[-83.43456,33.71922],[-83.43122,33.7155],[-83.42401,33.71541],[-83.42416,33.71275],[-83.41946,33.70919],[-83.41805,33.70443],[-83.41166,33.70359],[-83.40492,33.69674],[-83.40081,33.69622],[-83.39988,33.69119],[-83.39492,33.69052],[-83.3964,33.68659],[-83.39502,33.6837],[-83.38865,33.67893],[-83.38699,33.67282],[-83.38296,33.67015],[-83.38403,33.66624],[-83.37949,33.66052],[-83.37583,33.65983],[-83.37453,33.6563],[-83.37074,33.65605],[-83.36917,33.65372],[-83.37055,33.65053],[-83.36752,33.64887],[-83.36882,33.64728],[-83.36513,33.64437],[-83.36573,33.64009],[-83.36238,33.63977],[-83.36438,33.63547],[-83.35968,33.6278],[-83.35955,33.62234],[-83.35762,33.61998],[-83.35443,33.62008],[-83.35445,33.61796],[-83.34972,33.61426],[-83.34687,33.6005],[-83.34887,33.59729],[-83.34256,33.59599],[-83.33784,33.59735],[-83.33921,33.59458],[-83.33726,33.59427],[-83.33622,33.5884],[-83.33079,33.58327],[-83.32626,33.58415],[-83.32624,33.5799],[-83.32317,33.57995],[-83.32036,33.57432],[-83.31722,33.57341],[-83.31743,33.57037],[-83.31327,33.56766],[-83.3123,33.56417],[-83.31057,33.56295],[-83.30835,33.56458],[-83.3058,33.56246],[-83.30323,33.56312],[-83.30362,33.55502],[-83.30181,33.55565],[-83.2951,33.55229],[-83.28659,33.54268],[-83.28048,33.54295],[-83.27835,33.54456],[-83.27381,33.54079],[-83.26922,33.53323],[-83.27027,33.53117],[-83.27673,33.52855],[-83.28031,33.52339],[-83.2801,33.5169],[-83.2836,33.51028],[-83.28311,33.50337],[-83.27681,33.4942],[-83.2802,33.48736],[-83.27993,33.48344],[-83.40382,33.461],[-83.53374,33.43448],[-83.58682,33.46558],[-83.65341,33.50795]]]},"properties":{"NAME10":"Morgan","NAMELSAD10":"Morgan County","GEOID10":"13211"}},{"type":"Feature","geometry":{"type":"Polygon","coordinates":[[[-84.69431,32.64743],[-84.69385,32.68578],[-84.70317,32.6862],[-84.7032,32.70072],[-84.69965,32.70094],[-84.69967,32.70825],[-84.69343,32.70811],[-84.69325,32.72264],[-84.6829,32.72276],[-84.68288,32.73036],[-84.68805,32.73037],[-84.68792,32.73876],[-84.69306,32.73882],[-84.69243,32.8294],[-84.70054,32.84465],[-84.57067,32.84519],[-84.50706,32.87747],[-84.50689,32.88179],[-84.49765,32.88357],[-84.4755,32.87633],[-84.47623,32.87141],[-84.48985,32.86141],[-84.49009,32.85691],[-84.48306,32.85226],[-84.48087,32.85209],[-84.47646,32.85607],[-84.46731,32.85301],[-84.4588,32.84125],[-84.45665,32.82867],[-84.44837,32.82503],[-84.44273,32.82521],[-84.43252,32.83866],[-84.42118,32.83881],[-84.42011,32.83648],[-84.41491,32.83454],[-84.40837,32.82643],[-84.40863,32.82196],[-84.40176,32.81605],[-84.40288,32.81269],[-84.39688,32.80584],[-84.3958,32.80037],[-84.39232,32.79463],[-84.39102,32.78696],[-84.3864,32.78636],[-84.3858,32.78326],[-84.38255,32.78029],[-84.3697,32.77618],[-84.36304,32.77818],[-84.35558,32.77357],[-84.35446,32.77554],[-84.35722,32.78259],[-84.35212,32.78324],[-84.34485,32.77582],[-84.33975,32.76274],[-84.33614,32.75971],[-84.33235,32.7596],[-84.32881,32.76212],[-84.32512,32.76239],[-84.31615,32.75554],[-84.3014,32.76134],[-84.2997,32.75603],[-84.29073,32.75384],[-84.28625,32.74763],[-84.28895,32.74281],[-84.28875,32.73616],[-84.29341,32.73396],[-84.30414,32.73371],[-84.32227,32.72117],[-84.33794,32.72065],[-84.33889,32.67905],[-84.36425,32.67937],[-84.37383,32.64676],[-84.37094,32.6479],[-84.37462,32.63736],[-84.37844,32.63181],[-84.39042,32.62249],[-84.39123,32.61935],[-84.40838,32.61051],[-84.40887,32.56193],[-84.49207,32.56196],[-84.49179,32.54833],[-84.50466,32.54822],[-84.50482,32.54183],[-84.53262,32.5427],[-84.53249,32.54983],[-84.53669,32.54999],[-84.54207,32.54991],[-84.54222,32.54258],[-84.55096,32.54273],[-84.55089,32.54929],[-84.55383,32.54874],[-84.56251,32.54462],[-84.56603,32.54007],[-84.56639,32.53592],[-84.56126,32.53504],[-84.56141,32.52806],[-84.57051,32.52821],[-84.57392,32.5255],[-84.57784,32.52573],[-84.58535,32.52277],[-84.59765,32.5246],[-84.60214,32.52942],[-84.60133,32.53155],[-84.60514,32.53515],[-84.61087,32.53483],[-84.62054,32.52965],[-84.62328,32.53164],[-84.63107,32.53175],[-84.63577,32.53494],[-84.64898,32.53496],[-84.64921,32.53348],[-84.65061,32.53435],[-84.65802,32.52877],[-84.66586,32.52764],[-84.67505,32.52007],[-84.6784,32.52025],[-84.67816,32.51892],[-84.6843,32.51908],[-84.68476,32.52059],[-84.69446,32.51865],[-84.68876,32.52259],[-84.6867,32.5276],[-84.67846,32.53367],[-84.67935,32.54493],[-84.67595,32.54791],[-84.67665,32.55004],[-84.67453,32.55258],[-84.67432,32.55661],[-84.6718,32.55778],[-84.67048,32.56167],[-84.66747,32.56395],[-84.69467,32.5637],[-84.69431,32.64743]]]},"properties":{"NAME10":"Talbot","NAMELSAD10":"Talbot County","GEOID10":"13263"}},{"type":"Feature","geometry":{"type":"Polygon","coordinates":[[[-84.36322,32.39766],[-84.35322,32.39776],[-84.35312,32.38506],[-84.34352,32.38496],[-84.34372,32.39776],[-84.32332,32.39786],[-84.32382,32.37246],[-84.25462,32.37206],[-84.25592,32.29616],[-84.21922,32.29506],[-84.22015,32.23116],[-84.18166,32.22971],[-84.18357,32.1585],[-84.26062,32.15917],[-84.26042,32.16607],[-84.26962,32.16617],[-84.26992,32.15927],[-84.27992,32.15927],[-84.27992,32.16377],[-84.43022,32.16626],[-84.43002,32.17426],[-84.42052,32.17436],[-84.42008,32.19168],[-84.42992,32.19417],[-84.42946,32.23216],[-84.41042,32.23186],[-84.41011,32.28946],[-84.41329,32.28949],[-84.41331,32.29754],[-84.38993,32.29724],[-84.39232,32.41405],[-84.38212,32.41425],[-84.38182,32.42805],[-84.36242,32.42805],[-84.36322,32.39766],[-84.37282,32.39755],[-84.37272,32.38936],[-84.36292,32.38946],[-84.36322,32.39766]]]},"properties":{"NAME10":"Schley","NAMELSAD10":"Schley County","GEOID10":"13249"}},{"type":"Feature","geometry":{"type":"Polygon","coordinates":[[[-84.0932,34.80142],[-84.10002,34.80173],[-84.10462,34.7989],[-84.11397,34.79882],[-84.12399,34.79605],[-84.14173,34.80734],[-84.1399,34.81034],[-84.14054,34.81564],[-84.14121,34.81946],[-84.14602,34.82624],[-84.14465,34.82794],[-84.14564,34.83602],[-84.14756,34.83752],[-84.14751,34.84465],[-84.14211,34.85006],[-84.14247,34.85405],[-84.13247,34.8598],[-84.12902,34.86474],[-84.11967,34.86492],[-84.11374,34.87038],[-84.10743,34.8869],[-84.11461,34.88972],[-84.12586,34.90607],[-84.12555,34.90888],[-84.13355,34.91648],[-84.13834,34.91537],[-84.14617,34.91969],[-84.14913,34.91961],[-84.15231,34.92556],[-84.16082,34.92691],[-84.16346,34.93124],[-84.16327,34.93615],[-84.17027,34.93661],[-84.17409,34.94353],[-84.17876,34.94683],[-84.17884,34.95209],[-84.17524,34.95447],[-84.1724,34.95934],[-84.16803,34.96035],[-84.1659,34.96337],[-84.15268,34.97035],[-84.14859,34.97609],[-84.14344,34.97661],[-84.14166,34.97957],[-84.13369,34.9832],[-84.12944,34.98755],[-83.93642,34.98749],[-83.93664,34.98226],[-83.94159,34.97565],[-83.94603,34.97304],[-83.94597,34.97095],[-83.93548,34.96537],[-83.93582,34.96228],[-83.93337,34.9595],[-83.92659,34.95568],[-83.92418,34.94738],[-83.91781,34.94209],[-83.91871,34.94069],[-83.91641,34.93669],[-83.91661,34.93289],[-83.91871,34.92979],[-83.91521,34.92689],[-83.86574,34.91469],[-83.86521,34.91018],[-83.85666,34.90458],[-83.85287,34.89946],[-83.83226,34.89961],[-83.83238,34.90711],[-83.84035,34.90705],[-83.8404,34.90949],[-83.827,34.9109],[-83.8198,34.9139],[-83.8155,34.9098],[-83.8122,34.9088],[-83.8048,34.896],[-83.8054,34.8911],[-83.8091,34.8867],[-83.8121,34.873],[-83.8085,34.8631],[-83.8092,34.8598],[-83.8012,34.8524],[-83.8004,34.8493],[-83.7917,34.8433],[-83.7953,34.8385],[-83.7963,34.8261],[-83.7948,34.8245],[-83.7909,34.8247],[-83.7861,34.82],[-83.7806,34.8184],[-83.78041,34.7929],[-83.81131,34.7861],[-83.82591,34.77851],[-83.82698,34.7729],[-83.82941,34.77079],[-83.82887,34.76825],[-83.83074,34.76591],[-83.82926,34.7619],[-83.82989,34.75822],[-83.82571,34.7492],[-83.82501,34.74369],[-83.82972,34.74038],[-83.83041,34.7359],[-83.82901,34.7317],[-83.83041,34.7301],[-83.8382,34.72901],[-83.84071,34.725],[-83.84331,34.7264],[-83.85051,34.7262],[-83.85641,34.7222],[-83.86231,34.7238],[-83.86361,34.7263],[-83.8698,34.7274],[-83.87743,34.72331],[-83.88581,34.7268],[-83.89311,34.7258],[-83.90011,34.7322],[-83.90631,34.7314],[-83.90981,34.7344],[-83.91837,34.73493],[-83.92151,34.7375],[-83.92541,34.7348],[-83.93601,34.7383],[-83.93901,34.74087],[-83.94725,34.73813],[-83.95397,34.73161],[-83.96341,34.728],[-83.96692,34.7235],[-83.97162,34.7233],[-83.97292,34.7192],[-83.98488,34.71396],[-83.98957,34.7073],[-83.98725,34.7051],[-83.98642,34.7002],[-83.99212,34.6959],[-83.99052,34.6943],[-83.99562,34.68335],[-83.99442,34.6785],[-84.00094,34.6777],[-84.00882,34.67326],[-84.01581,34.67306],[-84.01845,34.67018],[-84.02411,34.67076],[-84.02715,34.66696],[-84.0262,34.66368],[-84.02919,34.66099],[-84.02831,34.65687],[-84.03045,34.65259],[-84.03852,34.65174],[-84.03628,34.64209],[-84.04239,34.64234],[-84.04545,34.64056],[-84.04905,34.64112],[-84.04943,34.6432],[-84.05143,34.64388],[-84.0555,34.64298],[-84.06263,34.64915],[-84.06765,34.64801],[-84.06628,34.65106],[-84.06871,34.65198],[-84.07155,34.65702],[-84.07945,34.65685],[-84.08006,34.65371],[-84.08667,34.65299],[-84.08849,34.65128],[-84.09116,34.65298],[-84.0991,34.65322],[-84.11731,34.65839],[-84.12492,34.66443],[-84.13737,34.66078],[-84.13646,34.65558],[-84.138,34.65288],[-84.14637,34.64657],[-84.14823,34.64584],[-84.15182,34.65128],[-84.15448,34.64846],[-84.15804,34.64825],[-84.10363,34.72784],[-84.09317,34.72779],[-84.0932,34.80142]]]},"properties":{"NAME10":"Union","NAMELSAD10":"Union County","GEOID10":"13291"}},{"type":"Feature","geometry":{"type":"Polygon","coordinates":[[[-83.60948,32.03613],[-83.60855,32.11841],[-83.55102,32.11815],[-83.55083,32.12617],[-83.5415,32.12608],[-83.54163,32.11814],[-83.43566,32.11725],[-83.4356,32.12543],[-83.41655,32.12518],[-83.41644,32.13308],[-83.41309,32.13327],[-83.39698,32.13258],[-83.39715,32.12411],[-83.36112,32.1241],[-83.35421,32.11415],[-83.35067,32.11259],[-83.35349,32.11094],[-83.35313,32.10702],[-83.35667,32.10756],[-83.35775,32.10925],[-83.35887,32.10595],[-83.34828,32.10285],[-83.34686,32.10636],[-83.34196,32.10802],[-83.33732,32.10589],[-83.3311,32.10012],[-83.33088,32.10294],[-83.32456,32.10399],[-83.32316,32.10161],[-83.32521,32.09723],[-83.318,32.08591],[-83.31364,32.08608],[-83.31323,32.0923],[-83.31034,32.09244],[-83.30587,32.0901],[-83.301,32.08357],[-83.30307,32.07746],[-83.30015,32.07662],[-83.29773,32.07955],[-83.29487,32.07877],[-83.29772,32.07377],[-83.30005,32.07385],[-83.30073,32.07548],[-83.30521,32.0733],[-83.30463,32.07097],[-83.29986,32.07031],[-83.30049,32.05567],[-83.30857,32.04977],[-83.30346,32.04379],[-83.29852,32.04185],[-83.29644,32.03853],[-83.29447,32.03875],[-83.29985,32.03262],[-83.29718,32.02726],[-83.2923,32.02828],[-83.28958,32.02638],[-83.28963,32.01843],[-83.29097,32.01792],[-83.29222,32.02098],[-83.29392,32.02081],[-83.29627,32.01687],[-83.29693,32.01125],[-83.2934,32.00544],[-83.2919,32.00533],[-83.2907,32.00784],[-83.28978,32.00576],[-83.29595,32.00172],[-83.28371,32.00291],[-83.28288,32.0013],[-83.28585,31.99819],[-83.28161,31.99863],[-83.27827,31.99504],[-83.28105,31.98933],[-83.28537,31.99167],[-83.28596,31.99376],[-83.28905,31.99177],[-83.2921,31.98364],[-83.28456,31.98423],[-83.28355,31.98125],[-83.28488,31.97592],[-83.2817,31.9738],[-83.2785,31.96809],[-83.27245,31.9648],[-83.26987,31.96034],[-83.26496,31.95811],[-83.26154,31.95208],[-83.24883,31.94867],[-83.24445,31.94501],[-83.24173,31.95247],[-83.23864,31.95024],[-83.23551,31.95073],[-83.236,31.94904],[-83.23895,31.94815],[-83.2388,31.94433],[-83.2406,31.94157],[-83.23029,31.93804],[-83.22668,31.93835],[-83.22848,31.93298],[-83.23076,31.93436],[-83.23252,31.93084],[-83.23111,31.92966],[-83.22833,31.93142],[-83.22539,31.9303],[-83.21943,31.92694],[-83.22033,31.92268],[-83.21413,31.92177],[-83.21423,31.92035],[-83.21861,31.91826],[-83.21839,31.91574],[-83.2156,31.91335],[-83.21529,31.90949],[-83.212,31.9076],[-83.21032,31.90448],[-83.20517,31.9058],[-83.20592,31.89816],[-83.20759,31.89592],[-83.20522,31.89365],[-83.19995,31.89247],[-83.20418,31.89072],[-83.20402,31.88861],[-83.20114,31.88643],[-83.20424,31.88469],[-83.19796,31.88416],[-83.19944,31.87985],[-83.19526,31.87813],[-83.19249,31.87969],[-83.19248,31.87508],[-83.19098,31.87458],[-83.18823,31.87492],[-83.18246,31.87976],[-83.18119,31.87921],[-83.1813,31.87574],[-83.17865,31.87382],[-83.18012,31.87067],[-83.17685,31.86842],[-83.18349,31.85967],[-83.17893,31.85593],[-83.17695,31.84886],[-83.17909,31.84849],[-83.18293,31.85199],[-83.19069,31.8492],[-83.20546,31.84937],[-83.20964,31.84465],[-83.21249,31.84463],[-83.53448,31.84767],[-83.54753,31.84797],[-83.54164,31.85311],[-83.61226,31.8541],[-83.60948,32.03613]]]},"properties":{"NAME10":"Wilcox","NAMELSAD10":"Wilcox County","GEOID10":"13315"}},{"type":"Feature","geometry":{"type":"Polygon","coordinates":[[[-82.38722,31.29711],[-82.38535,31.29731],[-82.38387,31.29123],[-82.37472,31.29023],[-82.36753,31.28586],[-82.36821,31.28385],[-82.3703,31.28409],[-82.36855,31.28261],[-82.36954,31.27734],[-82.36627,31.27371],[-82.36296,31.27306],[-82.36131,31.27442],[-82.35926,31.27261],[-82.3602,31.27137],[-82.36267,31.27213],[-82.3601,31.26699],[-82.35675,31.26548],[-82.35798,31.26335],[-82.35286,31.26092],[-82.35065,31.25542],[-82.34716,31.25571],[-82.34703,31.25403],[-82.34429,31.25467],[-82.34079,31.25249],[-82.33953,31.24851],[-82.33246,31.24499],[-82.33311,31.24168],[-82.31874,31.23705],[-82.31803,31.23155],[-82.31465,31.23124],[-82.31269,31.22837],[-82.31504,31.2279],[-82.31504,31.22596],[-82.30479,31.22637],[-82.30307,31.22474],[-82.29767,31.22472],[-82.29505,31.22663],[-82.28809,31.22581],[-82.28783,31.22352],[-82.28456,31.22445],[-82.28426,31.1922],[-82.25057,31.18225],[-82.23043,31.16859],[-82.20874,31.17094],[-82.20827,31.08477],[-82.16357,31.04856],[-82.1317,31.01072],[-82.41561,31.0136],[-82.41513,30.95251],[-82.42045,30.79523],[-82.17816,30.79096],[-82.14988,30.78434],[-82.21468,30.56856],[-82.41892,30.58177],[-82.4188,30.61314],[-82.43087,30.61285],[-82.43116,30.65143],[-82.42914,30.66411],[-82.42891,30.69032],[-82.43506,30.70353],[-82.43512,30.71657],[-82.41999,30.71664],[-82.42013,30.7292],[-82.43525,30.72915],[-82.43586,30.82007],[-82.49548,30.81956],[-82.49221,30.83257],[-82.49056,30.96317],[-82.52013,30.96314],[-82.52117,30.96714],[-82.5276,30.96977],[-82.53705,30.98573],[-82.54581,30.98972],[-82.54996,30.99643],[-82.55059,31.00086],[-82.55792,31.00219],[-82.57209,31.01027],[-82.57988,31.01074],[-82.58721,31.01765],[-82.59207,31.01849],[-82.68971,31.22138],[-82.69084,31.22337],[-82.70105,31.22322],[-82.69921,31.27811],[-82.68125,31.28529],[-82.67422,31.28383],[-82.66377,31.28809],[-82.66145,31.28563],[-82.65464,31.28616],[-82.65266,31.28389],[-82.65026,31.28386],[-82.64505,31.27822],[-82.63786,31.2777],[-82.63883,31.27451],[-82.63203,31.27335],[-82.62963,31.27473],[-82.62818,31.46936],[-82.49472,31.4687],[-82.49365,31.4429],[-82.48144,31.44308],[-82.48146,31.41754],[-82.41725,31.41712],[-82.41742,31.40499],[-82.40256,31.40484],[-82.40252,31.40001],[-82.40256,31.39087],[-82.41699,31.39087],[-82.41699,31.37886],[-82.40263,31.37878],[-82.40264,31.36499],[-82.38945,31.36491],[-82.39022,31.31074],[-82.38742,31.31075],[-82.38722,31.29711]]]},"properties":{"NAME10":"Ware","NAMELSAD10":"Ware County","GEOID10":"13299"}},{"type":"Feature","geometry":{"type":"Polygon","coordinates":[[[-83.44022,33.92305],[-83.44805,33.92569],[-83.45401,33.92434],[-83.461,33.92663],[-83.46672,33.92623],[-83.46921,33.93114],[-83.47529,33.9289],[-83.49169,33.93246],[-83.49581,33.93024],[-83.50846,33.93124],[-83.53739,33.96592],[-83.49825,33.98754],[-83.50205,33.99121],[-83.50306,33.99958],[-83.50201,33.99644],[-83.49471,33.99739],[-83.4842,33.99277],[-83.38485,34.02974],[-83.39341,34.03426],[-83.39019,34.03612],[-83.38487,34.03781],[-83.38297,34.03439],[-83.37939,34.03515],[-83.37804,34.03185],[-83.36003,34.04058],[-83.32024,34.02603],[-83.29444,34.00809],[-83.2864,34.00717],[-83.28015,34.00363],[-83.27354,34.00666],[-83.26685,34.0046],[-83.26582,34.00642],[-83.26335,34.0063],[-83.25842,33.9991],[-83.26198,33.99836],[-83.269,34.00061],[-83.26918,33.98168],[-83.27556,33.97752],[-83.26742,33.97227],[-83.26574,33.9638],[-83.26955,33.95798],[-83.27915,33.95466],[-83.27772,33.94697],[-83.27542,33.94221],[-83.24086,33.90444],[-83.27594,33.84798],[-83.28903,33.85135],[-83.30185,33.85039],[-83.31243,33.85554],[-83.32008,33.85455],[-83.32669,33.8556],[-83.32539,33.85784],[-83.32779,33.86015],[-83.32457,33.86183],[-83.32476,33.86582],[-83.32933,33.87007],[-83.34439,33.87527],[-83.34547,33.8786],[-83.35246,33.8773],[-83.35281,33.8747],[-83.35995,33.87558],[-83.36625,33.88779],[-83.37341,33.88559],[-83.37904,33.89301],[-83.38491,33.89546],[-83.38248,33.89839],[-83.39081,33.89998],[-83.39347,33.9023],[-83.3943,33.90758],[-83.40222,33.91117],[-83.40292,33.91309],[-83.40488,33.91276],[-83.40618,33.9159],[-83.41552,33.91855],[-83.42022,33.9224],[-83.41889,33.9238],[-83.42194,33.92706],[-83.43068,33.92614],[-83.43557,33.92268],[-83.44022,33.92305]]]},"properties":{"NAME10":"Clarke","NAMELSAD10":"Clarke County","GEOID10":"13059"}},{"type":"Feature","geometry":{"type":"Polygon","coordinates":[[[-83.72684,33.01656],[-83.72264,33.02],[-83.72155,33.02431],[-83.72537,33.03267],[-83.73731,33.04387],[-83.7384,33.04914],[-83.74531,33.05725],[-83.74591,33.06201],[-83.75299,33.06775],[-83.75991,33.07004],[-83.76732,33.07665],[-83.77495,33.08015],[-83.77944,33.08657],[-83.78106,33.09252],[-83.79471,33.10409],[-83.79555,33.11013],[-83.79902,33.11658],[-83.80599,33.12179],[-83.8138,33.12214],[-83.81637,33.12457],[-83.81605,33.13182],[-83.62439,33.16109],[-83.43908,33.18564],[-83.43685,33.18584],[-83.43576,33.1832],[-83.433,33.18321],[-83.42983,33.18577],[-83.41296,33.10523],[-83.35769,32.92615],[-83.40767,32.89783],[-83.51351,32.84487],[-83.51636,32.84719],[-83.52342,32.8413],[-83.56507,32.87717],[-83.57864,32.86515],[-83.59819,32.88784],[-83.6586,32.88784],[-83.66069,32.89606],[-83.6633,32.89874],[-83.68012,32.90476],[-83.69488,32.91577],[-83.69804,32.92158],[-83.69767,32.92724],[-83.70153,32.93804],[-83.70055,32.94398],[-83.70512,32.95022],[-83.71058,32.95224],[-83.70986,32.95625],[-83.70622,32.96099],[-83.7061,32.9644],[-83.70805,32.96662],[-83.71549,32.96936],[-83.71774,32.97301],[-83.72285,32.97638],[-83.72157,32.98765],[-83.72464,32.99358],[-83.72334,32.99742],[-83.71899,33.00109],[-83.7213,33.0046],[-83.72684,33.00755],[-83.72965,33.01357],[-83.72684,33.01656]]]},"properties":{"NAME10":"Jones","NAMELSAD10":"Jones County","GEOID10":"13169"}},{"type":"Feature","geometry":{"type":"Polygon","coordinates":[[[-83.9316,33.65087],[-84.01046,33.56357],[-84.00338,33.56354],[-84.00328,33.55488],[-84.01066,33.55495],[-84.01069,33.56332],[-84.0445,33.52578],[-84.04657,33.53067],[-84.05297,33.5264],[-84.05614,33.52651],[-84.05585,33.53053],[-84.05094,33.53033],[-84.05137,33.53604],[-84.04859,33.5388],[-84.05276,33.54273],[-84.05748,33.54003],[-84.05959,33.54056],[-84.06573,33.54948],[-84.07009,33.54703],[-84.07289,33.54816],[-84.07449,33.55136],[-84.07721,33.55095],[-84.08207,33.55546],[-84.08989,33.55467],[-84.10683,33.56642],[-84.11535,33.56613],[-84.11732,33.56291],[-84.12331,33.56104],[-84.13088,33.56434],[-84.13385,33.56999],[-84.13935,33.57442],[-84.14011,33.58016],[-84.14497,33.58343],[-84.14683,33.58663],[-84.14971,33.5868],[-84.15381,33.59729],[-84.17212,33.62191],[-84.18155,33.62912],[-84.17946,33.63255],[-84.18413,33.64301],[-84.18415,33.64616],[-84.17018,33.64591],[-84.17313,33.64098],[-84.1611,33.6378],[-84.15862,33.64449],[-84.15447,33.64575],[-84.15116,33.63878],[-84.14387,33.63633],[-84.13832,33.63768],[-84.14112,33.63412],[-84.14049,33.63148],[-84.12922,33.63138],[-84.12802,33.62677],[-84.12384,33.62561],[-84.12351,33.62367],[-84.11883,33.62219],[-84.11553,33.6189],[-84.117,33.61721],[-84.1158,33.61467],[-84.05662,33.72661],[-83.98204,33.78606],[-83.91483,33.74421],[-83.91518,33.73933],[-83.91753,33.73711],[-83.91606,33.73118],[-83.9187,33.72377],[-83.91541,33.71857],[-83.91665,33.71641],[-83.91325,33.71259],[-83.9176,33.70833],[-83.92305,33.71116],[-83.92524,33.71019],[-83.92552,33.70624],[-83.9227,33.69784],[-83.92038,33.69146],[-83.91813,33.6895],[-83.92041,33.68558],[-83.92258,33.68509],[-83.92253,33.68146],[-83.92463,33.68089],[-83.9231,33.67898],[-83.9231,33.67386],[-83.92576,33.66463],[-83.92993,33.6589],[-83.9316,33.65087]]]},"properties":{"NAME10":"Rockdale","NAMELSAD10":"Rockdale County","GEOID10":"13247"}},{"type":"Feature","geometry":{"type":"Polygon","coordinates":[[[-85.54251,34.66245],[-85.57647,34.82546],[-85.60517,34.98468],[-85.36392,34.98338],[-85.36464,34.97831],[-85.36935,34.97363],[-85.3746,34.96197],[-85.4184,34.89981],[-85.43371,34.87508],[-85.45057,34.83168],[-85.45041,34.75925],[-85.45936,34.75165],[-85.45948,34.7418],[-85.46196,34.73178],[-85.49053,34.69912],[-85.4908,34.66946],[-85.53409,34.62386],[-85.54251,34.66245]]]},"properties":{"NAME10":"Dade","NAMELSAD10":"Dade County","GEOID10":"13083"}},{"type":"Feature","geometry":{"type":"Polygon","coordinates":[[[-84.81872,34.87696],[-84.82118,34.87674],[-84.82084,34.87933],[-84.82259,34.87871],[-84.82606,34.88208],[-84.82548,34.88423],[-84.82838,34.88653],[-84.82649,34.88912],[-84.82937,34.88921],[-84.83337,34.89684],[-84.82991,34.8955],[-84.83069,34.8983],[-84.82713,34.89859],[-84.82417,34.90185],[-84.83084,34.90657],[-84.83625,34.90713],[-84.83635,34.91252],[-84.84271,34.91813],[-84.83848,34.93095],[-84.83892,34.93334],[-84.8343,34.9399],[-84.83521,34.94292],[-84.83379,34.946],[-84.82617,34.951],[-84.82619,34.95521],[-84.82108,34.95866],[-84.82211,34.96432],[-84.81728,34.9656],[-84.81436,34.97049],[-84.81419,34.98294],[-84.8126,34.98656],[-84.81048,34.98761],[-84.62149,34.98834],[-84.62276,34.85714],[-84.61244,34.8513],[-84.60642,34.84132],[-84.60233,34.83853],[-84.59526,34.8391],[-84.59449,34.84115],[-84.59289,34.84019],[-84.5936,34.83831],[-84.59031,34.83629],[-84.59211,34.83385],[-84.59053,34.83109],[-84.58545,34.82752],[-84.58503,34.8248],[-84.58409,34.82812],[-84.58353,34.82425],[-84.5822,34.8246],[-84.58789,34.81505],[-84.5938,34.81328],[-84.59339,34.80906],[-84.59603,34.80583],[-84.6014,34.80645],[-84.60264,34.79948],[-84.6072,34.79688],[-84.60975,34.79094],[-84.62199,34.78913],[-84.62267,34.78602],[-84.64136,34.77771],[-84.64064,34.77536],[-84.63532,34.77094],[-84.63826,34.76516],[-84.63729,34.7632],[-84.63899,34.75444],[-84.64336,34.75341],[-84.64832,34.74767],[-84.65398,34.73159],[-84.65623,34.73099],[-84.6571,34.72891],[-84.65409,34.64533],[-84.65453,34.58319],[-84.68197,34.58334],[-84.68201,34.58984],[-84.70527,34.59077],[-84.70554,34.59846],[-84.73123,34.59862],[-84.73129,34.61273],[-84.72307,34.61278],[-84.7228,34.60506],[-84.71439,34.6051],[-84.71413,34.61902],[-84.71591,34.62293],[-84.72559,34.62166],[-84.73762,34.62405],[-84.74463,34.62384],[-84.74617,34.6106],[-84.74841,34.60911],[-84.75628,34.61002],[-84.76199,34.6144],[-84.76632,34.61549],[-84.77907,34.61295],[-84.77948,34.60834],[-84.78508,34.6083],[-84.8638,34.6086],[-84.86391,34.61577],[-84.90825,34.6158],[-84.9083,34.63407],[-84.91346,34.63413],[-84.91331,34.63989],[-84.92068,34.64416],[-84.92438,34.65146],[-84.92729,34.66634],[-84.93745,34.66845],[-84.94387,34.67562],[-84.94379,34.68048],[-84.93619,34.67668],[-84.92997,34.67591],[-84.91954,34.68111],[-84.91111,34.6816],[-84.90656,34.67602],[-84.90095,34.66478],[-84.89609,34.66439],[-84.88865,34.66747],[-84.88751,34.678],[-84.89864,34.68175],[-84.90437,34.68521],[-84.9071,34.69067],[-84.91324,34.69551],[-84.92938,34.70259],[-84.93398,34.70718],[-84.93477,34.71096],[-84.93317,34.71307],[-84.92346,34.71618],[-84.89145,34.7049],[-84.88665,34.70881],[-84.88315,34.71477],[-84.86433,34.70751],[-84.85948,34.71455],[-84.85574,34.72397],[-84.86227,34.72547],[-84.87217,34.73186],[-84.87273,34.7341],[-84.87107,34.73782],[-84.86711,34.7394],[-84.86714,34.73499],[-84.86361,34.73364],[-84.85734,34.7367],[-84.85567,34.74086],[-84.85229,34.74057],[-84.85112,34.74212],[-84.85773,34.7453],[-84.85661,34.74868],[-84.85412,34.74891],[-84.85856,34.75617],[-84.86778,34.75575],[-84.86658,34.75817],[-84.86814,34.76019],[-84.86657,34.76178],[-84.86692,34.76684],[-84.87586,34.77205],[-84.87878,34.77906],[-84.87291,34.78248],[-84.87474,34.78751],[-84.87371,34.7894],[-84.86824,34.78453],[-84.86335,34.784],[-84.86152,34.78838],[-84.85566,34.79329],[-84.83893,34.79659],[-84.83801,34.80074],[-84.84199,34.80524],[-84.85825,34.80621],[-84.86293,34.81428],[-84.8549,34.81974],[-84.85668,34.8207],[-84.85575,34.82423],[-84.85184,34.8241],[-84.84895,34.83175],[-84.85147,34.83487],[-84.85551,34.83463],[-84.85191,34.83835],[-84.85313,34.8428],[-84.85055,34.84315],[-84.8444,34.85307],[-84.83692,34.85431],[-84.84249,34.86119],[-84.83896,34.86303],[-84.8362,34.85987],[-84.83143,34.85925],[-84.82552,34.86175],[-84.81916,34.86704],[-84.81797,34.87087],[-84.81872,34.87696]]]},"properties":{"NAME10":"Murray","NAMELSAD10":"Murray County","GEOID10":"13213"}},{"type":"Feature","geometry":{"type":"Polygon","coordinates":[[[-84.72423,33.9036],[-84.72324,33.94736],[-84.73964,33.94761],[-84.73784,34.07941],[-84.62493,34.07741],[-84.62349,34.08144],[-84.61367,34.08114],[-84.61355,34.07722],[-84.51554,34.0753],[-84.51544,34.0787],[-84.51184,34.0786],[-84.51184,34.0752],[-84.41893,34.0733],[-84.41835,34.05291],[-84.41084,34.04928],[-84.41165,34.0431],[-84.40716,34.03632],[-84.40528,34.0373],[-84.40263,34.03567],[-84.40406,34.03246],[-84.40134,34.03002],[-84.40136,34.02433],[-84.39828,34.02228],[-84.39963,34.01904],[-84.39814,34.01658],[-84.40124,34.0144],[-84.3994,34.01026],[-84.40069,34.0081],[-84.39682,34.00812],[-84.39706,34.00605],[-84.39279,33.99985],[-84.38758,33.99695],[-84.38981,33.99509],[-84.38635,33.99264],[-84.37809,33.99048],[-84.37478,33.98663],[-84.37613,33.97656],[-84.37872,33.97266],[-84.38456,33.97059],[-84.38326,33.9634],[-84.41743,33.93231],[-84.43673,33.92263],[-84.43944,33.91714],[-84.44704,33.91107],[-84.4473,33.90791],[-84.44175,33.90022],[-84.44373,33.89492],[-84.44142,33.89016],[-84.4442,33.88742],[-84.44263,33.88381],[-84.44323,33.87871],[-84.45487,33.86667],[-84.45585,33.86334],[-84.45423,33.85891],[-84.45983,33.85321],[-84.45854,33.84861],[-84.46033,33.83895],[-84.45514,33.82881],[-84.45583,33.82581],[-84.45763,33.82451],[-84.46313,33.82711],[-84.46843,33.82741],[-84.47133,33.82591],[-84.48333,33.81471],[-84.49534,33.80841],[-84.50264,33.79941],[-84.51074,33.79281],[-84.53124,33.78181],[-84.53994,33.76951],[-84.55264,33.76241],[-84.57344,33.74551],[-84.57814,33.74351],[-84.57814,33.74581],[-84.61999,33.80155],[-84.62234,33.80201],[-84.6199,33.80503],[-84.72414,33.80618],[-84.72398,33.817],[-84.72519,33.817],[-84.72423,33.9036]]]},"properties":{"NAME10":"Cobb","NAMELSAD10":"Cobb County","GEOID10":"13067"}},{"type":"Feature","geometry":{"type":"Polygon","coordinates":[[[-82.40053,33.50652],[-82.40243,33.51634],[-82.39885,33.51785],[-82.39234,33.52512],[-82.38493,33.52996],[-82.39123,33.53619],[-82.39325,33.53309],[-82.43682,33.54966],[-82.43423,33.56707],[-82.4237,33.57513],[-82.41745,33.58504],[-82.41352,33.58781],[-82.4127,33.5976],[-82.42112,33.59869],[-82.42907,33.60648],[-82.43299,33.60815],[-82.43011,33.61447],[-82.43222,33.61812],[-82.43034,33.61867],[-82.43736,33.62823],[-82.44273,33.63068],[-82.4404,33.63564],[-82.44167,33.63835],[-82.43804,33.64155],[-82.43496,33.64155],[-82.42453,33.64767],[-82.42533,33.65064],[-82.42242,33.65688],[-82.41354,33.65457],[-82.41154,33.66073],[-82.41252,33.66636],[-82.40675,33.66505],[-82.40389,33.67139],[-82.40034,33.67117],[-82.39875,33.66721],[-82.39424,33.66427],[-82.39212,33.66612],[-82.39414,33.67252],[-82.38787,33.67135],[-82.38116,33.67225],[-82.37841,33.67679],[-82.37335,33.67486],[-82.37279,33.68213],[-82.36922,33.68305],[-82.36553,33.6761],[-82.3607,33.67548],[-82.35944,33.6774],[-82.36133,33.68436],[-82.35828,33.68461],[-82.35392,33.68153],[-82.3515,33.68286],[-82.35268,33.69041],[-82.35494,33.69412],[-82.35389,33.69512],[-82.3516,33.6952],[-82.34649,33.69181],[-82.34347,33.68807],[-82.34044,33.68893],[-82.34028,33.69143],[-82.33815,33.69328],[-82.33214,33.69279],[-82.32905,33.69768],[-82.31185,33.69809],[-82.30642,33.70065],[-82.30226,33.69916],[-82.29754,33.69349],[-82.28661,33.69221],[-82.27124,33.68239],[-82.26836,33.68301],[-82.26618,33.68724],[-82.26095,33.68651],[-82.2459,33.68945],[-82.24295,33.69328],[-82.23623,33.69127],[-82.22827,33.68597],[-82.21865,33.68631],[-82.21036,33.66984],[-82.1999,33.66171],[-82.20119,33.6469],[-82.19659,33.63059],[-82.17986,33.61595],[-82.17435,33.61312],[-82.15629,33.60864],[-82.15336,33.60633],[-82.14882,33.5981],[-82.13353,33.59054],[-82.12587,33.59075],[-82.11655,33.59649],[-82.10624,33.59564],[-82.09413,33.58275],[-82.07311,33.57752],[-82.05773,33.56678],[-82.04634,33.56384],[-82.03738,33.55467],[-82.03303,33.54646],[-82.02824,33.54494],[-82.1787,33.43886],[-82.29418,33.35464],[-82.3096,33.36557],[-82.3123,33.37488],[-82.32296,33.38118],[-82.32348,33.3865],[-82.32908,33.39224],[-82.3312,33.39845],[-82.33922,33.40225],[-82.34058,33.40666],[-82.33625,33.41287],[-82.33529,33.41874],[-82.33856,33.42238],[-82.34622,33.42646],[-82.36419,33.45069],[-82.37414,33.45478],[-82.38477,33.46729],[-82.3823,33.47076],[-82.38321,33.47766],[-82.39894,33.4922],[-82.39821,33.50009],[-82.40053,33.50652]]]},"properties":{"NAME10":"Columbia","NAMELSAD10":"Columbia County","GEOID10":"13073"}},{"type":"Feature","geometry":{"type":"Polygon","coordinates":[[[-84.25878,34.15485],[-84.25808,34.33516],[-83.95708,34.33402],[-83.95282,34.33102],[-83.94548,34.32925],[-83.94576,34.32423],[-83.95066,34.32306],[-83.95336,34.31763],[-83.94262,34.30203],[-83.94687,34.29779],[-83.94101,34.2918],[-83.93966,34.29275],[-83.93957,34.29878],[-83.93151,34.29806],[-83.93171,34.29642],[-83.93629,34.29471],[-83.9346,34.28697],[-83.93223,34.285],[-83.93113,34.28633],[-83.93181,34.29074],[-83.92832,34.28979],[-83.92557,34.28638],[-83.92682,34.28007],[-83.94261,34.27477],[-83.95332,34.26905],[-83.95403,34.26687],[-83.95049,34.26188],[-83.95359,34.25324],[-83.95008,34.24787],[-83.94936,34.24051],[-83.96105,34.23266],[-83.97181,34.22814],[-83.97236,34.22598],[-83.97026,34.22275],[-83.96457,34.22155],[-83.96633,34.21665],[-83.96794,34.2152],[-83.97836,34.2136],[-83.98484,34.20022],[-83.98906,34.19574],[-83.9944,34.19373],[-84.00274,34.19583],[-84.00686,34.19234],[-84.01146,34.19103],[-84.02308,34.19478],[-84.02993,34.19533],[-84.04872,34.19123],[-84.05891,34.18199],[-84.05899,34.17687],[-84.06243,34.16821],[-84.07539,34.16295],[-84.07615,34.15811],[-84.08615,34.1477],[-84.08592,34.14181],[-84.09481,34.13223],[-84.09335,34.12625],[-84.09761,34.12285],[-84.09802,34.11879],[-84.10162,34.11644],[-84.10163,34.10509],[-84.11012,34.09805],[-84.10991,34.09255],[-84.11383,34.0852],[-84.11331,34.07663],[-84.11787,34.06745],[-84.11781,34.06532],[-84.11496,34.06525],[-84.11129,34.06264],[-84.1069,34.0553],[-84.10036,34.05327],[-84.0977,34.05066],[-84.11771,34.0512],[-84.13375,34.05718],[-84.14362,34.05499],[-84.15934,34.06258],[-84.16295,34.06635],[-84.17921,34.0697],[-84.18562,34.08259],[-84.19124,34.08676],[-84.206,34.0907],[-84.21376,34.09915],[-84.22117,34.1004],[-84.23026,34.09661],[-84.23541,34.10135],[-84.2541,34.1043],[-84.25535,34.10803],[-84.25894,34.10955],[-84.25878,34.15485]]]},"properties":{"NAME10":"Forsyth","NAMELSAD10":"Forsyth County","GEOID10":"13117"}},{"type":"Feature","geometry":{"type":"Polygon","coordinates":[[[-83.39273,33.03876],[-83.415,33.11284],[-83.42909,33.18536],[-83.41807,33.17731],[-83.4173,33.17904],[-83.41168,33.17915],[-83.40645,33.18527],[-83.4023,33.182],[-83.39147,33.18352],[-83.38808,33.1856],[-83.38753,33.18098],[-83.38074,33.17606],[-83.3753,33.17671],[-83.37426,33.17197],[-83.36859,33.1728],[-83.36355,33.169],[-83.36178,33.17099],[-83.36359,33.17991],[-83.35777,33.17834],[-83.35441,33.17978],[-83.34624,33.17113],[-83.3417,33.16971],[-83.34227,33.17225],[-83.33949,33.17236],[-83.33062,33.1675],[-83.32722,33.17069],[-83.32969,33.17336],[-83.32826,33.17514],[-83.32301,33.1737],[-83.32024,33.16953],[-83.31823,33.16957],[-83.31523,33.17586],[-83.31894,33.17999],[-83.3182,33.18353],[-83.31578,33.18111],[-83.31223,33.18195],[-83.30496,33.18048],[-83.29716,33.18769],[-83.29111,33.19041],[-83.27187,33.18706],[-83.26274,33.18913],[-83.09765,33.15154],[-83.09521,33.14699],[-83.09549,33.14095],[-83.09861,33.13314],[-83.10287,33.13038],[-83.10811,33.13062],[-83.11063,33.1273],[-83.10803,33.11896],[-83.10989,33.11393],[-83.11303,33.11317],[-83.11224,33.11113],[-83.11409,33.10661],[-83.11225,33.10519],[-83.11457,33.10324],[-83.11285,33.09719],[-83.11883,33.08707],[-83.11691,33.08561],[-83.11894,33.08308],[-83.11747,33.07761],[-83.11501,33.07877],[-83.10872,33.07144],[-83.10951,33.06931],[-83.10379,33.06014],[-83.10622,33.05706],[-83.10258,33.05383],[-83.10285,33.05137],[-83.10084,33.04986],[-83.09372,33.05423],[-83.08404,33.06375],[-83.07248,33.06451],[-83.0522,33.08069],[-83.04561,33.07025],[-83.04433,33.06402],[-83.04872,33.05384],[-83.05558,33.04636],[-83.05523,33.03719],[-83.06096,33.03411],[-83.06739,33.02799],[-83.06788,33.0257],[-83.06299,33.01561],[-83.05851,33.01286],[-83.05162,33.00389],[-83.05145,32.99601],[-83.04906,32.99096],[-83.04889,32.98602],[-83.05778,32.97458],[-83.06824,32.97437],[-83.07188,32.9635],[-83.06911,32.95243],[-83.07031,32.94803],[-83.07362,32.94657],[-83.07523,32.94792],[-83.07793,32.94624],[-83.07895,32.94745],[-83.07607,32.94926],[-83.07619,32.95078],[-83.07962,32.95162],[-83.08511,32.95601],[-83.0864,32.95487],[-83.08391,32.95187],[-83.08788,32.95102],[-83.08784,32.95578],[-83.09084,32.95564],[-83.09084,32.95854],[-83.09588,32.95989],[-83.09436,32.96828],[-83.09686,32.9656],[-83.10091,32.96606],[-83.1043,32.97008],[-83.10843,32.96917],[-83.1093,32.9733],[-83.11524,32.97372],[-83.11676,32.98133],[-83.12157,32.98383],[-83.12515,32.98347],[-83.12488,32.98565],[-83.1209,32.98734],[-83.12793,32.98936],[-83.12853,32.99073],[-83.12339,32.99271],[-83.12587,32.9967],[-83.12282,33.0013],[-83.12992,32.99924],[-83.13232,33.00689],[-83.14671,33.00877],[-83.15028,33.00684],[-83.14828,33.00015],[-83.15027,32.99706],[-83.15383,32.99746],[-83.15959,33.00281],[-83.17947,32.98741],[-83.16227,32.96961],[-83.16596,32.96924],[-83.18853,32.97496],[-83.19279,32.9812],[-83.197,32.98285],[-83.20304,32.98158],[-83.20616,32.9836],[-83.26868,32.95871],[-83.26319,32.95412],[-83.27607,32.94207],[-83.28774,32.95189],[-83.35769,32.92615],[-83.39273,33.03876]]]},"properties":{"NAME10":"Baldwin","NAMELSAD10":"Baldwin County","GEOID10":"13009"}},{"type":"Feature","geometry":{"type":"Polygon","coordinates":[[[-85.25786,34.85421],[-85.20218,34.85446],[-85.20186,34.77509],[-85.15982,34.7752],[-85.15987,34.76794],[-85.14479,34.76765],[-85.16666,34.72879],[-85.16886,34.72029],[-85.05085,34.71999],[-85.05045,34.62249],[-85.06038,34.62246],[-85.0605,34.58719],[-85.35348,34.58926],[-85.35409,34.58534],[-85.35208,34.58248],[-85.3602,34.58181],[-85.36691,34.58592],[-85.37134,34.5859],[-85.37148,34.58976],[-85.52727,34.58869],[-85.53409,34.62386],[-85.4908,34.66946],[-85.49053,34.69912],[-85.46196,34.73178],[-85.45948,34.7418],[-85.45936,34.75165],[-85.45041,34.75925],[-85.45057,34.83168],[-85.43371,34.87508],[-85.4184,34.89981],[-85.3746,34.96197],[-85.36935,34.97363],[-85.36464,34.97831],[-85.36392,34.98338],[-85.26506,34.98508],[-85.26477,34.85428],[-85.25786,34.85421]]]},"properties":{"NAME10":"Walker","NAMELSAD10":"Walker County","GEOID10":"13295"}},{"type":"Feature","geometry":{"type":"Polygon","coordinates":[[[-82.10235,32.71136],[-82.08287,32.66333],[-82.00124,32.60692],[-82.02685,32.55517],[-82.03024,32.53878],[-82.07985,32.56007],[-82.14834,32.52044],[-82.18115,32.47407],[-82.18795,32.43358],[-82.20025,32.41648],[-82.25458,32.3515],[-82.2503,32.34793],[-82.24941,32.34911],[-82.24602,32.34861],[-82.24492,32.34664],[-82.24387,32.34837],[-82.23822,32.34462],[-82.24018,32.34104],[-82.23761,32.33544],[-82.24,32.33261],[-82.23607,32.32868],[-82.23833,32.32861],[-82.23949,32.32669],[-82.23765,32.32322],[-82.23433,32.32228],[-82.23461,32.31967],[-82.2325,32.31929],[-82.27985,32.29419],[-82.32315,32.29339],[-82.32865,32.29449],[-82.34615,32.29189],[-82.35455,32.2922],[-82.35549,32.31035],[-82.35879,32.31865],[-82.36579,32.32281],[-82.36599,32.32491],[-82.37516,32.33204],[-82.37894,32.33691],[-82.38451,32.33773],[-82.39284,32.33553],[-82.40165,32.35227],[-82.40912,32.35384],[-82.41117,32.35892],[-82.41111,32.36563],[-82.40553,32.37738],[-82.39694,32.38641],[-82.39429,32.39177],[-82.39423,32.41263],[-82.38194,32.4406],[-82.38562,32.44023],[-82.38992,32.44264],[-82.3922,32.44803],[-82.39578,32.44898],[-82.39752,32.45167],[-82.42057,32.4572],[-82.43095,32.46621],[-82.44164,32.47082],[-82.4461,32.4704],[-82.45011,32.47467],[-82.45732,32.47533],[-82.46105,32.47833],[-82.464,32.47862],[-82.47201,32.48374],[-82.47154,32.48532],[-82.47451,32.48682],[-82.47394,32.48856],[-82.47532,32.48938],[-82.4828,32.49213],[-82.48894,32.49184],[-82.49055,32.49651],[-82.49405,32.49589],[-82.49932,32.49831],[-82.51707,32.4996],[-82.53453,32.49716],[-82.5542,32.50047],[-82.56305,32.50571],[-82.586,32.50669],[-82.61865,32.50497],[-82.63778,32.5086],[-82.64774,32.51251],[-82.63746,32.51827],[-82.62936,32.52057],[-82.62306,32.52157],[-82.62226,32.51797],[-82.60296,32.52147],[-82.60257,32.50948],[-82.59786,32.53287],[-82.59338,32.53511],[-82.58533,32.52524],[-82.56436,32.53246],[-82.58066,32.54868],[-82.58467,32.55071],[-82.58676,32.55511],[-82.59119,32.5577],[-82.59473,32.56679],[-82.59178,32.57395],[-82.59444,32.57916],[-82.51201,32.62517],[-82.51772,32.63368],[-82.49892,32.64274],[-82.49293,32.63405],[-82.46386,32.64724],[-82.46771,32.64695],[-82.46983,32.65089],[-82.47423,32.65258],[-82.47881,32.65696],[-82.49032,32.66204],[-82.49328,32.67508],[-82.49943,32.68635],[-82.47077,32.71061],[-82.45275,32.71927],[-82.45275,32.72867],[-82.43415,32.76226],[-82.42985,32.76149],[-82.41748,32.77036],[-82.41057,32.76847],[-82.39843,32.77711],[-82.39863,32.78297],[-82.40897,32.78412],[-82.40896,32.7916],[-82.41089,32.79266],[-82.4135,32.7983],[-82.41903,32.801],[-82.41913,32.81093],[-82.41558,32.81342],[-82.40885,32.81509],[-82.40028,32.81306],[-82.3919,32.81757],[-82.38815,32.81527],[-82.37577,32.81593],[-82.36883,32.81462],[-82.36284,32.81592],[-82.36154,32.81656],[-82.36186,32.8207],[-82.35482,32.82729],[-82.34693,32.82698],[-82.34047,32.83308],[-82.33531,32.83324],[-82.33265,32.83634],[-82.32975,32.83635],[-82.32626,32.84134],[-82.32185,32.83947],[-82.31949,32.84019],[-82.31765,32.83568],[-82.31472,32.83425],[-82.31258,32.83017],[-82.30854,32.82832],[-82.30014,32.82583],[-82.27823,32.8257],[-82.27112,32.82108],[-82.26889,32.82244],[-82.26962,32.82429],[-82.26636,32.8246],[-82.26589,32.82638],[-82.26178,32.82326],[-82.2563,32.82399],[-82.25418,32.82255],[-82.25532,32.82044],[-82.25323,32.81754],[-82.24991,32.81857],[-82.24284,32.81315],[-82.23967,32.81243],[-82.23501,32.8147],[-82.22295,32.8127],[-82.22056,32.80803],[-82.2198,32.80925],[-82.21594,32.80814],[-82.21584,32.80472],[-82.21417,32.80372],[-82.20785,32.80565],[-82.20298,32.80396],[-82.19581,32.8092],[-82.19418,32.80694],[-82.18769,32.80676],[-82.18703,32.80944],[-82.1854,32.80843],[-82.17489,32.81331],[-82.16817,32.81082],[-82.16596,32.8125],[-82.16006,32.81295],[-82.16029,32.81511],[-82.15778,32.81604],[-82.15463,32.81415],[-82.15468,32.81583],[-82.15122,32.81432],[-82.14693,32.81489],[-82.10235,32.71136]]]},"properties":{"NAME10":"Emanuel","NAMELSAD10":"Emanuel County","GEOID10":"13107"}},{"type":"Feature","geometry":{"type":"Polygon","coordinates":[[[-84.52038,34.55668],[-84.52139,34.55047],[-84.65437,34.54895],[-84.65409,34.64533],[-84.6571,34.72891],[-84.65623,34.73099],[-84.65398,34.73159],[-84.64832,34.74767],[-84.64336,34.75341],[-84.63899,34.75444],[-84.63729,34.7632],[-84.63826,34.76516],[-84.63532,34.77094],[-84.64064,34.77536],[-84.64136,34.77771],[-84.62267,34.78602],[-84.62199,34.78913],[-84.60975,34.79094],[-84.6072,34.79688],[-84.60264,34.79948],[-84.6014,34.80645],[-84.59603,34.80583],[-84.59339,34.80906],[-84.5938,34.81328],[-84.58789,34.81505],[-84.5822,34.8246],[-84.58353,34.82425],[-84.58409,34.82812],[-84.58503,34.8248],[-84.58545,34.82752],[-84.59053,34.83109],[-84.59211,34.83385],[-84.59031,34.83629],[-84.5936,34.83831],[-84.59289,34.84019],[-84.59449,34.84115],[-84.59526,34.8391],[-84.60233,34.83853],[-84.60642,34.84132],[-84.61244,34.8513],[-84.61864,34.8554],[-84.42117,34.85483],[-84.41718,34.84967],[-84.35685,34.82545],[-84.35185,34.82669],[-84.34325,34.82459],[-84.33101,34.81757],[-84.33414,34.81107],[-84.32807,34.80641],[-84.32595,34.80729],[-84.32084,34.80529],[-84.31466,34.80733],[-84.25732,34.72543],[-84.26092,34.72546],[-84.26091,34.71812],[-84.25217,34.71817],[-84.2523,34.66462],[-84.24263,34.67091],[-84.23595,34.66583],[-84.23326,34.6663],[-84.22965,34.65753],[-84.2271,34.65646],[-84.22648,34.65388],[-84.22132,34.65277],[-84.21648,34.64888],[-84.212,34.64849],[-84.21143,34.64639],[-84.20408,34.64242],[-84.19743,34.64273],[-84.19389,34.63884],[-84.19702,34.63612],[-84.19349,34.6252],[-84.19591,34.62294],[-84.19696,34.6176],[-84.19991,34.61502],[-84.20881,34.61342],[-84.21411,34.61007],[-84.21881,34.60046],[-84.22355,34.59966],[-84.22391,34.597],[-84.25468,34.5975],[-84.25512,34.56834],[-84.27108,34.57062],[-84.27577,34.57375],[-84.27906,34.5726],[-84.27888,34.56962],[-84.29219,34.56902],[-84.29464,34.56998],[-84.29746,34.57534],[-84.30172,34.57825],[-84.30375,34.57772],[-84.30414,34.58014],[-84.30707,34.5814],[-84.31124,34.5777],[-84.31324,34.57771],[-84.31803,34.57882],[-84.32029,34.58223],[-84.32872,34.58363],[-84.3328,34.5799],[-84.33658,34.57922],[-84.336,34.57624],[-84.33151,34.57254],[-84.33744,34.57171],[-84.33764,34.56987],[-84.34613,34.56683],[-84.34556,34.56274],[-84.3715,34.56292],[-84.37136,34.5485],[-84.42456,34.54934],[-84.4244,34.55742],[-84.42872,34.5575],[-84.42901,34.55368],[-84.43243,34.54945],[-84.46787,34.54997],[-84.46799,34.56349],[-84.4858,34.56327],[-84.48567,34.55671],[-84.47654,34.55666],[-84.47673,34.55013],[-84.50282,34.55048],[-84.50261,34.56369],[-84.51152,34.56365],[-84.5117,34.55675],[-84.52038,34.55668]]]},"properties":{"NAME10":"Gilmer","NAMELSAD10":"Gilmer County","GEOID10":"13123"}},{"type":"Feature","geometry":{"type":"Polygon","coordinates":[[[-82.74116,33.52612],[-82.74053,33.5285],[-82.73525,33.52827],[-82.73159,33.53021],[-82.73123,33.53262],[-82.73043,33.53166],[-82.72776,33.53304],[-82.72573,33.53802],[-82.7224,33.53882],[-82.72168,33.5498],[-82.71951,33.55209],[-82.72449,33.55286],[-82.72389,33.55542],[-82.71829,33.56494],[-82.71654,33.56339],[-82.71147,33.56655],[-82.71167,33.57181],[-82.70985,33.572],[-82.70827,33.57728],[-82.70395,33.57929],[-82.70466,33.58146],[-82.70286,33.584],[-82.70497,33.58752],[-82.70423,33.58922],[-82.7008,33.59182],[-82.69832,33.59116],[-82.69517,33.59312],[-82.68868,33.59019],[-82.68157,33.59906],[-82.67256,33.60132],[-82.67029,33.60414],[-82.6587,33.60294],[-82.65646,33.5966],[-82.65245,33.59611],[-82.65594,33.60662],[-82.65154,33.61139],[-82.64165,33.59223],[-82.63891,33.58231],[-82.58457,33.44966],[-82.55362,33.41581],[-82.54432,33.37473],[-82.54938,33.35775],[-82.54807,33.35279],[-82.54483,33.35183],[-82.53578,33.35747],[-82.5267,33.35389],[-82.5249,33.35041],[-82.51839,33.3489],[-82.51084,33.34209],[-82.50113,33.34291],[-82.49854,33.33773],[-82.49064,33.33815],[-82.48704,33.3399],[-82.47416,33.33942],[-82.46863,33.34167],[-82.46565,33.3402],[-82.45073,33.34081],[-82.44784,33.33713],[-82.43703,33.33645],[-82.43481,33.33278],[-82.43175,33.33376],[-82.42533,33.33012],[-82.4177,33.33248],[-82.41762,33.32771],[-82.41207,33.32432],[-82.41084,33.31975],[-82.40302,33.3181],[-82.39879,33.31399],[-82.38383,33.31211],[-82.43196,33.27484],[-82.49685,33.303],[-82.55976,33.32728],[-82.57392,33.32255],[-82.5903,33.3219],[-82.59817,33.3131],[-82.61,33.31055],[-82.61562,33.30682],[-82.63129,33.30764],[-82.63737,33.30337],[-82.64672,33.30098],[-82.65444,33.2919],[-82.65939,33.28994],[-82.67841,33.27425],[-82.68663,33.27198],[-82.70338,33.27271],[-82.71842,33.26492],[-82.72447,33.25979],[-82.73307,33.25637],[-82.74349,33.25738],[-82.75394,33.25542],[-82.75585,33.25345],[-82.75894,33.25488],[-82.7627,33.25371],[-82.76503,33.25904],[-82.76945,33.25885],[-82.77043,33.26077],[-82.7738,33.26002],[-82.77568,33.2648],[-82.78345,33.2684],[-82.78565,33.26806],[-82.78212,33.27036],[-82.78489,33.27702],[-82.78081,33.28127],[-82.78078,33.28678],[-82.78232,33.28784],[-82.78069,33.29234],[-82.78266,33.29696],[-82.78173,33.29853],[-82.78353,33.30019],[-82.78164,33.30571],[-82.78394,33.30691],[-82.78352,33.3092],[-82.78512,33.31006],[-82.79354,33.30975],[-82.79579,33.31541],[-82.7959,33.31891],[-82.78901,33.3191],[-82.78941,33.32192],[-82.797,33.32475],[-82.79947,33.3308],[-82.79696,33.34027],[-82.79885,33.34245],[-82.79853,33.34708],[-82.80161,33.34881],[-82.79747,33.35629],[-82.80061,33.35895],[-82.79992,33.36185],[-82.80305,33.36519],[-82.81239,33.36375],[-82.81627,33.37253],[-82.82176,33.37385],[-82.81726,33.37724],[-82.81906,33.37928],[-82.81789,33.38727],[-82.82166,33.39005],[-82.8259,33.39048],[-82.82803,33.393],[-82.82427,33.39371],[-82.82788,33.39816],[-82.82249,33.39989],[-82.82469,33.40387],[-82.82244,33.40672],[-82.8231,33.41028],[-82.82652,33.41314],[-82.82625,33.41822],[-82.82324,33.4211],[-82.82431,33.42402],[-82.82261,33.42583],[-82.82582,33.42867],[-82.83461,33.43169],[-82.83417,33.43549],[-82.83988,33.43095],[-82.84641,33.43591],[-82.84836,33.44076],[-82.85159,33.44236],[-82.85498,33.44885],[-82.85591,33.44843],[-82.85532,33.45233],[-82.85758,33.4553],[-82.8614,33.4561],[-82.86067,33.4595],[-82.86661,33.46661],[-82.85712,33.47132],[-82.84607,33.48336],[-82.83897,33.48848],[-82.83565,33.49851],[-82.82463,33.50216],[-82.82277,33.5055],[-82.82337,33.51542],[-82.81986,33.51914],[-82.81532,33.52114],[-82.78761,33.51071],[-82.78154,33.51277],[-82.77176,33.51243],[-82.76729,33.51458],[-82.75107,33.51016],[-82.74595,33.51288],[-82.74597,33.51572],[-82.7427,33.51818],[-82.74116,33.52612]]]},"properties":{"NAME10":"Warren","NAMELSAD10":"Warren County","GEOID10":"13301"}},{"type":"Feature","geometry":{"type":"Polygon","coordinates":[[[-83.03104,34.11332],[-83.03723,34.11777],[-83.04792,34.1211],[-83.05041,34.12625],[-83.04834,34.12958],[-83.06126,34.1409],[-83.063,34.14567],[-83.06088,34.14772],[-83.06668,34.15243],[-83.06731,34.15465],[-83.07618,34.15329],[-83.08608,34.15905],[-83.09613,34.16238],[-83.1027,34.1686],[-83.10254,34.17296],[-83.09205,34.19016],[-83.0948,34.19487],[-83.09549,34.20249],[-83.08446,34.21145],[-83.07988,34.21748],[-83.07801,34.22361],[-83.07689,34.22243],[-83.05655,34.22807],[-83.01879,34.23409],[-82.99987,34.23108],[-82.98837,34.22444],[-82.99638,34.21912],[-82.98002,34.21007],[-82.98091,34.21151],[-82.96612,34.2205],[-82.9588,34.21855],[-82.91554,34.24769],[-82.84903,34.26464],[-82.83917,34.26938],[-82.82401,34.27055],[-82.81578,34.27611],[-82.79988,34.27895],[-82.79177,34.2834],[-82.78418,34.2844],[-82.77341,34.28887],[-82.76676,34.28233],[-82.76185,34.28181],[-82.75425,34.27579],[-82.74681,34.26659],[-82.74854,34.26313],[-82.74583,34.25836],[-82.74557,34.25407],[-82.74292,34.25108],[-82.74488,34.24493],[-82.74202,34.22933],[-82.74437,34.22542],[-82.74026,34.21945],[-82.74234,34.21344],[-82.74188,34.21022],[-82.73213,34.19333],[-82.73146,34.17709],[-82.72477,34.1687],[-82.71746,34.15055],[-82.70413,34.14103],[-82.69216,34.13899],[-82.68629,34.13446],[-82.67699,34.13143],[-82.66856,34.12044],[-82.66635,34.11276],[-82.65873,34.10378],[-82.64784,34.09855],[-82.64242,34.09327],[-82.64017,34.08734],[-82.64537,34.07826],[-82.64366,34.07211],[-82.63899,34.06679],[-82.62664,34.06335],[-82.62129,34.05784],[-82.61916,34.05136],[-82.61302,34.0469],[-82.60942,34.03991],[-82.59446,34.02931],[-82.59532,34.01523],[-82.58785,33.9987],[-82.57539,33.99191],[-82.58013,33.98645],[-82.58027,33.9813],[-82.57691,33.97615],[-82.56759,33.96789],[-82.56447,33.95573],[-82.57384,33.95928],[-82.57807,33.96591],[-82.58893,33.96902],[-82.60041,33.97649],[-82.60218,33.97945],[-82.6097,33.98151],[-82.61465,33.98045],[-82.62661,33.98205],[-82.63176,33.97912],[-82.63258,33.97495],[-82.63937,33.97276],[-82.64068,33.97418],[-82.6398,33.97942],[-82.64145,33.98284],[-82.65621,33.99141],[-82.66835,33.98556],[-82.67938,33.98515],[-82.7005,33.9814],[-82.71872,33.98478],[-82.72643,33.98422],[-82.73457,33.98056],[-82.74626,33.97816],[-82.75518,33.97185],[-82.76502,33.97345],[-82.7773,33.97101],[-82.78493,33.97208],[-82.79833,33.97803],[-82.81353,33.98161],[-82.81889,33.98606],[-82.82576,33.98451],[-82.83725,33.99269],[-82.84097,33.99208],[-82.84166,33.98465],[-82.84302,33.98371],[-82.85138,33.98216],[-82.85789,33.98386],[-82.8636,33.98304],[-82.86692,33.99055],[-82.87053,33.99316],[-82.87928,33.99518],[-82.88164,34.00061],[-82.88648,34.00015],[-82.90612,34.00445],[-82.90583,34.01192],[-82.91618,34.0125],[-82.91457,34.00765],[-82.91726,34.00621],[-82.92128,34.0101],[-82.92723,34.00732],[-82.92935,34.01059],[-82.93426,34.01361],[-82.94199,34.0146],[-82.94385,34.02281],[-82.93795,34.02581],[-82.93526,34.02534],[-82.93412,34.02746],[-82.94314,34.02759],[-82.94976,34.03566],[-82.95382,34.03817],[-82.95747,34.03585],[-82.9618,34.03554],[-82.96562,34.04054],[-82.9763,34.04323],[-82.97788,34.04858],[-82.98067,34.04717],[-82.98664,34.05088],[-82.99054,34.05736],[-82.99008,34.0638],[-83.00218,34.0704],[-83.00479,34.07833],[-83.00748,34.07931],[-83.01097,34.07649],[-83.01309,34.07735],[-83.0321,34.09661],[-83.03607,34.09827],[-83.0332,34.10245],[-83.03005,34.10396],[-83.03261,34.10995],[-83.03104,34.11332]]]},"properties":{"NAME10":"Elbert","NAMELSAD10":"Elbert County","GEOID10":"13105"}},{"type":"Feature","geometry":{"type":"Polygon","coordinates":[[[-84.45856,33.59444],[-84.45773,33.64888],[-84.45303,33.64888],[-84.45303,33.64122],[-84.45094,33.64119],[-84.44823,33.64122],[-84.44831,33.64877],[-84.28128,33.64742],[-84.28147,33.63938],[-84.27186,33.63924],[-84.27206,33.63122],[-84.26257,33.63101],[-84.26297,33.60696],[-84.25325,33.60694],[-84.25323,33.59877],[-84.24386,33.59862],[-84.24392,33.59141],[-84.25325,33.59143],[-84.25309,33.58218],[-84.26358,33.58225],[-84.26371,33.54893],[-84.29212,33.54915],[-84.29256,33.53299],[-84.28253,33.53289],[-84.28253,33.53135],[-84.28392,33.48435],[-84.29416,33.48433],[-84.29468,33.43572],[-84.30433,33.43573],[-84.30423,33.42744],[-84.32339,33.42803],[-84.32324,33.43619],[-84.35359,33.43617],[-84.3544,33.35252],[-84.38812,33.35247],[-84.38858,33.35634],[-84.39508,33.36026],[-84.39247,33.36661],[-84.39614,33.36857],[-84.39447,33.36975],[-84.39633,33.37343],[-84.38649,33.37652],[-84.38734,33.38007],[-84.38846,33.37919],[-84.39047,33.3819],[-84.38995,33.38604],[-84.39473,33.38862],[-84.39279,33.39095],[-84.39414,33.39121],[-84.39479,33.39448],[-84.39186,33.39654],[-84.38862,33.39606],[-84.38702,33.40082],[-84.38409,33.40248],[-84.38701,33.4046],[-84.38671,33.4098],[-84.38811,33.41166],[-84.39308,33.41202],[-84.39307,33.42006],[-84.40232,33.42013],[-84.4022,33.43637],[-84.39263,33.43641],[-84.39253,33.44452],[-84.38373,33.44443],[-84.38538,33.44734],[-84.38769,33.44614],[-84.38881,33.45028],[-84.38371,33.45512],[-84.38488,33.45857],[-84.38184,33.46124],[-84.38168,33.46326],[-84.38653,33.46736],[-84.38495,33.47134],[-84.38714,33.47657],[-84.39207,33.47939],[-84.39618,33.48496],[-84.40974,33.49392],[-84.42043,33.494],[-84.42043,33.50962],[-84.43354,33.52428],[-84.43477,33.54115],[-84.43945,33.55074],[-84.45867,33.55094],[-84.45856,33.59444]]]},"properties":{"NAME10":"Clayton","NAMELSAD10":"Clayton County","GEOID10":"13063"}},{"type":"Feature","geometry":{"type":"Polygon","coordinates":[[[-81.91013,31.34722],[-81.8452,31.35475],[-81.80106,31.36374],[-81.76444,31.34809],[-81.75923,31.34216],[-81.7317,31.33005],[-81.733,31.32579],[-81.73255,31.30215],[-81.73698,31.29024],[-81.74674,31.28227],[-81.74992,31.27457],[-81.75867,31.23786],[-81.7644,31.22316],[-81.76688,31.20149],[-81.77596,31.17649],[-81.78239,31.17251],[-81.78212,31.16666],[-81.77963,31.16494],[-81.77576,31.1645],[-81.76633,31.1696],[-81.78822,31.15217],[-81.79068,31.14604],[-81.80147,31.1512],[-81.81882,31.13678],[-81.82467,31.12444],[-81.83197,31.11638],[-81.83294,31.1081],[-81.83793,31.10308],[-81.84067,31.09767],[-81.88103,31.09853],[-81.88958,31.10081],[-81.91118,31.09707],[-81.91355,31.09559],[-81.91226,31.09379],[-81.91589,31.09529],[-81.91826,31.0919],[-81.92108,31.09216],[-81.91911,31.08926],[-81.92369,31.08843],[-81.92445,31.08139],[-81.92735,31.07932],[-81.92608,31.06123],[-81.92932,31.06102],[-81.93176,31.06404],[-81.93693,31.0605],[-81.9318,31.05646],[-81.93674,31.05109],[-81.93603,31.04989],[-81.93235,31.05004],[-81.93303,31.04843],[-81.96786,31.05427],[-82.06087,31.07581],[-82.08121,31.01064],[-82.1317,31.01072],[-82.16357,31.04856],[-82.20827,31.08477],[-82.20874,31.17094],[-82.23043,31.16859],[-82.25057,31.18225],[-82.28426,31.1922],[-82.28371,31.22653],[-82.27636,31.22397],[-82.27913,31.2223],[-82.27272,31.22123],[-82.2724,31.21808],[-82.26947,31.21974],[-82.26862,31.21696],[-82.26405,31.22126],[-82.25977,31.21835],[-82.25464,31.22084],[-82.25334,31.21874],[-82.24928,31.22012],[-82.24667,31.21743],[-82.24042,31.21714],[-82.2315,31.22028],[-82.22753,31.21875],[-82.22568,31.22061],[-82.22082,31.21786],[-82.22351,31.21481],[-82.22059,31.21617],[-82.21904,31.21401],[-82.21538,31.21609],[-82.21146,31.2154],[-82.21172,31.21433],[-82.20921,31.21396],[-82.20984,31.21217],[-82.2043,31.21127],[-82.20573,31.20954],[-82.20213,31.21081],[-82.19924,31.20828],[-82.19492,31.20767],[-82.19395,31.20605],[-82.19602,31.20542],[-82.19538,31.20309],[-82.19326,31.20388],[-82.1932,31.20209],[-82.18817,31.20657],[-82.18297,31.20569],[-82.18479,31.20833],[-82.18212,31.21117],[-82.17551,31.21379],[-82.17468,31.21792],[-82.17233,31.21785],[-82.1718,31.21533],[-82.17045,31.2177],[-82.16809,31.2157],[-82.16684,31.21741],[-82.16623,31.21478],[-82.16433,31.21747],[-82.16285,31.21608],[-82.15891,31.21982],[-82.15681,31.21908],[-82.15142,31.22249],[-82.14982,31.22472],[-82.15037,31.22854],[-82.1464,31.22688],[-82.14511,31.22944],[-82.14705,31.22962],[-82.14741,31.23453],[-82.14972,31.23385],[-82.1507,31.23502],[-82.14193,31.23763],[-82.14262,31.2397],[-82.13979,31.2435],[-82.14321,31.24322],[-82.14473,31.24879],[-82.14045,31.25071],[-82.14169,31.25219],[-82.14403,31.25082],[-82.14553,31.25253],[-82.14029,31.25852],[-82.13429,31.25806],[-82.13448,31.25542],[-82.13314,31.25487],[-82.13237,31.25699],[-82.13006,31.25681],[-82.13014,31.25894],[-82.12687,31.25791],[-82.12563,31.2605],[-82.12274,31.26013],[-82.12329,31.26247],[-82.1205,31.26538],[-82.11649,31.26667],[-82.11458,31.27064],[-82.10325,31.27168],[-82.10025,31.27669],[-82.0967,31.27496],[-82.09331,31.27665],[-82.09085,31.27331],[-82.08886,31.27464],[-82.09066,31.27679],[-82.08429,31.27526],[-82.08245,31.27143],[-82.07624,31.27572],[-82.07343,31.27381],[-82.0706,31.27649],[-82.06353,31.27121],[-82.06156,31.27648],[-82.05869,31.2738],[-82.05601,31.27488],[-82.05563,31.27305],[-82.053,31.27288],[-82.05177,31.27113],[-82.04856,31.2725],[-82.0502,31.27416],[-82.0476,31.27393],[-82.0438,31.27649],[-82.03906,31.27303],[-82.0349,31.27525],[-82.03322,31.2734],[-82.032,31.27501],[-82.03348,31.27657],[-82.03174,31.27752],[-82.02985,31.27432],[-82.02825,31.27785],[-82.02629,31.27626],[-82.0235,31.27678],[-82.02252,31.27512],[-82.0214,31.27936],[-82.01248,31.27766],[-82.01371,31.27505],[-82.00961,31.27795],[-82.00716,31.2758],[-82.00811,31.27966],[-82.00643,31.28132],[-82.00631,31.2852],[-82.00482,31.28597],[-82.00219,31.28408],[-82.00224,31.28737],[-81.99858,31.287],[-81.99717,31.28868],[-81.99212,31.308],[-81.99758,31.30881],[-82.00024,31.31126],[-82.00174,31.31017],[-82.00499,31.31108],[-82.0046,31.3124],[-82.0073,31.31493],[-82.00901,31.31463],[-82.00894,31.31635],[-82.01304,31.31827],[-82.01207,31.31975],[-82.01507,31.32482],[-82.02013,31.32735],[-82.0243,31.33881],[-82.02764,31.34039],[-82.02857,31.34517],[-82.03076,31.34485],[-82.02992,31.3455],[-82.03207,31.34607],[-82.03246,31.34916],[-82.03387,31.34965],[-82.03424,31.35652],[-82.04074,31.36188],[-82.03863,31.36954],[-82.04113,31.37373],[-82.0311,31.36624],[-81.92324,31.34588],[-81.91013,31.34722]]]},"properties":{"NAME10":"Brantley","NAMELSAD10":"Brantley County","GEOID10":"13025"}},{"type":"Feature","geometry":{"type":"Polygon","coordinates":[[[-81.2847,32.17306],[-81.19545,32.2376],[-81.14523,32.22664],[-81.14635,32.22456],[-81.15207,32.22205],[-81.14318,32.22175],[-81.13893,32.21977],[-81.13602,32.21286],[-81.12742,32.20756],[-81.12315,32.20133],[-81.12189,32.19554],[-81.11404,32.19571],[-81.11482,32.19343],[-81.1218,32.1918],[-81.12116,32.19009],[-81.11824,32.18921],[-81.11794,32.1853],[-81.12044,32.17871],[-81.11694,32.1762],[-81.11194,32.17801],[-81.11024,32.17681],[-81.11114,32.17271],[-81.11695,32.17092],[-81.11944,32.17537],[-81.12115,32.17491],[-81.12815,32.1691],[-81.12976,32.16585],[-81.12203,32.1618],[-81.12214,32.15731],[-81.12004,32.15331],[-81.11224,32.15081],[-81.11224,32.14931],[-81.11734,32.14621],[-81.11913,32.14214],[-81.11994,32.13398],[-81.11525,32.12551],[-81.11723,32.11761],[-81.11113,32.11202],[-81.09158,32.11092],[-81.09053,32.10638],[-81.08821,32.10395],[-81.07545,32.09707],[-81.06577,32.08977],[-81.05323,32.08576],[-81.03826,32.08449],[-81.03264,32.08548],[-81.02169,32.09087],[-81.01197,32.10018],[-81.00676,32.10116],[-81.00232,32.10006],[-80.99447,32.09473],[-80.9832,32.07967],[-80.95449,32.06862],[-80.92677,32.04167],[-80.91801,32.03759],[-80.88553,32.0346],[-80.75143,32.03347],[-80.75804,32.02599],[-80.76977,32.0198],[-80.7807,32.01138],[-80.783,31.99567],[-80.78624,31.98576],[-80.78669,31.97562],[-80.78984,31.9644],[-80.79628,31.95347],[-80.80406,31.94614],[-80.81461,31.94001],[-80.81928,31.93386],[-80.82923,31.92659],[-80.85534,31.91082],[-80.87482,31.88071],[-80.88878,31.86579],[-80.89699,31.85281],[-80.91171,31.84066],[-80.91682,31.83838],[-80.92214,31.82529],[-80.92859,31.81699],[-80.93832,31.80901],[-80.94963,31.80306],[-80.97073,31.79836],[-80.9731,31.78823],[-80.97696,31.78088],[-80.98301,31.77269],[-80.99617,31.76214],[-80.9972,31.74851],[-81.01382,31.72865],[-81.02583,31.72023],[-81.05663,31.71488],[-81.05152,31.7052],[-81.15094,31.71203],[-81.15473,31.71308],[-81.15473,31.73773],[-81.15642,31.74234],[-81.17103,31.75422],[-81.17363,31.75863],[-81.17053,31.77073],[-81.16163,31.77962],[-81.16073,31.78502],[-81.16443,31.78813],[-81.17973,31.79132],[-81.18123,31.79562],[-81.17683,31.80692],[-81.17703,31.81612],[-81.17392,31.81853],[-81.16093,31.82162],[-81.15663,31.83692],[-81.13933,31.85262],[-81.13854,31.85593],[-81.15513,31.86432],[-81.16103,31.87714],[-81.16119,31.88758],[-81.16905,31.89705],[-81.1734,31.89976],[-81.18558,31.89988],[-81.21218,31.88737],[-81.21839,31.88775],[-81.22235,31.89037],[-81.22239,31.89375],[-81.21952,31.89659],[-81.20223,31.90238],[-81.19368,31.90892],[-81.19063,31.91722],[-81.19382,31.92138],[-81.20332,31.92233],[-81.21231,31.91836],[-81.2256,31.90263],[-81.23125,31.89226],[-81.23665,31.88733],[-81.24008,31.88795],[-81.24307,31.89281],[-81.24187,31.89569],[-81.2342,31.90229],[-81.23318,31.90794],[-81.23526,31.91011],[-81.24096,31.91198],[-81.24615,31.91167],[-81.25141,31.90982],[-81.25741,31.90517],[-81.26293,31.90748],[-81.26568,31.91059],[-81.26583,31.91585],[-81.26364,31.91971],[-81.25754,31.92373],[-81.25803,31.92672],[-81.26163,31.92754],[-81.26914,31.92422],[-81.27304,31.92501],[-81.27635,31.93027],[-81.27246,31.93791],[-81.27312,31.94129],[-81.27742,31.94471],[-81.28044,31.94531],[-81.28547,31.943],[-81.28842,31.94468],[-81.28714,31.95241],[-81.29054,31.96052],[-81.28758,31.9738],[-81.28863,31.97721],[-81.29385,31.97981],[-81.30323,31.97979],[-81.30945,31.98348],[-81.30745,31.98965],[-81.31015,31.99518],[-81.30482,31.99828],[-81.30444,32.00072],[-81.30873,32.00391],[-81.31412,32.00452],[-81.31492,32.01142],[-81.31642,32.01142],[-81.31942,32.00689],[-81.32191,32.00742],[-81.32291,32.01162],[-81.3183,32.0155],[-81.32414,32.01541],[-81.32344,32.02011],[-81.32504,32.02181],[-81.3287,32.01921],[-81.33634,32.02251],[-81.33464,32.02771],[-81.33826,32.03292],[-81.34122,32.03135],[-81.34237,32.03419],[-81.34377,32.03307],[-81.34774,32.0355],[-81.34839,32.03914],[-81.35043,32.03425],[-81.35601,32.04208],[-81.36124,32.04573],[-81.36061,32.04865],[-81.36803,32.04853],[-81.36752,32.05133],[-81.37021,32.05446],[-81.36723,32.0573],[-81.36981,32.05888],[-81.36869,32.05992],[-81.37049,32.0639],[-81.37524,32.06622],[-81.37339,32.0684],[-81.36921,32.06792],[-81.36887,32.06899],[-81.38464,32.07939],[-81.38897,32.08705],[-81.38717,32.09044],[-81.3916,32.09556],[-81.2847,32.17306]]]},"properties":{"NAME10":"Chatham","NAMELSAD10":"Chatham County","GEOID10":"13051"}},{"type":"Feature","geometry":{"type":"Polygon","coordinates":[[[-83.83724,32.64415],[-83.76679,32.69263],[-83.70109,32.6916],[-83.70282,32.68057],[-83.70892,32.67497],[-83.70916,32.65131],[-83.72807,32.65077],[-83.72818,32.63514],[-83.71863,32.63499],[-83.71871,32.61065],[-83.71265,32.61058],[-83.71447,32.60335],[-83.71923,32.59745],[-83.71986,32.53177],[-83.7219,32.52326],[-83.72314,32.52113],[-83.73185,32.52252],[-83.73616,32.52875],[-83.73897,32.52857],[-83.7487,32.53416],[-83.74901,32.50525],[-83.77801,32.50555],[-83.77791,32.51295],[-83.78731,32.51285],[-83.78776,32.49654],[-83.7977,32.49657],[-83.79772,32.447],[-83.81715,32.44672],[-83.81712,32.43988],[-83.82764,32.43915],[-83.82779,32.45756],[-83.83783,32.46113],[-83.84191,32.46052],[-83.85105,32.47375],[-83.87209,32.47902],[-83.87727,32.48934],[-83.88648,32.49375],[-83.89658,32.49452],[-83.90051,32.49699],[-83.92284,32.49743],[-83.92302,32.48327],[-83.93113,32.48375],[-83.92425,32.50354],[-83.92337,32.51136],[-83.93222,32.51165],[-83.93248,32.5057],[-83.97112,32.50593],[-83.97121,32.51425],[-83.98729,32.51434],[-83.98743,32.5061],[-84.01815,32.50641],[-84.01386,32.50917],[-84.01365,32.51074],[-84.01627,32.51006],[-84.01534,32.51374],[-84.00884,32.51593],[-84.00948,32.51923],[-84.00791,32.5229],[-84.00069,32.52102],[-84.00337,32.52689],[-84.00311,32.5302],[-83.95671,32.5618],[-83.95471,32.56305],[-83.95501,32.55275],[-83.94524,32.55267],[-83.94537,32.56962],[-83.93051,32.58005],[-83.92975,32.5873],[-83.92013,32.587],[-83.83724,32.64415]]]},"properties":{"NAME10":"Peach","NAMELSAD10":"Peach County","GEOID10":"13225"}},{"type":"Feature","geometry":{"type":"Polygon","coordinates":[[[-83.0557,30.61948],[-83.13662,30.62397],[-83.13511,30.66545],[-83.13578,30.72197],[-83.13022,30.7221],[-83.1346,30.72579],[-83.13329,30.73],[-83.13521,30.73565],[-83.13468,30.74353],[-83.13247,30.74895],[-83.13396,30.75166],[-83.13283,30.75854],[-83.1362,30.76991],[-83.13624,30.77523],[-83.13284,30.781],[-83.13301,30.78965],[-83.12577,30.80341],[-83.10437,30.80371],[-83.10324,30.83143],[-83.0881,30.8312],[-83.08809,30.84866],[-83.01942,30.84946],[-83.01519,30.84861],[-83.01397,30.84471],[-83.01143,30.84748],[-83.01043,30.85365],[-83.00712,30.85915],[-82.992,30.86173],[-82.98216,30.87225],[-82.84636,30.83499],[-82.84754,30.83304],[-82.84591,30.8272],[-82.84129,30.82457],[-82.83911,30.81834],[-82.83025,30.81065],[-82.83483,30.79996],[-82.83207,30.78302],[-82.82878,30.78059],[-82.82347,30.7801],[-82.82038,30.77627],[-82.81564,30.77582],[-82.80987,30.76729],[-82.81046,30.76531],[-82.80698,30.76204],[-82.80738,30.755],[-82.80529,30.74984],[-82.79959,30.74693],[-82.79536,30.7421],[-82.77859,30.73754],[-82.77724,30.73603],[-82.77417,30.73625],[-82.7666,30.73235],[-82.76096,30.73345],[-82.75261,30.73123],[-82.74358,30.73353],[-82.73456,30.73225],[-82.72971,30.7291],[-82.71759,30.73037],[-82.70998,30.72924],[-82.69839,30.73415],[-82.69218,30.734],[-82.67437,30.72437],[-82.67017,30.72549],[-82.66264,30.72233],[-82.65554,30.72264],[-82.64511,30.71833],[-82.63599,30.71713],[-82.62539,30.7186],[-82.61481,30.71451],[-82.61278,30.71531],[-82.61026,30.71331],[-82.60401,30.71368],[-82.58984,30.70598],[-82.58817,30.70076],[-82.58121,30.69624],[-82.57878,30.69084],[-82.58064,30.69053],[-82.58649,30.67496],[-82.5847,30.6634],[-82.5799,30.65871],[-82.58278,30.65808],[-82.58401,30.59155],[-83.0557,30.61948]]]},"properties":{"NAME10":"Echols","NAMELSAD10":"Echols County","GEOID10":"13101"}},{"type":"Feature","geometry":{"type":"Polygon","coordinates":[[[-82.00369,32.18366],[-82.02534,32.27889],[-81.99985,32.2762],[-81.96959,32.26936],[-81.96753,32.2676],[-81.96223,32.27182],[-81.95374,32.26683],[-81.93452,32.26974],[-81.91836,32.27465],[-81.89273,32.27479],[-81.87423,32.26502],[-81.86792,32.25923],[-81.86171,32.25779],[-81.86089,32.25537],[-81.85634,32.2571],[-81.85526,32.253],[-81.85126,32.24803],[-81.84918,32.24848],[-81.84201,32.24107],[-81.83334,32.2421],[-81.82901,32.2385],[-81.81647,32.23756],[-81.81213,32.23332],[-81.81399,32.23016],[-81.80375,32.21963],[-81.80585,32.21758],[-81.80429,32.2118],[-81.80693,32.20756],[-81.80563,32.20762],[-81.80663,32.20492],[-81.804,32.20313],[-81.80141,32.1962],[-81.79892,32.19612],[-81.79634,32.19301],[-81.79468,32.19427],[-81.79237,32.19321],[-81.78885,32.18772],[-81.79064,32.18629],[-81.78813,32.18524],[-81.78713,32.18182],[-81.78521,32.181],[-81.78659,32.18011],[-81.78544,32.17786],[-81.78088,32.17535],[-81.78269,32.16863],[-81.77844,32.16245],[-81.7812,32.16054],[-81.77941,32.15862],[-81.78108,32.1568],[-81.77938,32.15442],[-81.78154,32.15393],[-81.78156,32.14775],[-81.7771,32.14138],[-81.77838,32.13908],[-81.7761,32.13669],[-81.77561,32.13277],[-81.77729,32.13195],[-81.7712,32.13143],[-81.76725,32.12736],[-81.76726,32.12506],[-81.76518,32.12436],[-81.76615,32.12199],[-81.76122,32.11957],[-81.76406,32.11629],[-81.76084,32.11449],[-81.75742,32.1152],[-81.75789,32.11198],[-81.75408,32.11175],[-81.75765,32.10839],[-81.75681,32.10479],[-81.7533,32.10373],[-81.75235,32.10515],[-81.74835,32.10348],[-81.74127,32.10462],[-81.73574,32.102],[-81.73166,32.09623],[-81.72714,32.09897],[-81.72583,32.09759],[-81.72705,32.09504],[-81.72379,32.09449],[-81.72214,32.09072],[-81.71866,32.08936],[-81.76174,32.04791],[-81.88894,32.0504],[-81.90995,32.05695],[-81.98004,32.08151],[-82.00369,32.18366]]]},"properties":{"NAME10":"Evans","NAMELSAD10":"Evans County","GEOID10":"13109"}},{"type":"Feature","geometry":{"type":"Polygon","coordinates":[[[-85.12848,31.87742],[-85.12934,31.88247],[-85.13414,31.89217],[-85.11504,31.89307],[-85.11203,31.89477],[-85.11063,31.89687],[-85.11224,31.90277],[-85.10803,31.90517],[-85.11314,31.91187],[-85.10243,31.91737],[-85.09953,31.92527],[-85.09183,31.92887],[-85.08643,31.93597],[-85.07893,31.94017],[-85.08243,31.94536],[-85.08673,31.95916],[-85.08323,31.96246],[-85.07393,31.96416],[-85.06783,31.96736],[-85.06593,31.97246],[-85.07093,31.98166],[-85.06833,31.98676],[-85.06823,31.99186],[-85.06093,31.99186],[-85.06094,31.98511],[-85.04193,31.98476],[-85.04203,31.97566],[-85.01193,31.97586],[-85.01183,31.98376],[-85.00113,31.98386],[-85.00123,31.97596],[-84.9537,31.97479],[-84.95404,31.96678],[-84.96395,31.96693],[-84.96421,31.95907],[-84.97371,31.95931],[-84.97407,31.95022],[-84.95491,31.95029],[-84.95525,31.94227],[-84.93576,31.94184],[-84.93614,31.93376],[-84.91721,31.93309],[-84.91727,31.92467],[-84.90701,31.92447],[-84.91034,31.77685],[-85.02653,31.77887],[-85.02663,31.77097],[-85.07395,31.77145],[-85.07383,31.77907],[-85.14124,31.78047],[-85.14134,31.78317],[-85.13244,31.79347],[-85.13294,31.80807],[-85.13124,31.81527],[-85.13454,31.82497],[-85.13214,31.82797],[-85.13724,31.83157],[-85.14184,31.83927],[-85.13774,31.84587],[-85.13804,31.85127],[-85.14074,31.85747],[-85.13584,31.86247],[-85.13374,31.87007],[-85.12848,31.87742]]]},"properties":{"NAME10":"Quitman","NAMELSAD10":"Quitman County","GEOID10":"13239"}},{"type":"Feature","geometry":{"type":"Polygon","coordinates":[[[-83.14559,31.47228],[-83.25141,31.47525],[-83.34138,31.47592],[-83.34873,31.47672],[-83.36408,31.48495],[-83.37058,31.48454],[-83.37285,31.48223],[-83.37663,31.48205],[-83.37799,31.48466],[-83.3822,31.4871],[-83.384,31.49139],[-83.38616,31.50974],[-83.38938,31.51466],[-83.39456,31.51815],[-83.39775,31.52862],[-83.39726,31.53163],[-83.40211,31.5341],[-83.4048,31.54118],[-83.41249,31.54809],[-83.4207,31.55357],[-83.47093,31.55596],[-83.47083,31.5694],[-83.50095,31.57012],[-83.49989,31.61946],[-83.49165,31.61942],[-83.49068,31.6961],[-83.46064,31.6954],[-83.46127,31.69897],[-83.45968,31.70355],[-83.45493,31.70594],[-83.45296,31.70896],[-83.45582,31.71677],[-83.45614,31.7228],[-83.46315,31.72908],[-83.46378,31.73581],[-83.46679,31.74133],[-83.46316,31.74216],[-83.4527,31.75061],[-83.45364,31.75787],[-83.37028,31.75706],[-83.36965,31.76966],[-83.33967,31.76956],[-83.33987,31.75661],[-83.3253,31.75659],[-83.32562,31.68061],[-83.26564,31.67987],[-83.26637,31.65421],[-83.17722,31.6517],[-83.17651,31.67852],[-82.99836,31.67317],[-82.9988,31.66047],[-83.01342,31.66081],[-83.01418,31.63572],[-83.02936,31.63619],[-83.03019,31.62369],[-83.04448,31.62412],[-83.04485,31.61081],[-83.05881,31.61122],[-83.06005,31.5655],[-83.07366,31.53453],[-83.08253,31.52445],[-83.0842,31.51459],[-83.09628,31.50696],[-83.10169,31.49368],[-83.11032,31.48234],[-83.11166,31.47823],[-83.11531,31.47792],[-83.11982,31.47368],[-83.14559,31.47228]]]},"properties":{"NAME10":"Irwin","NAMELSAD10":"Irwin County","GEOID10":"13155"}},{"type":"Feature","geometry":{"type":"Polygon","coordinates":[[[-81.85795,32.95388],[-81.95645,32.92373],[-82.08133,32.91679],[-82.12375,32.88366],[-82.14795,32.81976],[-82.14503,32.81268],[-82.14693,32.81489],[-82.15122,32.81432],[-82.15468,32.81583],[-82.15463,32.81415],[-82.15778,32.81604],[-82.16029,32.81511],[-82.16006,32.81295],[-82.16596,32.8125],[-82.16805,32.81084],[-82.17489,32.81331],[-82.1854,32.80843],[-82.18703,32.80944],[-82.18769,32.80676],[-82.19418,32.80694],[-82.19581,32.8092],[-82.20298,32.80396],[-82.20785,32.80565],[-82.21417,32.80372],[-82.21584,32.80472],[-82.21594,32.80814],[-82.2198,32.80925],[-82.22056,32.80803],[-82.22295,32.8127],[-82.23501,32.8147],[-82.23967,32.81243],[-82.24284,32.81315],[-82.24991,32.81857],[-82.25323,32.81754],[-82.25532,32.82044],[-82.25418,32.82255],[-82.2563,32.82399],[-82.26178,32.82326],[-82.26589,32.82638],[-82.26636,32.8246],[-82.26962,32.82429],[-82.26889,32.82244],[-82.27112,32.82108],[-82.27823,32.8257],[-82.30014,32.82583],[-82.31236,32.83],[-82.31652,32.83595],[-82.29535,32.87936],[-82.27236,32.9378],[-82.28189,33.00824],[-82.28799,33.03739],[-82.29118,33.06298],[-82.28106,33.11036],[-82.26684,33.15312],[-82.24461,33.20568],[-82.23281,33.22854],[-82.23304,33.23176],[-82.23661,33.23134],[-82.24115,33.23332],[-82.24082,33.23933],[-82.24701,33.24587],[-82.24664,33.24887],[-82.24938,33.25311],[-82.25443,33.25661],[-82.25495,33.25938],[-82.26245,33.26567],[-82.26758,33.2674],[-82.17852,33.29555],[-82.17,33.297],[-82.16397,33.29548],[-82.1611,33.28939],[-82.15205,33.2824],[-82.14379,33.28187],[-82.13375,33.27589],[-82.1325,33.26901],[-82.12994,33.26671],[-82.13011,33.26047],[-82.12533,33.24967],[-82.10913,33.24131],[-82.10606,33.23562],[-82.10094,33.23168],[-82.08817,33.23025],[-82.07231,33.23904],[-82.06003,33.24257],[-82.04603,33.23641],[-82.0291,33.23195],[-82.01149,33.23391],[-81.99677,33.23106],[-81.98995,33.22792],[-81.98655,33.22887],[-81.9792,33.22717],[-81.95162,33.23894],[-81.94049,33.24694],[-81.93739,33.25171],[-81.92749,33.25449],[-81.92378,33.25717],[-81.90611,33.25912],[-81.90129,33.2613],[-81.89044,33.26015],[-81.88604,33.26186],[-81.87748,33.25873],[-81.86344,33.24738],[-81.8583,33.24574],[-81.85194,33.24755],[-81.84654,33.24175],[-81.83504,33.23615],[-81.82794,33.22875],[-81.81044,33.22325],[-81.80814,33.21945],[-81.80794,33.21375],[-81.80524,33.21145],[-81.79824,33.21165],[-81.79024,33.20845],[-81.78454,33.20815],[-81.77754,33.21135],[-81.77734,33.21495],[-81.78104,33.21985],[-81.78014,33.22115],[-81.77404,33.22115],[-81.76894,33.21745],[-81.76354,33.20365],[-81.75684,33.19795],[-81.75954,33.19475],[-81.76064,33.18925],[-81.76704,33.18655],[-81.76764,33.18355],[-81.76494,33.17996],[-81.76544,33.17835],[-81.76824,33.17826],[-81.77244,33.18126],[-81.76674,33.17146],[-81.76804,33.16756],[-81.76424,33.16526],[-81.76274,33.15885],[-81.75214,33.14856],[-81.74634,33.14606],[-81.74384,33.14146],[-81.72954,33.13376],[-81.72174,33.12646],[-81.71164,33.12196],[-81.70464,33.11646],[-81.69694,33.11656],[-81.67944,33.11176],[-81.65904,33.10346],[-81.64374,33.09356],[-81.63724,33.09296],[-81.61726,33.0957],[-81.61166,33.09427],[-81.60829,33.08903],[-81.61295,33.08399],[-81.61208,33.08003],[-81.60684,33.08172],[-81.60132,33.08706],[-81.5965,33.0799],[-81.60325,33.07443],[-81.60095,33.07282],[-81.59603,33.0727],[-81.59359,33.0695],[-81.59252,33.07307],[-81.58731,33.06986],[-81.58436,33.06991],[-81.58298,33.06858],[-81.58311,33.06497],[-81.57719,33.06595],[-81.57716,33.06434],[-81.581,33.0627],[-81.57491,33.06181],[-81.57451,33.06006],[-81.57834,33.05894],[-81.57813,33.05778],[-81.5718,33.05809],[-81.57288,33.05419],[-81.56631,33.05344],[-81.56277,33.05613],[-81.56699,33.06041],[-81.56338,33.06016],[-81.5594,33.05491],[-81.55918,33.05177],[-81.56035,33.05004],[-81.56601,33.04942],[-81.5655,33.04789],[-81.55315,33.0432],[-81.5466,33.04883],[-81.54378,33.04858],[-81.54183,33.04566],[-81.76777,32.90927],[-81.77222,32.91196],[-81.77415,32.92047],[-81.78366,32.92849],[-81.78797,32.93011],[-81.79112,32.9294],[-81.80084,32.93549],[-81.80531,32.93564],[-81.80675,32.93408],[-81.8146,32.93683],[-81.81555,32.94317],[-81.81974,32.94611],[-81.82887,32.94228],[-81.83429,32.94487],[-81.83898,32.94451],[-81.84489,32.94855],[-81.85394,32.95011],[-81.85795,32.95388]]]},"properties":{"NAME10":"Burke","NAMELSAD10":"Burke County","GEOID10":"13033"}},{"type":"Feature","geometry":{"type":"Polygon","coordinates":[[[-84.29468,33.43572],[-84.29416,33.48433],[-84.28392,33.48435],[-84.28253,33.53135],[-84.28253,33.53289],[-84.29256,33.53299],[-84.29212,33.54915],[-84.26371,33.54893],[-84.26358,33.58225],[-84.25309,33.58218],[-84.25325,33.59143],[-84.24392,33.59141],[-84.24386,33.59862],[-84.25323,33.59877],[-84.25325,33.60694],[-84.26297,33.60696],[-84.26257,33.63101],[-84.27206,33.63122],[-84.27186,33.63924],[-84.28147,33.63938],[-84.28128,33.64742],[-84.24578,33.64693],[-84.24546,33.63074],[-84.22424,33.63066],[-84.22396,33.64658],[-84.18415,33.64616],[-84.18394,33.64241],[-84.17946,33.63255],[-84.18159,33.62918],[-84.17212,33.62191],[-84.15381,33.59729],[-84.14971,33.5868],[-84.14683,33.58663],[-84.14497,33.58343],[-84.14011,33.58016],[-84.13935,33.57442],[-84.13385,33.56999],[-84.13088,33.56434],[-84.12331,33.56104],[-84.11732,33.56291],[-84.11535,33.56613],[-84.10683,33.56642],[-84.08989,33.55467],[-84.08207,33.55546],[-84.07721,33.55095],[-84.07449,33.55136],[-84.07289,33.54816],[-84.07009,33.54703],[-84.06573,33.54948],[-84.05959,33.54056],[-84.05169,33.54239],[-84.04858,33.53871],[-84.05137,33.53604],[-84.05086,33.5305],[-84.05585,33.53053],[-84.05629,33.52674],[-84.05312,33.52634],[-84.04668,33.53067],[-84.04442,33.52633],[-84.04801,33.52267],[-84.05489,33.51951],[-84.05444,33.515],[-84.05136,33.51103],[-84.04916,33.51105],[-84.04829,33.5122],[-84.05065,33.51638],[-84.04295,33.51989],[-84.04185,33.51823],[-84.043,33.50979],[-84.03561,33.50906],[-84.03413,33.50375],[-84.03003,33.5001],[-84.03169,33.49779],[-84.03692,33.49705],[-84.03719,33.49579],[-84.02784,33.4915],[-84.02573,33.49659],[-84.0158,33.49806],[-84.01218,33.49219],[-84.00031,33.49435],[-83.99143,33.49284],[-83.98576,33.48799],[-83.98354,33.48875],[-83.98026,33.487],[-83.97646,33.48883],[-83.97397,33.4835],[-83.96937,33.48681],[-83.95541,33.48374],[-83.94928,33.48574],[-83.94636,33.4828],[-83.94776,33.47674],[-83.94456,33.47153],[-83.93782,33.46784],[-83.93517,33.46016],[-83.93145,33.45741],[-83.93198,33.45467],[-83.9225,33.45044],[-83.92488,33.44592],[-83.92392,33.4442],[-83.9326,33.44452],[-83.93326,33.44159],[-83.9435,33.44179],[-83.94352,33.4253],[-83.95403,33.42523],[-83.95403,33.41925],[-83.96311,33.41919],[-83.96311,33.40759],[-83.97313,33.40756],[-83.97322,33.3852],[-83.966,33.38513],[-83.96733,33.38031],[-83.96354,33.37841],[-83.96438,33.37516],[-83.97692,33.37475],[-83.97872,33.37201],[-83.98602,33.36748],[-84.00761,33.36835],[-84.01303,33.36007],[-84.02101,33.35694],[-84.02484,33.35727],[-84.02444,33.36129],[-84.03269,33.36165],[-84.033,33.3428],[-84.04254,33.34112],[-84.04267,33.33655],[-84.04453,33.3372],[-84.0446,33.3335],[-84.04267,33.33351],[-84.04266,33.33133],[-84.0458,33.33132],[-84.04591,33.32956],[-84.05365,33.32956],[-84.05371,33.31775],[-84.06127,33.30959],[-84.0636,33.30981],[-84.06354,33.31762],[-84.073,33.31762],[-84.07335,33.30182],[-84.08024,33.30188],[-84.08615,33.29764],[-84.0886,33.30195],[-84.10244,33.3021],[-84.10259,33.2982],[-84.10885,33.30129],[-84.11009,33.29913],[-84.11376,33.29775],[-84.11855,33.30243],[-84.12413,33.30009],[-84.13426,33.30366],[-84.13483,33.30792],[-84.13876,33.30892],[-84.13983,33.31293],[-84.14304,33.31466],[-84.14626,33.31397],[-84.14502,33.31654],[-84.14892,33.31506],[-84.14818,33.31314],[-84.15091,33.31299],[-84.15059,33.33565],[-84.24727,33.33582],[-84.24744,33.35263],[-84.3544,33.35252],[-84.35359,33.43617],[-84.32324,33.43619],[-84.32339,33.42803],[-84.30423,33.42744],[-84.30433,33.43573],[-84.29468,33.43572]]]},"properties":{"NAME10":"Henry","NAMELSAD10":"Henry County","GEOID10":"13151"}},{"type":"Feature","geometry":{"type":"Polygon","coordinates":[[[-81.19257,31.57879],[-81.19019,31.59868],[-81.19646,31.60757],[-81.20269,31.61238],[-81.21604,31.61879],[-81.22222,31.63043],[-81.23732,31.63943],[-81.25211,31.64329],[-81.26187,31.65015],[-81.27704,31.65245],[-81.29836,31.64934],[-81.30242,31.65072],[-81.3129,31.65868],[-81.31802,31.65986],[-81.32685,31.65352],[-81.33568,31.65027],[-81.33808,31.64712],[-81.34017,31.64735],[-81.34443,31.65162],[-81.35558,31.65468],[-81.35991,31.6525],[-81.36433,31.65434],[-81.3646,31.65038],[-81.36618,31.64897],[-81.37095,31.65179],[-81.37121,31.64827],[-81.37441,31.64718],[-81.37553,31.64786],[-81.37272,31.65035],[-81.37504,31.65407],[-81.37778,31.65511],[-81.3763,31.6528],[-81.37699,31.65018],[-81.38027,31.65087],[-81.38022,31.64866],[-81.38236,31.64888],[-81.38364,31.64646],[-81.38715,31.64882],[-81.38794,31.64619],[-81.39183,31.64562],[-81.39123,31.64374],[-81.39607,31.64242],[-81.40017,31.64406],[-81.39981,31.64632],[-81.40175,31.64471],[-81.40129,31.64641],[-81.40303,31.64555],[-81.40274,31.64716],[-81.4038,31.6464],[-81.40804,31.64876],[-81.41009,31.64699],[-81.41122,31.64901],[-81.414,31.64933],[-81.41496,31.65194],[-81.41759,31.6521],[-81.4249,31.64907],[-81.428,31.64199],[-81.43389,31.64097],[-81.43685,31.64321],[-81.44308,31.65402],[-81.45533,31.65941],[-81.461,31.67186],[-81.46772,31.67855],[-81.46774,31.68062],[-81.46087,31.68369],[-81.4611,31.68749],[-81.46569,31.69417],[-81.47638,31.69834],[-81.49961,31.69997],[-81.64176,31.76546],[-81.64331,31.78591],[-81.64524,31.7877],[-81.66033,31.80081],[-81.68914,31.8091],[-81.69518,31.8126],[-81.69977,31.82082],[-81.71404,31.83473],[-81.72871,31.84184],[-81.73585,31.85399],[-81.75233,31.86121],[-81.76536,31.87455],[-81.76624,31.88685],[-81.75851,31.90043],[-81.75984,31.90615],[-81.75309,31.91479],[-81.74542,31.93628],[-81.74658,31.94557],[-81.74291,31.95491],[-81.74702,31.96944],[-81.75212,31.97424],[-81.7711,31.97743],[-81.77582,31.98089],[-81.79393,31.9778],[-81.79532,31.98095],[-81.79886,31.98107],[-81.80395,31.98593],[-81.80472,31.99284],[-81.80918,31.99855],[-81.814,32.00284],[-81.82239,32.0069],[-81.82441,32.01489],[-81.81339,32.01624],[-81.80993,32.01966],[-81.76174,32.04791],[-81.71866,32.08936],[-81.71522,32.08952],[-81.71423,32.09247],[-81.71151,32.09067],[-81.7094,32.09202],[-81.70501,32.08843],[-81.69845,32.09072],[-81.69603,32.08745],[-81.69308,32.08845],[-81.69092,32.08715],[-81.68856,32.08026],[-81.68468,32.07652],[-81.67642,32.07448],[-81.67282,32.0682],[-81.67298,32.06395],[-81.66627,32.06266],[-81.66487,32.05927],[-81.66069,32.05732],[-81.65122,32.05836],[-81.64836,32.0538],[-81.6439,32.05384],[-81.64452,32.05099],[-81.63998,32.04965],[-81.64113,32.04832],[-81.63936,32.04758],[-81.64019,32.04625],[-81.63841,32.04582],[-81.63835,32.04353],[-81.63539,32.04423],[-81.63683,32.04073],[-81.63388,32.04143],[-81.63309,32.03947],[-81.63179,32.0404],[-81.6313,32.03815],[-81.62605,32.03581],[-81.62236,32.03093],[-81.61952,32.03254],[-81.61702,32.02607],[-81.61423,32.02545],[-81.6185,32.0246],[-81.61678,32.02118],[-81.61376,32.02044],[-81.61435,32.01916],[-81.61181,32.01831],[-81.61276,32.0172],[-81.61152,32.01594],[-81.60915,32.01759],[-81.607,32.01213],[-81.60344,32.00907],[-81.60566,32.00397],[-81.60224,32.00294],[-81.60025,31.99669],[-81.59798,31.99557],[-81.60168,31.99493],[-81.60189,31.99364],[-81.59363,31.99141],[-81.59519,31.98985],[-81.5928,31.98923],[-81.59482,31.98726],[-81.59214,31.98302],[-81.59432,31.98205],[-81.5934,31.97966],[-81.59155,31.98004],[-81.59104,31.97708],[-81.5933,31.97124],[-81.59038,31.9717],[-81.58753,31.96973],[-81.58561,31.97166],[-81.58073,31.97096],[-81.57762,31.97246],[-81.57211,31.96961],[-81.57156,31.9675],[-81.56639,31.96571],[-81.56455,31.9596],[-81.55752,31.95934],[-81.55236,31.95734],[-81.5485,31.96022],[-81.54743,31.95735],[-81.54499,31.9595],[-81.53549,31.95993],[-81.53697,31.96328],[-81.53225,31.96415],[-81.53109,31.96199],[-81.52513,31.96216],[-81.52233,31.95896],[-81.5183,31.95993],[-81.51474,31.96263],[-81.51661,31.96678],[-81.5128,31.96799],[-81.51269,31.96934],[-81.5097,31.96876],[-81.50399,31.96279],[-81.4953,31.96861],[-81.48727,31.96635],[-81.48548,31.96365],[-81.48297,31.96641],[-81.48548,31.96928],[-81.47951,31.97076],[-81.48336,31.97253],[-81.47576,31.97426],[-81.47136,31.97219],[-81.46385,31.95002],[-81.42488,31.93816],[-81.40746,31.94421],[-81.40488,31.93668],[-81.39971,31.92919],[-81.40164,31.92732],[-81.40105,31.92223],[-81.40431,31.92011],[-81.40374,31.91703],[-81.40039,31.91431],[-81.39964,31.90951],[-81.39443,31.90472],[-81.39514,31.90104],[-81.3916,31.89381],[-81.39561,31.88742],[-81.39496,31.88527],[-81.39643,31.88317],[-81.39278,31.88031],[-81.38666,31.88],[-81.38294,31.87609],[-81.3832,31.87258],[-81.38071,31.86685],[-81.38398,31.86213],[-81.38245,31.85895],[-81.38357,31.85817],[-81.38121,31.85648],[-81.38203,31.85428],[-81.37833,31.85273],[-81.37894,31.85085],[-81.37677,31.85031],[-81.3781,31.84868],[-81.37503,31.84808],[-81.37481,31.84659],[-81.37185,31.84693],[-81.3731,31.84356],[-81.37208,31.84015],[-81.36925,31.8409],[-81.36951,31.84439],[-81.36642,31.84663],[-81.36375,31.84397],[-81.36492,31.84085],[-81.36215,31.83701],[-81.3537,31.83822],[-81.35303,31.83616],[-81.35703,31.83464],[-81.35808,31.83123],[-81.35171,31.82593],[-81.34481,31.82479],[-81.34658,31.81837],[-81.3552,31.81932],[-81.35658,31.81784],[-81.35584,31.81491],[-81.34925,31.81422],[-81.3396,31.81806],[-81.33896,31.82037],[-81.34287,31.82795],[-81.34012,31.83033],[-81.33396,31.83149],[-81.33254,31.83402],[-81.33473,31.8362],[-81.34397,31.83442],[-81.34545,31.83704],[-81.34001,31.84056],[-81.33112,31.83948],[-81.32623,31.83012],[-81.32855,31.82579],[-81.32823,31.82302],[-81.32297,31.82177],[-81.31505,31.81679],[-81.32003,31.80842],[-81.31033,31.79952],[-81.31103,31.78992],[-81.30223,31.78942],[-81.28383,31.79442],[-81.27743,31.79462],[-81.27353,31.79262],[-81.26843,31.78462],[-81.27075,31.7688],[-81.27001,31.76323],[-81.26765,31.75922],[-81.26093,31.75432],[-81.22087,31.74364],[-81.21447,31.73964],[-81.20435,31.72863],[-81.16968,31.71529],[-81.1417,31.71102],[-81.05152,31.7052],[-81.04979,31.68864],[-81.05901,31.66601],[-81.06664,31.65733],[-81.06964,31.64241],[-81.06583,31.62523],[-81.07669,31.59795],[-81.08319,31.56492],[-81.08707,31.52916],[-81.09236,31.52318],[-81.09539,31.52099],[-81.17515,31.53967],[-81.18113,31.54223],[-81.18994,31.54863],[-81.19424,31.55514],[-81.19489,31.56319],[-81.19257,31.57879]]]},"properties":{"NAME10":"Liberty","NAMELSAD10":"Liberty County","GEOID10":"13179"}},{"type":"Feature","geometry":{"type":"Polygon","coordinates":[[[-83.25043,34.24346],[-83.24988,34.245],[-83.24619,34.24475],[-83.24089,34.24182],[-83.23738,34.24192],[-83.23905,34.24642],[-83.23668,34.24815],[-83.22408,34.24385],[-83.21652,34.24653],[-83.21422,34.24549],[-83.21402,34.24316],[-83.209,34.24404],[-83.20283,34.24834],[-83.19471,34.24705],[-83.18035,34.23991],[-83.17275,34.23853],[-83.11336,34.27354],[-83.11585,34.26213],[-83.07775,34.22286],[-83.08446,34.21145],[-83.09549,34.20249],[-83.0948,34.19487],[-83.09205,34.19016],[-83.10254,34.17296],[-83.10258,34.16834],[-83.09613,34.16238],[-83.08608,34.15905],[-83.07618,34.15329],[-83.06692,34.15428],[-83.06668,34.15243],[-83.06088,34.14772],[-83.063,34.14567],[-83.06126,34.1409],[-83.04834,34.12958],[-83.05041,34.12625],[-83.04792,34.1211],[-83.03723,34.11777],[-83.03078,34.11307],[-83.03261,34.10995],[-83.03005,34.10396],[-83.0332,34.10245],[-83.03607,34.09827],[-83.0321,34.09661],[-83.01309,34.07735],[-83.01097,34.07649],[-83.00877,34.07901],[-83.00502,34.07855],[-83.00218,34.0704],[-82.99008,34.0638],[-82.99054,34.05736],[-82.98777,34.05199],[-82.98067,34.04717],[-82.97788,34.04858],[-82.9763,34.04323],[-82.98532,34.04191],[-82.98349,34.03856],[-82.9845,34.03539],[-82.99015,34.03811],[-82.99081,34.03504],[-82.99472,34.03551],[-83.00183,34.0308],[-83.01087,34.03108],[-83.01493,34.03504],[-83.01654,34.03268],[-83.02019,34.03259],[-83.02076,34.0289],[-83.02933,34.03089],[-83.03187,34.02599],[-83.03798,34.02622],[-83.04849,34.01575],[-83.053,34.01953],[-83.06206,34.01916],[-83.0658,34.02404],[-83.06893,34.0238],[-83.07134,34.02715],[-83.07529,34.02684],[-83.07726,34.02497],[-83.08171,34.02893],[-83.08386,34.02846],[-83.09027,34.03225],[-83.09101,34.03496],[-83.09513,34.02713],[-83.09793,34.02918],[-83.10097,34.0248],[-83.10865,34.02928],[-83.10939,34.03528],[-83.11184,34.03757],[-83.11507,34.03701],[-83.11536,34.03892],[-83.12431,34.04392],[-83.12413,34.04764],[-83.13093,34.04467],[-83.13511,34.04475],[-83.1548,34.03656],[-83.16404,34.03469],[-83.18113,34.02071],[-83.18769,34.01821],[-83.19297,34.01057],[-83.21201,34.00278],[-83.22192,34.00072],[-83.22217,34.00545],[-83.22501,34.00958],[-83.22772,34.00835],[-83.23701,34.01356],[-83.25826,33.99894],[-83.26417,34.00663],[-83.26685,34.0046],[-83.27354,34.00666],[-83.28015,34.00363],[-83.2864,34.00717],[-83.29444,34.00809],[-83.32192,34.02684],[-83.38691,34.05013],[-83.38535,34.05454],[-83.38327,34.05544],[-83.38306,34.06113],[-83.38127,34.06247],[-83.3823,34.06688],[-83.37713,34.06776],[-83.37492,34.07127],[-83.37539,34.07394],[-83.38137,34.07855],[-83.37413,34.08238],[-83.37386,34.09051],[-83.36768,34.09892],[-83.36811,34.10138],[-83.36371,34.10734],[-83.36365,34.11011],[-83.35705,34.11621],[-83.35768,34.1357],[-83.36134,34.14963],[-83.36155,34.15835],[-83.36384,34.16407],[-83.37944,34.17131],[-83.38561,34.18224],[-83.39382,34.18525],[-83.40243,34.19751],[-83.40013,34.20053],[-83.38926,34.20438],[-83.37243,34.20594],[-83.37052,34.20923],[-83.36563,34.21074],[-83.36343,34.2157],[-83.35964,34.21796],[-83.35898,34.22262],[-83.35237,34.22403],[-83.35019,34.22611],[-83.34446,34.2362],[-83.33676,34.23801],[-83.32835,34.24891],[-83.32439,34.24883],[-83.31959,34.25257],[-83.3139,34.25452],[-83.31353,34.2592],[-83.3083,34.25883],[-83.29927,34.26407],[-83.2927,34.26245],[-83.28649,34.25332],[-83.27641,34.25445],[-83.27527,34.25013],[-83.27326,34.24896],[-83.26519,34.24719],[-83.25466,34.24756],[-83.25212,34.24666],[-83.25043,34.24346]]]},"properties":{"NAME10":"Madison","NAMELSAD10":"Madison County","GEOID10":"13195"}},{"type":"Feature","geometry":{"type":"Polygon","coordinates":[[[-82.46361,32.09042],[-82.44113,32.218],[-82.43913,32.29261],[-82.40912,32.35384],[-82.40165,32.35227],[-82.39284,32.33553],[-82.38451,32.33773],[-82.37894,32.33691],[-82.37516,32.33204],[-82.36599,32.32491],[-82.36579,32.32281],[-82.35879,32.31865],[-82.35549,32.31035],[-82.35455,32.2922],[-82.34615,32.29189],[-82.32865,32.29449],[-82.32315,32.29339],[-82.27985,32.29419],[-82.23279,32.31884],[-82.235,32.31425],[-82.23148,32.30886],[-82.23228,32.30776],[-82.23066,32.30727],[-82.23233,32.30608],[-82.23067,32.30608],[-82.2286,32.30271],[-82.22733,32.29287],[-82.22881,32.29064],[-82.22751,32.28721],[-82.22946,32.2839],[-82.22724,32.28119],[-82.2279,32.27807],[-82.22592,32.27827],[-82.22643,32.27693],[-82.22144,32.27147],[-82.22226,32.26199],[-82.21977,32.26224],[-82.21944,32.25899],[-82.21742,32.25861],[-82.21912,32.25716],[-82.21511,32.25287],[-82.21629,32.24867],[-82.21473,32.24937],[-82.21193,32.24694],[-82.2112,32.24422],[-82.2128,32.24141],[-82.2117,32.23885],[-82.20976,32.23909],[-82.21112,32.23765],[-82.21052,32.23473],[-82.213,32.2347],[-82.21178,32.2331],[-82.21375,32.2294],[-82.2072,32.22082],[-82.20628,32.2178],[-82.20793,32.21583],[-82.20625,32.21134],[-82.20456,32.21128],[-82.20494,32.2097],[-82.20119,32.20761],[-82.20138,32.20589],[-82.19906,32.2042],[-82.19612,32.20498],[-82.19494,32.19628],[-82.19208,32.19459],[-82.19037,32.18962],[-82.18846,32.18932],[-82.18732,32.18316],[-82.18419,32.18001],[-82.18637,32.17702],[-82.18462,32.17332],[-82.18568,32.17101],[-82.18381,32.16961],[-82.18611,32.16718],[-82.18192,32.16613],[-82.18427,32.1638],[-82.18277,32.16027],[-82.1869,32.15574],[-82.18491,32.15455],[-82.18747,32.14986],[-82.18901,32.15071],[-82.18915,32.14609],[-82.19532,32.14094],[-82.19301,32.13643],[-82.19484,32.13415],[-82.20442,32.07678],[-82.22505,31.91308],[-82.23094,31.91241],[-82.23283,31.91891],[-82.23633,31.92051],[-82.24292,31.91511],[-82.24681,31.91511],[-82.24904,31.92187],[-82.25459,31.92748],[-82.25604,31.9321],[-82.25971,31.93241],[-82.26316,31.92796],[-82.26678,31.92841],[-82.27034,31.93588],[-82.27762,31.93708],[-82.28642,31.94245],[-82.29159,31.9424],[-82.2981,31.934],[-82.30112,31.93328],[-82.30602,31.93869],[-82.30951,31.94655],[-82.31391,31.94713],[-82.3161,31.94523],[-82.31533,31.94281],[-82.30768,31.93728],[-82.30887,31.9327],[-82.31449,31.93079],[-82.32328,31.9345],[-82.35801,31.93969],[-82.36234,31.9437],[-82.37242,31.94146],[-82.37765,31.9419],[-82.37845,31.946],[-82.37215,31.9512],[-82.37155,31.9535],[-82.37954,31.95498],[-82.38446,31.96003],[-82.38764,31.95969],[-82.38904,31.95779],[-82.38544,31.95139],[-82.38714,31.94819],[-82.39084,31.94929],[-82.39324,31.95559],[-82.40085,31.96029],[-82.40425,31.95849],[-82.40185,31.95249],[-82.40555,31.94919],[-82.40815,31.95029],[-82.40845,31.95609],[-82.43015,31.966],[-82.44445,31.9675],[-82.45756,31.9638],[-82.47796,31.97161],[-82.48313,31.96897],[-82.46361,32.09042]]]},"properties":{"NAME10":"Toombs","NAMELSAD10":"Toombs County","GEOID10":"13279"}},{"type":"Feature","geometry":{"type":"Polygon","coordinates":[[[-84.04295,33.02393],[-84.04108,33.12514],[-84.0415,33.20264],[-83.87702,33.20239],[-83.86812,33.20194],[-83.86575,33.20022],[-83.85957,33.20065],[-83.85253,33.19484],[-83.84604,33.19718],[-83.84113,33.19607],[-83.83868,33.1909],[-83.83528,33.18936],[-83.83481,33.1865],[-83.82227,33.18024],[-83.82464,33.17592],[-83.82397,33.16059],[-83.81398,33.14826],[-83.81707,33.14394],[-83.81637,33.12457],[-83.8138,33.12214],[-83.80599,33.12179],[-83.79902,33.11658],[-83.79555,33.11013],[-83.79471,33.10409],[-83.78106,33.09252],[-83.77944,33.08657],[-83.77495,33.08015],[-83.74701,33.06338],[-83.74336,33.05373],[-83.73811,33.0486],[-83.73731,33.04387],[-83.72537,33.03267],[-83.72122,33.02337],[-83.72267,33.01997],[-83.72965,33.01357],[-83.72684,33.00755],[-83.7213,33.0046],[-83.71899,33.00109],[-83.72334,32.99742],[-83.72464,32.99358],[-83.72157,32.98765],[-83.72285,32.97638],[-83.71774,32.97301],[-83.71549,32.96936],[-83.70718,32.96608],[-83.70602,32.96179],[-83.71069,32.9528],[-83.73412,32.9524],[-83.73416,32.95102],[-83.73057,32.95102],[-83.73062,32.94502],[-83.72456,32.94484],[-83.77424,32.91413],[-83.78867,32.90933],[-83.81366,32.89712],[-83.89193,32.84836],[-83.96843,32.84887],[-83.96831,32.85714],[-83.97811,32.85714],[-83.97841,32.84894],[-84.12428,32.84957],[-84.12334,32.93219],[-84.05418,32.9315],[-84.05358,32.94804],[-84.04412,32.94788],[-84.04295,33.02393]]]},"properties":{"NAME10":"Monroe","NAMELSAD10":"Monroe County","GEOID10":"13207"}},{"type":"Feature","geometry":{"type":"Polygon","coordinates":[[[-82.9705,30.94982],[-82.9698,31.09704],[-82.97125,31.18399],[-82.67167,31.18374],[-82.59207,31.01849],[-82.58721,31.01765],[-82.57988,31.01074],[-82.57209,31.01027],[-82.55792,31.00219],[-82.55059,31.00086],[-82.54996,30.99643],[-82.54581,30.98972],[-82.53705,30.98573],[-82.5276,30.96977],[-82.52117,30.96714],[-82.52013,30.96314],[-82.49056,30.96317],[-82.49221,30.83257],[-82.49548,30.81956],[-82.43586,30.82007],[-82.43525,30.72915],[-82.42013,30.7292],[-82.41999,30.71664],[-82.43512,30.71657],[-82.43506,30.70353],[-82.42891,30.69032],[-82.42914,30.66411],[-82.43116,30.65143],[-82.43087,30.61285],[-82.4188,30.61314],[-82.41892,30.58177],[-82.58401,30.59155],[-82.58278,30.65808],[-82.5799,30.65871],[-82.5847,30.6634],[-82.58649,30.67496],[-82.58064,30.69053],[-82.57878,30.69084],[-82.58121,30.69624],[-82.58817,30.70076],[-82.58984,30.70598],[-82.60401,30.71368],[-82.61026,30.71331],[-82.61278,30.71531],[-82.61481,30.71451],[-82.62524,30.71857],[-82.63736,30.71714],[-82.65346,30.72077],[-82.65554,30.72264],[-82.66264,30.72233],[-82.67017,30.72549],[-82.67437,30.72437],[-82.69194,30.73396],[-82.69839,30.73415],[-82.70998,30.72924],[-82.71759,30.73037],[-82.72971,30.7291],[-82.73456,30.73225],[-82.74358,30.73353],[-82.75261,30.73123],[-82.76096,30.73345],[-82.7666,30.73235],[-82.77417,30.73625],[-82.77724,30.73603],[-82.77859,30.73754],[-82.79536,30.7421],[-82.79959,30.74693],[-82.80529,30.74984],[-82.80738,30.755],[-82.80698,30.76204],[-82.81046,30.76531],[-82.80987,30.76729],[-82.81564,30.77582],[-82.82038,30.77627],[-82.82347,30.7801],[-82.82878,30.78059],[-82.83207,30.78302],[-82.83483,30.79996],[-82.83025,30.81065],[-82.83911,30.81834],[-82.84129,30.82457],[-82.84591,30.8272],[-82.84754,30.83304],[-82.84636,30.83499],[-82.97134,30.8694],[-82.9705,30.94982]]]},"properties":{"NAME10":"Clinch","NAMELSAD10":"Clinch County","GEOID10":"13065"}},{"type":"Feature","geometry":{"type":"Polygon","coordinates":[[[-83.40932,33.70188],[-83.41618,33.70513],[-83.41805,33.70443],[-83.41946,33.70919],[-83.42416,33.71275],[-83.42401,33.71541],[-83.43122,33.7155],[-83.43456,33.71922],[-83.43992,33.71918],[-83.44532,33.72261],[-83.44688,33.73312],[-83.45036,33.73479],[-83.45278,33.74215],[-83.45057,33.74734],[-83.45362,33.74883],[-83.45474,33.75861],[-83.45952,33.76551],[-83.45816,33.76848],[-83.46171,33.77401],[-83.46501,33.77456],[-83.47065,33.78019],[-83.47077,33.78443],[-83.47429,33.78707],[-83.47329,33.78963],[-83.47858,33.79228],[-83.47778,33.79603],[-83.47582,33.79608],[-83.47527,33.79842],[-83.48162,33.79724],[-83.48297,33.79996],[-83.47953,33.80227],[-83.48329,33.80258],[-83.48331,33.80573],[-83.48575,33.80728],[-83.48764,33.80471],[-83.49107,33.80615],[-83.49262,33.80521],[-83.49255,33.80743],[-83.49631,33.81278],[-83.49915,33.81455],[-83.5016,33.81333],[-83.50105,33.81672],[-83.50256,33.81734],[-83.5092,33.81772],[-83.51061,33.81539],[-83.5159,33.81779],[-83.51742,33.81652],[-83.52013,33.81967],[-83.52168,33.8182],[-83.52922,33.8212],[-83.53334,33.82096],[-83.53138,33.82428],[-83.54341,33.83277],[-83.56178,33.84249],[-83.56587,33.8468],[-83.57327,33.84741],[-83.57465,33.84901],[-83.57473,33.85422],[-83.58158,33.85992],[-83.58277,33.86286],[-83.58506,33.86449],[-83.58686,33.86337],[-83.58818,33.86452],[-83.58903,33.86194],[-83.59063,33.86337],[-83.58734,33.86764],[-83.58619,33.87698],[-83.58232,33.88185],[-83.58377,33.88386],[-83.59373,33.88131],[-83.59629,33.88284],[-83.60119,33.88165],[-83.60266,33.88365],[-83.60446,33.88171],[-83.60891,33.88114],[-83.61798,33.88355],[-83.61924,33.88552],[-83.62643,33.88494],[-83.63057,33.88681],[-83.63135,33.8975],[-83.63886,33.90831],[-83.64425,33.90695],[-83.64207,33.90583],[-83.64308,33.90489],[-83.64703,33.9062],[-83.53739,33.96592],[-83.50846,33.93124],[-83.49581,33.93024],[-83.49169,33.93246],[-83.47529,33.9289],[-83.46921,33.93114],[-83.46672,33.92623],[-83.461,33.92663],[-83.45401,33.92434],[-83.44805,33.92569],[-83.43835,33.92247],[-83.43542,33.92274],[-83.43068,33.92614],[-83.42201,33.92709],[-83.41889,33.9238],[-83.42022,33.9224],[-83.41552,33.91855],[-83.40618,33.9159],[-83.40488,33.91276],[-83.40292,33.91309],[-83.40222,33.91117],[-83.3943,33.90758],[-83.39347,33.9023],[-83.39081,33.89998],[-83.38248,33.89839],[-83.38491,33.89546],[-83.37904,33.89301],[-83.37341,33.88559],[-83.36625,33.88779],[-83.35995,33.87558],[-83.35281,33.8747],[-83.35246,33.8773],[-83.34572,33.87866],[-83.34439,33.87527],[-83.32788,33.86919],[-83.32402,33.86455],[-83.32475,33.86151],[-83.32779,33.86015],[-83.32539,33.85784],[-83.32651,33.85549],[-83.31987,33.85455],[-83.31304,33.85566],[-83.30227,33.85044],[-83.28903,33.85135],[-83.27594,33.84798],[-83.30662,33.81145],[-83.29836,33.81335],[-83.29236,33.81036],[-83.29434,33.80702],[-83.29425,33.79787],[-83.28905,33.79119],[-83.28293,33.78899],[-83.28321,33.78662],[-83.28083,33.78318],[-83.28414,33.77628],[-83.285,33.77039],[-83.28103,33.76412],[-83.28034,33.75954],[-83.2826,33.7595],[-83.28389,33.75667],[-83.28289,33.7548],[-83.28466,33.7531],[-83.29093,33.75135],[-83.29147,33.74531],[-83.2961,33.74329],[-83.2974,33.73907],[-83.29145,33.73432],[-83.40619,33.69831],[-83.40932,33.70188]]]},"properties":{"NAME10":"Oconee","NAMELSAD10":"Oconee County","GEOID10":"13219"}},{"type":"Feature","geometry":{"type":"Polygon","coordinates":[[[-83.32131,31.12016],[-83.32,31.12419],[-83.31408,31.12869],[-83.30961,31.14316],[-83.30482,31.14795],[-83.30452,31.15636],[-83.30657,31.16018],[-83.30561,31.16724],[-83.31776,31.17278],[-83.32389,31.1797],[-83.32647,31.18057],[-83.33436,31.19177],[-83.33218,31.21593],[-83.33744,31.22537],[-83.33315,31.23579],[-83.33422,31.24163],[-83.33686,31.24536],[-83.34704,31.25213],[-83.36616,31.24906],[-83.36994,31.25186],[-83.37676,31.25361],[-83.37902,31.25599],[-83.38118,31.25565],[-83.38726,31.25943],[-83.3888,31.26442],[-83.39957,31.27384],[-83.40269,31.27471],[-83.40941,31.2868],[-83.41285,31.28715],[-83.41648,31.29189],[-83.42232,31.29512],[-83.43002,31.29397],[-83.43531,31.30327],[-83.43378,31.31188],[-83.43869,31.31614],[-83.43901,31.31944],[-83.43597,31.32258],[-83.43544,31.32654],[-83.43693,31.32927],[-83.43218,31.33425],[-83.43405,31.33946],[-83.43248,31.34608],[-83.43476,31.34896],[-83.4345,31.35037],[-83.43023,31.35067],[-83.4299,31.36391],[-83.41533,31.36319],[-83.4152,31.37587],[-83.39993,31.37643],[-83.39951,31.38932],[-83.385,31.38877],[-83.3848,31.40103],[-83.37089,31.40115],[-83.36952,31.46506],[-83.33919,31.46507],[-83.33873,31.476],[-83.14559,31.47228],[-83.14519,31.46958],[-83.15085,31.46227],[-83.1508,31.45773],[-83.14489,31.45464],[-83.1391,31.44376],[-83.13985,31.43791],[-83.13593,31.43052],[-83.14002,31.42632],[-83.14017,31.41769],[-83.13759,31.41253],[-83.13793,31.40943],[-83.141,31.40674],[-83.14069,31.40195],[-83.13725,31.3987],[-83.12487,31.39307],[-83.12147,31.393],[-83.11634,31.38866],[-83.11512,31.38251],[-83.11612,31.37997],[-83.11161,31.37596],[-83.11244,31.37015],[-83.10786,31.36627],[-83.09971,31.35395],[-83.09714,31.35393],[-83.09717,31.35203],[-83.09394,31.35103],[-83.08805,31.35112],[-83.08925,31.34884],[-83.08701,31.34615],[-83.08496,31.3463],[-83.08431,31.34871],[-83.08196,31.34979],[-83.07625,31.34541],[-83.07561,31.34728],[-83.07239,31.34162],[-83.06895,31.34078],[-83.06896,31.33794],[-83.06655,31.33706],[-83.06704,31.33405],[-83.06389,31.33433],[-83.06293,31.3313],[-83.05957,31.32986],[-83.05949,31.32684],[-83.06133,31.32551],[-83.0581,31.32463],[-83.06027,31.32103],[-83.0592,31.31931],[-83.06115,31.31753],[-83.05966,31.31496],[-83.05755,31.31464],[-83.05891,31.31359],[-83.0591,31.30899],[-83.0578,31.30911],[-83.05901,31.30423],[-83.0557,31.30228],[-83.05524,31.30397],[-83.05368,31.30349],[-83.05117,31.30043],[-83.05156,31.29634],[-83.04823,31.29489],[-83.04744,31.2922],[-83.04508,31.29286],[-83.04797,31.29015],[-83.04603,31.28895],[-83.04683,31.28764],[-83.04475,31.28803],[-83.04744,31.28598],[-83.04699,31.28297],[-83.04088,31.28119],[-83.03982,31.27884],[-83.03694,31.28053],[-83.03794,31.27832],[-83.03616,31.27897],[-83.03347,31.27505],[-83.03531,31.27465],[-83.0348,31.27146],[-83.03702,31.2712],[-83.03571,31.27043],[-83.03625,31.26826],[-83.04183,31.26466],[-83.03839,31.25514],[-83.04205,31.25324],[-83.04079,31.25244],[-83.04331,31.24942],[-83.0417,31.24839],[-83.046,31.24541],[-83.04602,31.24236],[-83.0478,31.24087],[-83.04587,31.23569],[-83.04393,31.23504],[-83.04934,31.23379],[-83.0489,31.23258],[-83.05072,31.23209],[-83.04912,31.231],[-83.05087,31.22964],[-83.04939,31.2272],[-83.05155,31.22721],[-83.0522,31.22547],[-83.04953,31.22632],[-83.04909,31.22385],[-83.05046,31.22267],[-83.04776,31.22273],[-83.04523,31.22061],[-83.04721,31.21796],[-83.04619,31.21689],[-83.04831,31.21626],[-83.04659,31.21527],[-83.04708,31.21378],[-83.04981,31.21365],[-83.04915,31.21188],[-83.05102,31.21258],[-83.0492,31.20763],[-83.05188,31.20785],[-83.05158,31.20545],[-83.05013,31.20532],[-83.05111,31.20368],[-83.04857,31.2039],[-83.04983,31.20218],[-83.04543,31.20033],[-83.046,31.19548],[-83.04753,31.19499],[-83.04524,31.19433],[-83.04813,31.19269],[-83.0478,31.19033],[-83.04582,31.19035],[-83.04691,31.18778],[-83.04565,31.18597],[-83.0484,31.18575],[-83.04689,31.18294],[-83.05007,31.18328],[-83.04745,31.18121],[-83.04956,31.18063],[-83.04932,31.17622],[-83.04382,31.17461],[-83.04491,31.17049],[-83.041,31.17014],[-83.0401,31.16854],[-83.04219,31.1641],[-83.03888,31.1603],[-83.04018,31.15485],[-83.03637,31.15104],[-83.03917,31.15018],[-83.03825,31.14671],[-83.16508,31.1472],[-83.16722,31.06238],[-83.19788,31.06222],[-83.19797,31.02541],[-83.29506,31.02728],[-83.29429,31.0287],[-83.29581,31.0287],[-83.29219,31.03106],[-83.29222,31.03408],[-83.2891,31.0382],[-83.28844,31.03727],[-83.28777,31.03926],[-83.28687,31.03795],[-83.28362,31.04045],[-83.28575,31.04517],[-83.28511,31.05172],[-83.27981,31.05994],[-83.2809,31.06109],[-83.27973,31.06365],[-83.28189,31.06562],[-83.28449,31.06551],[-83.28729,31.06929],[-83.29027,31.06943],[-83.29157,31.06792],[-83.29248,31.0698],[-83.29607,31.07025],[-83.29447,31.07967],[-83.29737,31.08077],[-83.29796,31.08299],[-83.30222,31.08358],[-83.30062,31.08796],[-83.30269,31.08798],[-83.30147,31.08943],[-83.30416,31.09181],[-83.30642,31.09268],[-83.30679,31.0913],[-83.31193,31.09025],[-83.31736,31.09625],[-83.32194,31.09767],[-83.32047,31.09797],[-83.32157,31.10234],[-83.32058,31.10665],[-83.32285,31.10969],[-83.32131,31.12016]]]},"properties":{"NAME10":"Berrien","NAMELSAD10":"Berrien County","GEOID10":"13019"}},{"type":"Feature","geometry":{"type":"Polygon","coordinates":[[[-82.1584,30.78634],[-82.17816,30.79096],[-82.42045,30.79523],[-82.41513,30.95251],[-82.41561,31.0136],[-82.08121,31.01064],[-82.06087,31.07581],[-81.93541,31.04745],[-81.92852,31.04804],[-81.9291,31.04558],[-81.92624,31.04628],[-81.92324,31.04257],[-81.91884,31.04236],[-81.91784,31.04498],[-81.91638,31.04193],[-81.91153,31.04324],[-81.90604,31.03972],[-81.90463,31.03678],[-81.90626,31.03525],[-81.9041,31.03354],[-81.90601,31.03257],[-81.90622,31.0305],[-81.90264,31.02922],[-81.90371,31.02777],[-81.9068,31.02854],[-81.90583,31.02641],[-81.90782,31.02627],[-81.9085,31.02377],[-81.90436,31.02489],[-81.90403,31.02111],[-81.90676,31.02054],[-81.90568,31.01883],[-81.9072,31.01658],[-81.91025,31.01613],[-81.90828,31.01399],[-81.90916,31.01138],[-81.91146,31.01095],[-81.90878,31.00835],[-81.91105,31.00735],[-81.90918,31.00599],[-81.90955,31.00364],[-81.91165,31.0036],[-81.90673,31.00028],[-81.90736,30.99582],[-81.90849,30.99435],[-81.91294,30.99423],[-81.91455,30.99609],[-81.91244,30.99154],[-81.91567,30.9905],[-81.91389,30.9883],[-81.9177,30.98706],[-81.9152,30.98048],[-81.91616,30.97934],[-81.91347,30.97456],[-81.91085,30.97248],[-81.9065,30.97533],[-81.90721,30.97143],[-81.90163,30.96918],[-81.90352,30.96602],[-81.89188,30.96009],[-81.89284,30.95052],[-81.89913,30.94567],[-81.90065,30.94013],[-81.9109,30.92475],[-81.91552,30.91347],[-81.91243,30.90996],[-81.9077,30.91386],[-81.90216,30.915],[-81.90137,30.91305],[-81.90622,30.9088],[-81.89944,30.90865],[-81.89628,30.90482],[-81.89408,30.9054],[-81.89212,30.91001],[-81.90486,30.82835],[-81.90727,30.82556],[-81.90409,30.82042],[-81.90454,30.81775],[-81.90911,30.81569],[-81.91865,30.81782],[-81.92844,30.81744],[-81.92984,30.82008],[-81.93526,30.82107],[-81.93352,30.82338],[-81.93607,30.82449],[-81.9363,30.82777],[-81.93884,30.82985],[-81.93908,30.82722],[-81.94282,30.82851],[-81.94203,30.82556],[-81.94981,30.82777],[-81.96449,30.8173],[-81.96122,30.81404],[-81.96389,30.81295],[-81.96195,30.80871],[-81.96505,30.80681],[-81.96173,30.801],[-81.96226,30.79669],[-81.96903,30.79128],[-81.97246,30.77993],[-81.97805,30.77656],[-81.98847,30.78021],[-81.99558,30.78684],[-81.99741,30.7864],[-82.00378,30.79177],[-82.00586,30.79039],[-82.00768,30.79304],[-82.00829,30.79107],[-82.0104,30.79132],[-82.01167,30.78957],[-82.01419,30.78922],[-82.01298,30.79094],[-82.01633,30.79159],[-82.01772,30.79058],[-82.01698,30.7878],[-82.02249,30.78803],[-82.02373,30.78328],[-82.01738,30.77581],[-82.01837,30.77262],[-82.01516,30.77198],[-82.01161,30.76188],[-82.02017,30.75784],[-82.01759,30.755],[-82.02137,30.7552],[-82.02185,30.75363],[-82.02768,30.75094],[-82.03168,30.75039],[-82.03459,30.75429],[-82.03678,30.75444],[-82.0398,30.7473],[-82.03886,30.7437],[-82.04045,30.73798],[-82.0389,30.73616],[-82.04408,30.73126],[-82.04193,30.73001],[-82.04561,30.72756],[-82.03852,30.72264],[-82.03957,30.7193],[-82.03712,30.71854],[-82.0389,30.71766],[-82.03904,30.71496],[-82.03681,30.71304],[-82.03593,30.70621],[-82.03978,30.7022],[-82.03957,30.70068],[-82.04295,30.70089],[-82.04125,30.69939],[-82.04404,30.69737],[-82.04168,30.69616],[-82.04124,30.69104],[-82.04299,30.69007],[-82.04369,30.68395],[-82.04843,30.68244],[-82.0463,30.68113],[-82.05026,30.67612],[-82.04828,30.66891],[-82.04599,30.66638],[-82.04806,30.66504],[-82.04647,30.66081],[-82.04835,30.66293],[-82.0494,30.66201],[-82.04903,30.6553],[-82.04435,30.65295],[-82.04608,30.65208],[-82.04164,30.64899],[-82.03862,30.64095],[-82.04025,30.63971],[-82.03877,30.63867],[-82.04049,30.63606],[-82.03582,30.63186],[-82.03673,30.62998],[-82.03317,30.6295],[-82.03496,30.62684],[-82.03169,30.62502],[-82.03165,30.61954],[-82.02952,30.61916],[-82.02999,30.62192],[-82.02826,30.62202],[-82.02629,30.6134],[-82.02889,30.61169],[-82.02681,30.61088],[-82.02723,30.60667],[-82.02366,30.60678],[-82.01509,30.60061],[-82.01445,30.59629],[-82.01222,30.59392],[-82.0128,30.59031],[-82.01121,30.589],[-82.01216,30.58627],[-82.01021,30.58642],[-82.01076,30.58372],[-82.00888,30.58294],[-82.009,30.58015],[-82.00613,30.57713],[-82.00803,30.57704],[-82.00619,30.57496],[-82.00788,30.57497],[-82.00654,30.57295],[-82.00823,30.56972],[-82.00582,30.56514],[-82.00841,30.56366],[-82.0054,30.56358],[-82.00804,30.56026],[-82.01071,30.56074],[-82.01003,30.55788],[-82.00847,30.5581],[-82.0096,30.55621],[-82.00843,30.55453],[-82.01114,30.55348],[-82.00995,30.55044],[-82.01317,30.54995],[-82.01342,30.54245],[-82.01576,30.53954],[-82.01661,30.53474],[-82.01905,30.53302],[-82.0176,30.53233],[-82.01831,30.52853],[-82.01544,30.52851],[-82.01644,30.5269],[-82.01818,30.52752],[-82.01863,30.52384],[-82.0163,30.52191],[-82.01859,30.51949],[-82.01554,30.5201],[-82.01457,30.51232],[-82.01702,30.50714],[-82.01709,30.50208],[-82.01515,30.4999],[-82.01776,30.4958],[-82.01572,30.49483],[-82.01802,30.49208],[-82.01641,30.48868],[-82.01715,30.48559],[-82.01555,30.48396],[-82.01922,30.48298],[-82.01744,30.47988],[-82.01935,30.47898],[-82.01691,30.47512],[-82.0236,30.46722],[-82.02417,30.46448],[-82.02228,30.46139],[-82.02832,30.4554],[-82.02687,30.45373],[-82.02963,30.45075],[-82.02815,30.44726],[-82.03247,30.4416],[-82.03388,30.44232],[-82.03607,30.43847],[-82.04,30.43667],[-82.03946,30.43438],[-82.03773,30.43548],[-82.03533,30.428],[-82.03379,30.42766],[-82.03601,30.42497],[-82.03407,30.42004],[-82.03756,30.41754],[-82.04055,30.41764],[-82.03914,30.41706],[-82.03951,30.41551],[-82.04099,30.4166],[-82.04377,30.41487],[-82.04085,30.41494],[-82.04336,30.41306],[-82.04187,30.41132],[-82.04364,30.41056],[-82.0439,30.408],[-82.04129,30.40667],[-82.04469,30.40397],[-82.04007,30.39139],[-82.03584,30.38502],[-82.03816,30.38221],[-82.03664,30.3781],[-82.03882,30.3747],[-82.03677,30.37511],[-82.03814,30.37293],[-82.03716,30.37204],[-82.04075,30.37056],[-82.04176,30.36763],[-82.04449,30.36768],[-82.04214,30.36541],[-82.04512,30.36631],[-82.04777,30.36349],[-82.05809,30.35922],[-82.06242,30.36065],[-82.06286,30.35876],[-82.06542,30.35856],[-82.06491,30.35644],[-82.06619,30.35576],[-82.07267,30.36142],[-82.08112,30.35877],[-82.08332,30.36034],[-82.09472,30.36071],[-82.0987,30.36407],[-82.10108,30.3628],[-82.10063,30.36442],[-82.10238,30.36438],[-82.10156,30.36665],[-82.10524,30.3689],[-82.1104,30.36673],[-82.11034,30.36521],[-82.11152,30.36756],[-82.11578,30.36806],[-82.11815,30.36436],[-82.12686,30.36827],[-82.12868,30.36709],[-82.12757,30.36544],[-82.13387,30.36224],[-82.13707,30.36252],[-82.13695,30.36423],[-82.13997,30.36492],[-82.14855,30.3609],[-82.1501,30.36184],[-82.1579,30.36013],[-82.16178,30.35712],[-82.16742,30.36001],[-82.1702,30.35898],[-82.17375,30.36507],[-82.18099,30.36862],[-82.18024,30.37259],[-82.1835,30.37334],[-82.1848,30.37894],[-82.18711,30.37899],[-82.1903,30.37628],[-82.19283,30.37913],[-82.19343,30.38335],[-82.19176,30.38462],[-82.19336,30.38803],[-82.1947,30.38949],[-82.19659,30.38828],[-82.19911,30.38965],[-82.19811,30.39185],[-82.2014,30.39536],[-82.20286,30.40126],[-82.20461,30.40259],[-82.20376,30.40532],[-82.20673,30.40678],[-82.20535,30.4082],[-82.20574,30.41192],[-82.20839,30.41435],[-82.20644,30.41716],[-82.20804,30.41747],[-82.20747,30.42113],[-82.2092,30.42133],[-82.21086,30.42538],[-82.20901,30.42834],[-82.20972,30.43306],[-82.20642,30.43573],[-82.20735,30.43918],[-82.20379,30.44499],[-82.20574,30.45105],[-82.20406,30.45287],[-82.2045,30.45535],[-82.20738,30.45699],[-82.2077,30.46041],[-82.20615,30.46242],[-82.20638,30.46852],[-82.20447,30.46876],[-82.20438,30.4711],[-82.20104,30.47467],[-82.20148,30.48007],[-82.20321,30.48219],[-82.20124,30.48512],[-82.20667,30.49321],[-82.21158,30.49729],[-82.21264,30.50055],[-82.22508,30.5077],[-82.23031,30.51733],[-82.2293,30.52059],[-82.23076,30.52658],[-82.23739,30.53222],[-82.24041,30.53778],[-82.23888,30.54551],[-82.23444,30.54876],[-82.23419,30.55766],[-82.22387,30.56528],[-82.21732,30.5652],[-82.2144,30.56683],[-82.14988,30.78434],[-82.1584,30.78634]]]},"properties":{"NAME10":"Charlton","NAMELSAD10":"Charlton County","GEOID10":"13049"}},{"type":"Feature","geometry":{"type":"Polygon","coordinates":[[[-83.51006,31.22648],[-83.51348,31.22849],[-83.51373,31.23395],[-83.51104,31.24185],[-83.51204,31.24563],[-83.50899,31.2493],[-83.50975,31.2513],[-83.50757,31.252],[-83.50785,31.25784],[-83.50539,31.25965],[-83.50774,31.26103],[-83.50557,31.26901],[-83.50742,31.27601],[-83.50644,31.28002],[-83.5111,31.28529],[-83.51058,31.29426],[-83.51527,31.30153],[-83.51464,31.31064],[-83.51274,31.31414],[-83.51389,31.32098],[-83.51261,31.32741],[-83.46065,31.32627],[-83.46042,31.33309],[-83.44552,31.33603],[-83.44487,31.34964],[-83.4345,31.35037],[-83.43471,31.34807],[-83.43238,31.34541],[-83.43405,31.33946],[-83.43218,31.33425],[-83.43693,31.32927],[-83.43539,31.32602],[-83.43613,31.32217],[-83.43901,31.31944],[-83.43883,31.3164],[-83.43397,31.31239],[-83.43531,31.30327],[-83.42968,31.29356],[-83.42232,31.29512],[-83.41648,31.29189],[-83.41285,31.28715],[-83.40941,31.2868],[-83.40269,31.27471],[-83.39957,31.27384],[-83.3888,31.26442],[-83.38726,31.25943],[-83.38118,31.25565],[-83.37902,31.25599],[-83.37676,31.25361],[-83.36994,31.25186],[-83.36616,31.24906],[-83.34704,31.25213],[-83.33686,31.24536],[-83.33422,31.24163],[-83.33315,31.23579],[-83.33744,31.22537],[-83.33218,31.21593],[-83.33436,31.19177],[-83.32647,31.18057],[-83.32389,31.1797],[-83.31776,31.17278],[-83.30561,31.16724],[-83.30657,31.16018],[-83.30452,31.15636],[-83.30482,31.14795],[-83.30961,31.14316],[-83.31408,31.12869],[-83.32,31.12419],[-83.32247,31.11826],[-83.32098,31.1168],[-83.32277,31.10903],[-83.32045,31.10399],[-83.32157,31.10234],[-83.32047,31.09797],[-83.32194,31.09767],[-83.31736,31.09625],[-83.31193,31.09025],[-83.30679,31.0913],[-83.30642,31.09268],[-83.30416,31.09181],[-83.30147,31.08943],[-83.30269,31.08798],[-83.30062,31.08796],[-83.30222,31.08358],[-83.29796,31.08299],[-83.29737,31.08077],[-83.29447,31.07967],[-83.29607,31.07025],[-83.29248,31.0698],[-83.29157,31.06792],[-83.29027,31.06943],[-83.28729,31.06929],[-83.28449,31.06551],[-83.28189,31.06562],[-83.27973,31.06365],[-83.2809,31.06109],[-83.27981,31.05994],[-83.28511,31.05172],[-83.28575,31.04517],[-83.28362,31.04045],[-83.28687,31.03795],[-83.28777,31.03926],[-83.28844,31.03727],[-83.2891,31.0382],[-83.29222,31.03408],[-83.29219,31.03106],[-83.29581,31.0287],[-83.29429,31.0287],[-83.29467,31.02757],[-83.48185,31.03264],[-83.48398,31.03489],[-83.49252,31.03652],[-83.4923,31.03913],[-83.49708,31.04073],[-83.49553,31.04423],[-83.5026,31.05312],[-83.50742,31.04822],[-83.51073,31.05061],[-83.52052,31.05192],[-83.52046,31.05325],[-83.52515,31.05377],[-83.52562,31.05529],[-83.52895,31.05371],[-83.52932,31.05119],[-83.53432,31.05298],[-83.54204,31.05112],[-83.55172,31.05436],[-83.55082,31.05637],[-83.55385,31.05612],[-83.55584,31.06094],[-83.55902,31.0616],[-83.56134,31.06543],[-83.57075,31.0717],[-83.56971,31.07315],[-83.57355,31.07551],[-83.57364,31.07872],[-83.57525,31.07799],[-83.57697,31.07985],[-83.57396,31.08033],[-83.57674,31.08442],[-83.56823,31.08836],[-83.56716,31.09156],[-83.56904,31.09394],[-83.56764,31.09509],[-83.56902,31.09541],[-83.56762,31.09549],[-83.56684,31.09839],[-83.56946,31.09792],[-83.5675,31.10075],[-83.56278,31.10179],[-83.56325,31.10418],[-83.56198,31.10313],[-83.55848,31.10908],[-83.55946,31.11054],[-83.55733,31.11051],[-83.55959,31.11756],[-83.55815,31.12263],[-83.55509,31.12199],[-83.55868,31.12673],[-83.55718,31.12767],[-83.55692,31.13892],[-83.55607,31.14173],[-83.55459,31.14182],[-83.55592,31.14452],[-83.55175,31.1448],[-83.5504,31.14756],[-83.54985,31.14656],[-83.54336,31.14825],[-83.54193,31.17036],[-83.54338,31.17043],[-83.54134,31.1731],[-83.54055,31.17919],[-83.53721,31.18156],[-83.53222,31.18073],[-83.53048,31.18356],[-83.52866,31.18334],[-83.52627,31.1865],[-83.52725,31.18932],[-83.52574,31.18977],[-83.52607,31.19124],[-83.52381,31.19041],[-83.52376,31.1922],[-83.52142,31.19282],[-83.52163,31.1945],[-83.51934,31.19614],[-83.52066,31.19736],[-83.52008,31.1995],[-83.50981,31.20619],[-83.5095,31.20951],[-83.51259,31.21606],[-83.51015,31.21567],[-83.51111,31.21631],[-83.50818,31.22164],[-83.50992,31.22331],[-83.5092,31.22501],[-83.51113,31.22485],[-83.51006,31.22648]]]},"properties":{"NAME10":"Cook","NAMELSAD10":"Cook County","GEOID10":"13075"}},{"type":"Feature","geometry":{"type":"Polygon","coordinates":[[[-82.15113,31.46993],[-82.13663,31.47008],[-82.11837,31.47927],[-82.09789,31.48125],[-82.08979,31.47977],[-82.07177,31.47151],[-82.06855,31.46785],[-82.06339,31.46637],[-82.05677,31.45743],[-82.05276,31.45458],[-82.05436,31.45235],[-82.05337,31.45112],[-82.05498,31.451],[-82.05353,31.44854],[-82.05486,31.44689],[-82.05437,31.43982],[-82.05308,31.43879],[-82.05474,31.43609],[-82.05418,31.43161],[-82.05265,31.43128],[-82.05518,31.42874],[-82.05412,31.42828],[-82.05559,31.42443],[-82.05406,31.41377],[-82.05644,31.41274],[-82.05613,31.40994],[-82.05746,31.4089],[-82.05399,31.40759],[-82.05184,31.4036],[-82.05013,31.40424],[-82.0492,31.39864],[-82.0516,31.3992],[-82.04963,31.39602],[-82.04403,31.39514],[-82.0434,31.39163],[-82.04606,31.39116],[-82.04383,31.38983],[-82.04483,31.38614],[-82.04405,31.38455],[-82.04186,31.38446],[-82.04202,31.38232],[-82.0399,31.38208],[-82.04275,31.37438],[-82.03863,31.36954],[-82.04074,31.36188],[-82.03424,31.35652],[-82.03387,31.34965],[-82.03246,31.34916],[-82.03207,31.34607],[-82.02992,31.3455],[-82.03076,31.34485],[-82.02857,31.34517],[-82.02764,31.34039],[-82.0243,31.33881],[-82.02021,31.32745],[-82.01507,31.32482],[-82.01207,31.31975],[-82.01304,31.31827],[-82.00894,31.31635],[-82.00901,31.31463],[-82.0073,31.31493],[-82.0046,31.3124],[-82.00499,31.31108],[-82.00174,31.31017],[-82.00024,31.31126],[-81.99758,31.30881],[-81.99212,31.308],[-81.99722,31.2886],[-81.99858,31.287],[-82.00224,31.28737],[-82.00219,31.28408],[-82.00482,31.28597],[-82.00631,31.2852],[-82.00643,31.28132],[-82.00811,31.27966],[-82.00759,31.27565],[-82.00961,31.27795],[-82.01371,31.27505],[-82.01248,31.27766],[-82.0214,31.27936],[-82.02252,31.27512],[-82.0235,31.27678],[-82.02629,31.27626],[-82.02825,31.27785],[-82.02985,31.27432],[-82.03174,31.27752],[-82.03348,31.27657],[-82.032,31.27501],[-82.03322,31.2734],[-82.0349,31.27525],[-82.03906,31.27303],[-82.0438,31.27649],[-82.0476,31.27393],[-82.0502,31.27416],[-82.04856,31.2725],[-82.05177,31.27113],[-82.053,31.27288],[-82.05563,31.27305],[-82.05601,31.27488],[-82.05869,31.2738],[-82.06156,31.27648],[-82.06353,31.27121],[-82.0706,31.27649],[-82.07343,31.27381],[-82.07624,31.27572],[-82.08245,31.27143],[-82.08429,31.27526],[-82.09066,31.27679],[-82.08886,31.27464],[-82.09085,31.27331],[-82.09331,31.27665],[-82.0967,31.27496],[-82.10007,31.27672],[-82.10325,31.27168],[-82.11441,31.27074],[-82.11649,31.26667],[-82.1205,31.26538],[-82.12329,31.26247],[-82.12274,31.26013],[-82.12577,31.26042],[-82.12592,31.25824],[-82.1299,31.25905],[-82.13006,31.25681],[-82.13237,31.25699],[-82.13366,31.25475],[-82.13429,31.25806],[-82.13975,31.25874],[-82.14417,31.25506],[-82.14543,31.25223],[-82.14391,31.25079],[-82.14155,31.25217],[-82.14043,31.25053],[-82.14447,31.24938],[-82.14395,31.24466],[-82.14289,31.24289],[-82.14088,31.24415],[-82.13984,31.24292],[-82.14344,31.23622],[-82.14457,31.23713],[-82.14616,31.23535],[-82.15062,31.23524],[-82.14972,31.23385],[-82.1475,31.23468],[-82.14705,31.22962],[-82.14511,31.22911],[-82.14655,31.2268],[-82.15068,31.22831],[-82.14982,31.22472],[-82.15142,31.22249],[-82.15681,31.21908],[-82.15891,31.21982],[-82.16285,31.21608],[-82.16433,31.21747],[-82.16649,31.21472],[-82.16684,31.21741],[-82.16809,31.2157],[-82.17045,31.2177],[-82.1718,31.21533],[-82.17233,31.21785],[-82.17468,31.21792],[-82.17551,31.21379],[-82.18212,31.21117],[-82.18479,31.20833],[-82.18297,31.20569],[-82.18817,31.20657],[-82.1932,31.20209],[-82.19326,31.20388],[-82.19538,31.20309],[-82.19602,31.20542],[-82.19395,31.20605],[-82.19492,31.20767],[-82.19924,31.20828],[-82.20213,31.21081],[-82.20573,31.20954],[-82.2043,31.21127],[-82.20984,31.21217],[-82.20921,31.21396],[-82.21172,31.21433],[-82.21146,31.2154],[-82.21538,31.21609],[-82.21904,31.21401],[-82.22059,31.21617],[-82.22351,31.21481],[-82.22082,31.21786],[-82.22568,31.22061],[-82.22753,31.21875],[-82.2315,31.22028],[-82.24042,31.21714],[-82.24667,31.21743],[-82.24928,31.22012],[-82.25334,31.21874],[-82.25464,31.22084],[-82.25977,31.21835],[-82.26405,31.22126],[-82.26862,31.21696],[-82.26947,31.21974],[-82.2724,31.21808],[-82.27272,31.22123],[-82.2773,31.22113],[-82.27917,31.22253],[-82.27636,31.22397],[-82.28317,31.2265],[-82.28758,31.22349],[-82.28809,31.22581],[-82.29254,31.22643],[-82.29718,31.22618],[-82.29767,31.22472],[-82.30307,31.22474],[-82.30479,31.22637],[-82.31504,31.22596],[-82.31504,31.2279],[-82.31269,31.22837],[-82.31465,31.23124],[-82.31803,31.23155],[-82.31874,31.23705],[-82.33311,31.24168],[-82.33246,31.24499],[-82.33953,31.24851],[-82.34079,31.25249],[-82.34429,31.25467],[-82.34703,31.25403],[-82.34716,31.25571],[-82.35065,31.25542],[-82.35286,31.26092],[-82.35798,31.26335],[-82.35675,31.26548],[-82.3601,31.26699],[-82.36267,31.27213],[-82.3602,31.27137],[-82.35926,31.27261],[-82.36131,31.27442],[-82.36296,31.27306],[-82.36627,31.27371],[-82.36954,31.27734],[-82.36855,31.28261],[-82.3703,31.28409],[-82.36821,31.28385],[-82.36753,31.28586],[-82.37472,31.29023],[-82.38387,31.29123],[-82.38535,31.29731],[-82.38722,31.29711],[-82.38742,31.31075],[-82.39022,31.31074],[-82.38945,31.36491],[-82.40264,31.36499],[-82.40263,31.37878],[-82.41699,31.37886],[-82.41699,31.39087],[-82.40256,31.39087],[-82.40252,31.40001],[-82.40256,31.40484],[-82.41742,31.40499],[-82.41725,31.41712],[-82.4018,31.41728],[-82.40152,31.4303],[-82.34485,31.43014],[-82.34499,31.44176],[-82.3305,31.44206],[-82.33002,31.4571],[-82.31511,31.45714],[-82.31503,31.46794],[-82.30062,31.46782],[-82.30043,31.49318],[-82.26966,31.49265],[-82.26959,31.50571],[-82.25583,31.50543],[-82.25595,31.51742],[-82.23883,31.51765],[-82.23926,31.53058],[-82.22659,31.53071],[-82.2215,31.52157],[-82.21618,31.51624],[-82.19841,31.50535],[-82.16696,31.47809],[-82.15113,31.46993]]]},"properties":{"NAME10":"Pierce","NAMELSAD10":"Pierce County","GEOID10":"13229"}},{"type":"Feature","geometry":{"type":"Polygon","coordinates":[[[-84.78904,31.43636],[-84.63758,31.43393],[-84.63969,31.37846],[-84.638,31.36661],[-84.63826,31.34169],[-84.62768,31.34158],[-84.62758,31.33212],[-84.63809,31.33208],[-84.63995,31.31258],[-84.64166,31.31251],[-84.64168,31.25654],[-84.66111,31.25686],[-84.66112,31.25937],[-84.67269,31.25945],[-84.67265,31.25712],[-84.68322,31.25719],[-84.68326,31.25141],[-84.69425,31.25168],[-84.69418,31.25766],[-84.7051,31.25773],[-84.70511,31.25193],[-84.70958,31.25185],[-84.73739,31.25231],[-84.73746,31.25833],[-84.74822,31.25846],[-84.74833,31.25249],[-84.91743,31.256],[-84.92243,31.0726],[-85.02857,31.07553],[-85.02607,31.08419],[-85.02974,31.09617],[-85.03546,31.10435],[-85.03618,31.10905],[-85.05468,31.12082],[-85.06044,31.1315],[-85.06403,31.1425],[-85.06933,31.14701],[-85.07663,31.15693],[-85.08359,31.15964],[-85.09211,31.1603],[-85.10053,31.166],[-85.09851,31.18016],[-85.10206,31.18474],[-85.10731,31.18595],[-85.10814,31.19564],[-85.10697,31.2027],[-85.09871,31.21129],[-85.09871,31.21952],[-85.09677,31.22566],[-85.11236,31.25959],[-85.11327,31.26435],[-85.11191,31.27248],[-85.11461,31.27734],[-85.11036,31.28175],[-85.09872,31.28446],[-85.08978,31.29503],[-85.08741,31.31123],[-85.08378,31.31822],[-85.0837,31.32385],[-85.08416,31.32832],[-85.08943,31.33603],[-85.08709,31.34033],[-85.08592,31.35315],[-85.0918,31.35521],[-85.09233,31.36405],[-85.08244,31.38455],[-85.08041,31.39394],[-85.07763,31.39889],[-85.07739,31.40285],[-85.07998,31.41048],[-85.07675,31.41598],[-85.0759,31.42493],[-85.07371,31.42896],[-85.06855,31.42732],[-85.06602,31.43053],[-85.06596,31.44298],[-85.07163,31.46839],[-85.06569,31.48413],[-85.06211,31.48802],[-85.06021,31.49407],[-85.04845,31.51369],[-85.0455,31.51713],[-85.03988,31.51777],[-85.03761,31.51591],[-85.02939,31.51868],[-85.02923,31.48608],[-85.00653,31.48588],[-85.0019,31.48785],[-84.98634,31.48886],[-84.97701,31.49276],[-84.974,31.49693],[-84.97143,31.49732],[-84.95974,31.49267],[-84.95729,31.49578],[-84.93781,31.50327],[-84.81981,31.5012],[-84.81977,31.49157],[-84.80689,31.49173],[-84.80713,31.50135],[-84.79661,31.50129],[-84.7971,31.47359],[-84.80756,31.47312],[-84.80584,31.46871],[-84.80303,31.46635],[-84.80185,31.4616],[-84.79392,31.45907],[-84.78939,31.45252],[-84.79137,31.45122],[-84.79229,31.44581],[-84.78904,31.43636]]]},"properties":{"NAME10":"Early","NAMELSAD10":"Early County","GEOID10":"13099"}},{"type":"Feature","geometry":{"type":"Polygon","coordinates":[[[-82.76857,32.76908],[-82.73756,32.78007],[-82.71446,32.78466],[-82.71136,32.78397],[-82.69736,32.79136],[-82.68076,32.79677],[-82.66696,32.78287],[-82.65686,32.78797],[-82.60978,32.79782],[-82.57426,32.81576],[-82.56336,32.81806],[-82.56056,32.82006],[-82.52106,32.82236],[-82.50946,32.80756],[-82.50222,32.80092],[-82.48856,32.79356],[-82.47325,32.77756],[-82.45376,32.76636],[-82.43415,32.76226],[-82.45275,32.72867],[-82.45275,32.71927],[-82.47077,32.71061],[-82.49943,32.68635],[-82.49328,32.67508],[-82.49032,32.66204],[-82.47881,32.65696],[-82.47423,32.65258],[-82.46983,32.65089],[-82.46771,32.64695],[-82.46386,32.64724],[-82.49293,32.63405],[-82.49892,32.64274],[-82.51772,32.63368],[-82.51201,32.62517],[-82.59444,32.57916],[-82.59178,32.57395],[-82.59473,32.56679],[-82.59119,32.5577],[-82.58676,32.55511],[-82.58467,32.55071],[-82.58066,32.54868],[-82.56436,32.53246],[-82.58533,32.52524],[-82.59338,32.53511],[-82.59786,32.53287],[-82.60257,32.50948],[-82.60296,32.52147],[-82.62226,32.51797],[-82.62306,32.52157],[-82.62936,32.52057],[-82.63746,32.51827],[-82.64774,32.51251],[-82.67446,32.52387],[-82.66856,32.61217],[-82.79454,32.66024],[-82.78997,32.67868],[-82.78579,32.68671],[-82.86277,32.71577],[-82.95707,32.70832],[-82.95387,32.72127],[-82.94967,32.72666],[-82.94657,32.73966],[-82.9451,32.75183],[-82.94717,32.75464],[-82.94697,32.75936],[-82.80256,32.80973],[-82.79828,32.80566],[-82.79851,32.8029],[-82.78214,32.79935],[-82.77502,32.7945],[-82.77235,32.78873],[-82.76857,32.76908]]]},"properties":{"NAME10":"Johnson","NAMELSAD10":"Johnson County","GEOID10":"13167"}},{"type":"Feature","geometry":{"type":"MultiPolygon","coordinates":[[[[-84.36322,32.39766],[-84.36242,32.42805],[-84.38182,32.42805],[-84.38212,32.41425],[-84.39232,32.41405],[-84.39212,32.43535],[-84.40088,32.43551],[-84.4011,32.44078],[-84.40313,32.44353],[-84.40614,32.44527],[-84.40858,32.44396],[-84.40781,32.48527],[-84.42442,32.48515],[-84.42392,32.49325],[-84.43362,32.49325],[-84.43355,32.5187],[-84.44305,32.51853],[-84.44325,32.53417],[-84.45316,32.53434],[-84.45324,32.54238],[-84.44365,32.54223],[-84.44436,32.56209],[-84.40887,32.56193],[-84.40838,32.61051],[-84.39123,32.61935],[-84.39042,32.62249],[-84.37844,32.63181],[-84.37462,32.63736],[-84.37094,32.6479],[-84.37383,32.64676],[-84.36425,32.67937],[-84.33889,32.67905],[-84.33794,32.72065],[-84.32227,32.72117],[-84.30414,32.73371],[-84.29341,32.73396],[-84.28875,32.73616],[-84.28895,32.74281],[-84.28625,32.74763],[-84.28427,32.74452],[-84.26271,32.73931],[-84.25678,32.72931],[-84.25754,32.72435],[-84.25547,32.72245],[-84.25366,32.72222],[-84.25467,32.72533],[-84.2457,32.73092],[-84.24106,32.73764],[-84.23581,32.73829],[-84.22919,32.7323],[-84.23457,32.72711],[-84.23631,32.72105],[-84.23134,32.7224],[-84.21938,32.7203],[-84.21136,32.70134],[-84.20337,32.69784],[-84.20263,32.69002],[-84.19639,32.6838],[-84.17551,32.67782],[-84.16428,32.6777],[-84.154,32.67905],[-84.14706,32.6846],[-84.14346,32.68545],[-84.13945,32.68434],[-84.13992,32.67913],[-84.1282,32.67437],[-84.12441,32.67675],[-84.11668,32.67755],[-84.11533,32.68347],[-84.10546,32.68494],[-84.10401,32.68209],[-84.10497,32.67339],[-84.09784,32.66844],[-84.09548,32.6624],[-84.07816,32.64725],[-84.07374,32.63971],[-84.07431,32.63594],[-84.06849,32.63723],[-84.06568,32.63999],[-84.06081,32.63459],[-84.05654,32.63628],[-84.05855,32.63353],[-84.05835,32.6303],[-84.06273,32.6305],[-84.06284,32.62655],[-84.06862,32.62797],[-84.07306,32.62644],[-84.07411,32.62427],[-84.06979,32.62359],[-84.07203,32.61743],[-84.06604,32.61025],[-84.06794,32.60766],[-84.06617,32.60368],[-84.07126,32.59827],[-84.07058,32.59403],[-84.06763,32.59032],[-84.06268,32.59075],[-84.06296,32.5876],[-84.06655,32.58591],[-84.0639,32.58371],[-84.06507,32.58136],[-84.06214,32.58023],[-84.06207,32.57751],[-84.05797,32.57802],[-84.05665,32.57555],[-84.05322,32.57694],[-84.05408,32.57322],[-84.05093,32.57515],[-84.04876,32.57463],[-84.05085,32.57072],[-84.05299,32.57031],[-84.05123,32.5685],[-84.05272,32.56709],[-84.05046,32.56524],[-84.04912,32.56782],[-84.04634,32.56754],[-84.04485,32.56164],[-84.04592,32.55764],[-84.04444,32.55545],[-84.03538,32.5585],[-84.03481,32.55465],[-84.03013,32.5559],[-84.02609,32.55049],[-84.02669,32.54788],[-84.02232,32.54719],[-84.02191,32.545],[-84.02034,32.54645],[-84.02047,32.55164],[-84.01525,32.54971],[-84.0147,32.54824],[-84.0176,32.54663],[-84.01394,32.5426],[-84.01337,32.53835],[-84.00889,32.5386],[-84.00787,32.53646],[-84.00794,32.53958],[-84.00674,32.53982],[-84.0044,32.53513],[-84.00548,32.53374],[-84.00198,32.53248],[-84.00337,32.52993],[-84.05296,32.53061],[-84.05331,32.52203],[-84.07216,32.52191],[-84.07232,32.51419],[-84.11123,32.51413],[-84.11133,32.50573],[-84.12235,32.50593],[-84.19792,32.40086],[-84.23154,32.40017],[-84.2368,32.40132],[-84.23981,32.39909],[-84.24285,32.40104],[-84.2484,32.40065],[-84.25432,32.39558],[-84.25462,32.37206],[-84.32382,32.37246],[-84.32332,32.39786],[-84.34372,32.39776],[-84.34352,32.38496],[-84.35312,32.38506],[-84.35322,32.39776],[-84.36322,32.39766]]],[[[-84.05342,32.51985],[-84.05331,32.52203],[-84.00846,32.52127],[-84.00921,32.51536],[-84.01383,32.51491],[-84.01661,32.51175],[-84.01619,32.50988],[-84.01365,32.51074],[-84.01423,32.50865],[-84.01711,32.50765],[-84.01827,32.50535],[-84.02228,32.50564],[-84.02199,32.5041],[-84.01872,32.50388],[-84.02,32.50184],[-84.01931,32.49946],[-84.01731,32.49886],[-84.01781,32.49696],[-84.03411,32.49746],[-84.03433,32.51348],[-84.05363,32.51331],[-84.05342,32.51985]]],[[[-84.36796,32.39761],[-84.36322,32.39766],[-84.36292,32.38946],[-84.37272,32.38936],[-84.37282,32.39755],[-84.36796,32.39761]]]]},"properties":{"NAME10":"Taylor","NAMELSAD10":"Taylor County","GEOID10":"13269"}},{"type":"Feature","geometry":{"type":"Polygon","coordinates":[[[-83.97697,32.0622],[-83.98717,32.07164],[-83.9831,32.07576],[-83.98133,32.0818],[-83.97479,32.09196],[-83.97741,32.09256],[-83.97857,32.09499],[-83.98472,32.09377],[-83.98601,32.09657],[-83.99017,32.09545],[-83.98908,32.10123],[-83.99724,32.10065],[-83.99795,32.10368],[-84.0013,32.10609],[-83.99689,32.11253],[-84.00121,32.11167],[-84.00747,32.11615],[-84.00801,32.11827],[-84.01191,32.11907],[-84.01221,32.12507],[-84.00905,32.13089],[-84.01501,32.13169],[-84.02128,32.13645],[-84.02197,32.14177],[-84.03342,32.15322],[-84.03109,32.15493],[-84.03262,32.16111],[-84.02922,32.16223],[-84.0291,32.1658],[-84.02623,32.16846],[-84.02822,32.16985],[-84.02624,32.17335],[-84.03115,32.17873],[-84.02894,32.18037],[-84.02939,32.18267],[-84.02074,32.18633],[-84.02152,32.18716],[-84.01797,32.19138],[-84.01813,32.1941],[-84.01503,32.19642],[-84.0158,32.19764],[-84.01399,32.1981],[-84.01312,32.201],[-84.00345,32.2057],[-83.99647,32.2121],[-83.99484,32.21564],[-83.98942,32.21697],[-83.98381,32.221],[-83.97887,32.22845],[-83.97589,32.22873],[-83.97549,32.23188],[-83.96829,32.23942],[-83.96874,32.24207],[-83.96557,32.24366],[-83.96513,32.24801],[-83.95882,32.25211],[-83.94774,32.25431],[-83.94486,32.25915],[-83.93408,32.26206],[-83.93153,32.26578],[-83.92887,32.26559],[-83.92325,32.26968],[-83.91484,32.27189],[-83.90902,32.27597],[-83.90788,32.27861],[-83.89762,32.28075],[-83.89783,32.28944],[-83.89533,32.29199],[-83.71844,32.29017],[-83.71876,32.28308],[-83.70033,32.28259],[-83.70037,32.29],[-83.6064,32.28844],[-83.60637,32.25134],[-83.61581,32.25121],[-83.61585,32.24171],[-83.61001,32.24174],[-83.60996,32.23802],[-83.60691,32.23785],[-83.60967,32.02794],[-83.96128,32.0306],[-83.96147,32.03589],[-83.96927,32.03868],[-83.96652,32.04267],[-83.96841,32.04606],[-83.97735,32.04269],[-83.98034,32.04478],[-83.97697,32.0622]]]},"properties":{"NAME10":"Dooly","NAMELSAD10":"Dooly County","GEOID10":"13093"}},{"type":"Feature","geometry":{"type":"MultiPolygon","coordinates":[[[[-84.30521,31.69106],[-84.30493,31.69824],[-84.29542,31.6981],[-84.29367,31.7498],[-84.28717,31.75018],[-84.28646,31.79119],[-84.25833,31.79094],[-84.26116,31.79127],[-84.26032,31.79465],[-84.26302,31.79709],[-84.25993,31.80381],[-84.26249,31.80704],[-84.26161,31.80778],[-84.26351,31.80836],[-84.26288,31.81053],[-84.26449,31.81241],[-84.26186,31.81501],[-84.26304,31.81588],[-84.26184,31.81723],[-84.26379,31.81854],[-84.26171,31.81959],[-84.26288,31.82087],[-84.26196,31.82181],[-84.2634,31.82154],[-84.26382,31.82369],[-84.26041,31.82561],[-84.25962,31.82787],[-84.26259,31.82874],[-84.26517,31.83433],[-84.27299,31.83769],[-84.27149,31.83924],[-84.27355,31.84116],[-84.27753,31.84175],[-84.27669,31.85041],[-84.28162,31.85117],[-84.28474,31.85536],[-84.29,31.85702],[-84.29092,31.86003],[-84.29321,31.85984],[-84.29343,31.86515],[-84.29478,31.86435],[-84.30019,31.86788],[-84.30912,31.86826],[-84.3104,31.87019],[-84.31499,31.86814],[-84.31912,31.87081],[-84.32524,31.87099],[-84.3271,31.87297],[-84.32856,31.87196],[-84.33227,31.87423],[-84.33825,31.8736],[-84.33815,31.9162],[-84.01077,31.91359],[-83.93568,31.91185],[-83.9225,31.90966],[-83.93202,31.89877],[-83.9323,31.89381],[-83.92852,31.88617],[-83.93209,31.88464],[-83.93406,31.8814],[-83.9287,31.87186],[-83.92692,31.86252],[-83.93674,31.85805],[-83.93881,31.84812],[-83.94663,31.84911],[-83.94963,31.8438],[-83.95726,31.83981],[-83.95909,31.83445],[-83.96511,31.83505],[-83.96837,31.83354],[-83.97265,31.82772],[-83.97976,31.81245],[-83.97982,31.80943],[-83.97647,31.80651],[-83.97689,31.80334],[-83.98897,31.80686],[-83.99351,31.8036],[-84.00639,31.80378],[-84.00891,31.80058],[-84.00906,31.7942],[-84.00635,31.79073],[-84.00096,31.7869],[-83.9916,31.78488],[-83.9943,31.77816],[-83.98662,31.76965],[-83.98639,31.76543],[-83.99302,31.75756],[-83.99911,31.75731],[-84.0035,31.7546],[-84.00474,31.74701],[-84.00775,31.74117],[-84.00783,31.73515],[-84.01369,31.73386],[-84.02091,31.72194],[-84.0327,31.71627],[-84.03201,31.71404],[-84.02563,31.71003],[-84.0245,31.70142],[-84.01966,31.69299],[-84.02206,31.68381],[-84.0124,31.66304],[-84.0154,31.66027],[-84.0166,31.65152],[-84.01912,31.64977],[-84.02891,31.64837],[-84.0301,31.64325],[-84.03465,31.64251],[-84.03632,31.63779],[-84.04037,31.63446],[-84.04322,31.62358],[-84.2293,31.62348],[-84.29781,31.62196],[-84.29565,31.69099],[-84.30521,31.69106]]],[[[-84.31288,31.69115],[-84.30521,31.69106],[-84.30552,31.68318],[-84.31462,31.68318],[-84.31432,31.69116],[-84.31288,31.69115]]]]},"properties":{"NAME10":"Lee","NAMELSAD10":"Lee County","GEOID10":"13177"}},{"type":"Feature","geometry":{"type":"Polygon","coordinates":[[[-82.81209,33.65533],[-82.81424,33.65551],[-82.81666,33.65321],[-82.8227,33.65471],[-82.82684,33.6497],[-82.83261,33.65097],[-82.84914,33.63976],[-82.86934,33.64241],[-82.87696,33.636],[-82.8745,33.63128],[-82.88042,33.62654],[-82.87356,33.62257],[-82.87945,33.62042],[-82.88599,33.62683],[-82.88655,33.62886],[-82.88531,33.62979],[-82.8906,33.63288],[-82.95884,33.75012],[-82.98729,33.78072],[-82.98476,33.78384],[-82.98629,33.78567],[-82.98046,33.78942],[-82.97645,33.80221],[-82.96084,33.81173],[-82.95521,33.82442],[-82.95644,33.82627],[-82.9499,33.83505],[-82.94497,33.84622],[-82.94255,33.84665],[-82.94189,33.84935],[-82.93173,33.84906],[-82.92535,33.85283],[-82.92221,33.8565],[-82.91765,33.86923],[-82.91244,33.87714],[-82.90479,33.88054],[-82.89494,33.89329],[-82.89008,33.8965],[-82.88607,33.9049],[-82.88752,33.90792],[-82.88384,33.9124],[-82.87698,33.91545],[-82.87333,33.9226],[-82.87107,33.92215],[-82.86061,33.92781],[-82.85555,33.9275],[-82.85376,33.93058],[-82.85451,33.93258],[-82.85282,33.93476],[-82.85055,33.93469],[-82.85114,33.9368],[-82.84892,33.93677],[-82.84864,33.93994],[-82.83554,33.93958],[-82.83155,33.94195],[-82.8254,33.94087],[-82.82208,33.94428],[-82.81824,33.9434],[-82.81616,33.94605],[-82.80871,33.94588],[-82.80573,33.95083],[-82.79903,33.9507],[-82.79378,33.94868],[-82.79138,33.95297],[-82.78858,33.95435],[-82.78823,33.9568],[-82.78366,33.95839],[-82.78243,33.96418],[-82.78063,33.96484],[-82.78148,33.96884],[-82.77951,33.97113],[-82.76502,33.97345],[-82.75437,33.97193],[-82.74626,33.97816],[-82.73457,33.98056],[-82.72643,33.98422],[-82.71872,33.98478],[-82.7005,33.9814],[-82.67938,33.98515],[-82.66835,33.98556],[-82.65488,33.99127],[-82.64545,33.9842],[-82.62486,33.91651],[-82.60569,33.85995],[-82.57958,33.87444],[-82.57739,33.87467],[-82.57629,33.86837],[-82.57191,33.86549],[-82.57432,33.86001],[-82.57263,33.85844],[-82.57313,33.85576],[-82.57801,33.85299],[-82.57826,33.84904],[-82.58481,33.84626],[-82.58284,33.84325],[-82.58362,33.83903],[-82.58574,33.83974],[-82.58647,33.8375],[-82.59375,33.83363],[-82.59554,33.82854],[-82.59353,33.82733],[-82.57307,33.78515],[-82.47952,33.63954],[-82.48658,33.64247],[-82.48676,33.64754],[-82.49985,33.65449],[-82.50529,33.65133],[-82.50702,33.65383],[-82.50514,33.65494],[-82.505,33.65914],[-82.50723,33.66],[-82.51171,33.65918],[-82.51845,33.65324],[-82.51906,33.647],[-82.52246,33.64493],[-82.5286,33.64545],[-82.53673,33.64944],[-82.53832,33.64142],[-82.54356,33.63861],[-82.55567,33.64269],[-82.55759,33.63712],[-82.55647,33.63388],[-82.55854,33.63542],[-82.56204,33.64454],[-82.56948,33.64592],[-82.56867,33.64306],[-82.57229,33.63874],[-82.57793,33.64401],[-82.58068,33.6513],[-82.5822,33.65198],[-82.58409,33.64893],[-82.58448,33.64005],[-82.58255,33.6381],[-82.5766,33.63759],[-82.58046,33.63289],[-82.58591,33.6352],[-82.58669,33.6405],[-82.58876,33.64214],[-82.59153,33.63635],[-82.59503,33.63782],[-82.60102,33.63427],[-82.60594,33.63523],[-82.60811,33.63391],[-82.60602,33.62699],[-82.60689,33.6257],[-82.61012,33.62725],[-82.61158,33.63364],[-82.61724,33.63266],[-82.61831,33.63098],[-82.61493,33.62748],[-82.617,33.6246],[-82.62244,33.62351],[-82.62428,33.62034],[-82.61705,33.61218],[-82.62244,33.61341],[-82.62669,33.61131],[-82.6332,33.61105],[-82.64353,33.61804],[-82.6454,33.6158],[-82.6422,33.61078],[-82.64298,33.60702],[-82.65073,33.60914],[-82.65198,33.61144],[-82.65592,33.60668],[-82.65276,33.59608],[-82.65636,33.59652],[-82.65859,33.60284],[-82.66197,33.60411],[-82.67042,33.60411],[-82.67256,33.60132],[-82.67964,33.59968],[-82.68602,33.60397],[-82.68774,33.60258],[-82.6888,33.61504],[-82.69226,33.61764],[-82.69227,33.62],[-82.69586,33.61715],[-82.70142,33.61811],[-82.70087,33.61495],[-82.70227,33.61435],[-82.70759,33.61777],[-82.70808,33.61359],[-82.70998,33.61279],[-82.70836,33.61177],[-82.7171,33.60696],[-82.71736,33.61374],[-82.71933,33.61522],[-82.72438,33.61277],[-82.72725,33.61412],[-82.73569,33.6126],[-82.73858,33.61459],[-82.74534,33.61131],[-82.74877,33.61833],[-82.75372,33.61843],[-82.75595,33.61633],[-82.76169,33.62259],[-82.80514,33.64748],[-82.81209,33.65533]]]},"properties":{"NAME10":"Wilkes","NAMELSAD10":"Wilkes County","GEOID10":"13317"}},{"type":"Feature","geometry":{"type":"Polygon","coordinates":[[[-84.24837,33.07856],[-84.24819,33.18903],[-84.22751,33.18891],[-84.22399,33.18336],[-84.22428,33.17939],[-84.12399,33.17863],[-84.12377,33.20283],[-84.0415,33.20264],[-84.04108,33.12514],[-84.04412,32.94788],[-84.05358,32.94804],[-84.05418,32.9315],[-84.12334,32.93219],[-84.12237,32.98958],[-84.27014,32.99102],[-84.26917,33.03144],[-84.25906,33.03152],[-84.25886,33.03969],[-84.24866,33.03934],[-84.24837,33.07856]]]},"properties":{"NAME10":"Lamar","NAMELSAD10":"Lamar County","GEOID10":"13171"}},{"type":"Feature","geometry":{"type":"Polygon","coordinates":[[[-85.24193,33.89958],[-85.2128,33.89922],[-85.21278,33.90631],[-85.03669,33.90433],[-85.03793,33.81195],[-85.04933,33.81244],[-85.05089,33.71464],[-85.06655,33.71497],[-85.06647,33.7107],[-85.11499,33.69135],[-85.12969,33.69143],[-85.12945,33.69978],[-85.13903,33.70002],[-85.28975,33.65209],[-85.33823,33.65312],[-85.38659,33.90173],[-85.24193,33.89958]]]},"properties":{"NAME10":"Haralson","NAMELSAD10":"Haralson County","GEOID10":"13143"}},{"type":"Feature","geometry":{"type":"Polygon","coordinates":[[[-82.81739,31.6713],[-82.62735,31.67268],[-82.62828,31.55834],[-82.59629,31.55791],[-82.59633,31.54822],[-82.59751,31.4693],[-82.62818,31.46936],[-82.62898,31.36394],[-82.81755,31.36449],[-82.81836,31.36734],[-82.82216,31.36954],[-82.82258,31.37523],[-82.82946,31.37752],[-82.83518,31.38692],[-82.83695,31.39187],[-82.83564,31.39754],[-82.8377,31.4007],[-82.84289,31.40165],[-82.8441,31.40333],[-82.95806,31.403],[-82.95852,31.41728],[-83.14049,31.4204],[-83.14002,31.42632],[-83.13593,31.43052],[-83.13985,31.43791],[-83.1391,31.44376],[-83.14489,31.45464],[-83.15013,31.45638],[-83.15114,31.46023],[-83.14519,31.46958],[-83.14559,31.47228],[-83.11982,31.47368],[-83.11531,31.47792],[-83.11166,31.47823],[-83.11032,31.48234],[-83.10169,31.49368],[-83.09628,31.50696],[-83.08395,31.51494],[-83.08253,31.52445],[-83.0743,31.53348],[-83.06497,31.55283],[-83.06005,31.5655],[-83.05881,31.61122],[-83.04485,31.61081],[-83.04448,31.62412],[-83.03019,31.62369],[-83.02936,31.63619],[-83.01418,31.63572],[-83.01342,31.66081],[-82.9988,31.66047],[-82.9957,31.78099],[-82.99013,31.77686],[-82.99189,31.78246],[-82.99028,31.78761],[-82.98452,31.78696],[-82.98293,31.78368],[-82.98181,31.78528],[-82.98297,31.78964],[-82.97864,31.79306],[-82.97602,31.79313],[-82.97376,31.79101],[-82.96997,31.79291],[-82.96857,31.79165],[-82.96976,31.7885],[-82.96595,31.788],[-82.96361,31.78448],[-82.96004,31.78604],[-82.95819,31.78364],[-82.95526,31.78301],[-82.94905,31.78536],[-82.94687,31.78341],[-82.94651,31.78776],[-82.94244,31.78421],[-82.94043,31.7875],[-82.93676,31.78636],[-82.93457,31.78775],[-82.9338,31.78584],[-82.9187,31.78415],[-82.92129,31.78052],[-82.91858,31.7787],[-82.91684,31.77969],[-82.91573,31.78372],[-82.90732,31.78495],[-82.89878,31.79146],[-82.89646,31.7899],[-82.89955,31.78733],[-82.89965,31.7832],[-82.89594,31.78367],[-82.89045,31.78037],[-82.88666,31.77966],[-82.88613,31.7816],[-82.88066,31.78281],[-82.88213,31.78555],[-82.87754,31.78506],[-82.8767,31.78707],[-82.87362,31.78473],[-82.87771,31.78225],[-82.87702,31.78091],[-82.87216,31.78324],[-82.86812,31.78235],[-82.86943,31.78486],[-82.86818,31.7858],[-82.86284,31.78305],[-82.86226,31.78714],[-82.85735,31.79052],[-82.85894,31.79269],[-82.85601,31.79482],[-82.85582,31.79834],[-82.84993,31.79787],[-82.84467,31.80488],[-82.84226,31.80467],[-82.84146,31.80666],[-82.83863,31.80719],[-82.84225,31.81173],[-82.84071,31.81248],[-82.83673,31.81074],[-82.83913,31.81494],[-82.83637,31.81616],[-82.83664,31.6714],[-82.81739,31.6713]]]},"properties":{"NAME10":"Coffee","NAMELSAD10":"Coffee County","GEOID10":"13069"}},{"type":"Feature","geometry":{"type":"Polygon","coordinates":[[[-82.68573,33.2721],[-82.67587,33.27581],[-82.65939,33.28994],[-82.65444,33.2919],[-82.64617,33.30124],[-82.63737,33.30337],[-82.63091,33.30777],[-82.61641,33.30666],[-82.61,33.31055],[-82.59898,33.31269],[-82.5903,33.3219],[-82.57392,33.32255],[-82.55976,33.32728],[-82.49685,33.303],[-82.43196,33.27484],[-82.4709,33.25013],[-82.58495,33.17146],[-82.58212,33.1649],[-82.58331,33.16082],[-82.57633,33.15836],[-82.57383,33.15256],[-82.57425,33.14839],[-82.57813,33.14598],[-82.57984,33.14093],[-82.57784,33.13829],[-82.57991,33.13447],[-82.57743,33.13203],[-82.57946,33.13006],[-82.57698,33.12463],[-82.57951,33.12192],[-82.57882,33.11985],[-82.58251,33.11889],[-82.5891,33.12356],[-82.59802,33.12349],[-82.60049,33.12485],[-82.60439,33.12362],[-82.64019,33.12552],[-82.64185,33.12127],[-82.65194,33.12606],[-82.66192,33.12634],[-82.66091,33.12893],[-82.67172,33.13488],[-82.67933,33.13348],[-82.68204,33.13614],[-82.68395,33.13571],[-82.68514,33.13737],[-82.6836,33.13973],[-82.68627,33.14271],[-82.69071,33.14322],[-82.69033,33.14464],[-82.69159,33.14405],[-82.69292,33.14612],[-82.69627,33.14404],[-82.70228,33.14598],[-82.70203,33.14747],[-82.70872,33.15205],[-82.70868,33.1583],[-82.71089,33.15999],[-82.70974,33.16091],[-82.7137,33.1622],[-82.71333,33.16441],[-82.71601,33.16507],[-82.71567,33.1669],[-82.71882,33.16992],[-82.72259,33.17161],[-82.72463,33.17094],[-82.73063,33.17447],[-82.73492,33.17324],[-82.73949,33.17437],[-82.73896,33.18074],[-82.73717,33.18148],[-82.73767,33.1861],[-82.74083,33.18839],[-82.74115,33.19628],[-82.73999,33.19978],[-82.73408,33.20216],[-82.73293,33.20555],[-82.7336,33.20838],[-82.73931,33.21024],[-82.74181,33.2148],[-82.73553,33.21735],[-82.73865,33.22421],[-82.74481,33.22592],[-82.74091,33.23205],[-82.74606,33.23408],[-82.74829,33.23816],[-82.74839,33.24505],[-82.74622,33.24647],[-82.75145,33.24922],[-82.75238,33.25175],[-82.75585,33.25345],[-82.75521,33.25473],[-82.74349,33.25738],[-82.73307,33.25637],[-82.72447,33.25979],[-82.71842,33.26492],[-82.70338,33.27271],[-82.68573,33.2721]]]},"properties":{"NAME10":"Glascock","NAMELSAD10":"Glascock County","GEOID10":"13125"}},{"type":"Feature","geometry":{"type":"Polygon","coordinates":[[[-82.29686,33.27736],[-82.2978,33.28268],[-82.30129,33.28831],[-82.31154,33.29715],[-82.32225,33.30018],[-82.32422,33.30317],[-82.33428,33.30932],[-82.34916,33.31324],[-82.3535,33.31232],[-82.07112,33.5158],[-82.02824,33.54494],[-82.01984,33.53504],[-82.00983,33.53032],[-82.00714,33.52284],[-82.00134,33.52014],[-81.99194,33.50444],[-81.99039,33.50077],[-81.99094,33.49424],[-81.98594,33.48654],[-81.92944,33.46584],[-81.92634,33.46294],[-81.91944,33.4491],[-81.91386,33.44203],[-81.91313,33.43834],[-81.91562,33.43365],[-81.92072,33.43099],[-81.92974,33.4296],[-81.93243,33.42571],[-81.92455,33.41912],[-81.91077,33.41504],[-81.90963,33.41261],[-81.9112,33.40918],[-81.91889,33.40745],[-81.92416,33.41067],[-81.9245,33.41249],[-81.93077,33.40712],[-81.93477,33.4068],[-81.94267,33.4092],[-81.94546,33.40688],[-81.94448,33.40368],[-81.93546,33.39786],[-81.93086,33.38008],[-81.92484,33.37415],[-81.92574,33.37115],[-81.93064,33.36817],[-81.93464,33.36895],[-81.93964,33.37255],[-81.94634,33.37065],[-81.94674,33.36735],[-81.94474,33.36405],[-81.93484,33.35605],[-81.93564,33.35205],[-81.93984,33.34775],[-81.93974,33.34495],[-81.93274,33.34355],[-81.92474,33.34535],[-81.9188,33.34022],[-81.91322,33.34683],[-81.90914,33.34665],[-81.90844,33.34385],[-81.91504,33.34155],[-81.91914,33.33445],[-81.90814,33.32715],[-81.90914,33.32395],[-81.91374,33.32005],[-81.91154,33.31915],[-81.90613,33.32163],[-81.90604,33.32605],[-81.90274,33.33025],[-81.90364,33.33485],[-81.90139,33.33578],[-81.89654,33.32955],[-81.89944,33.32515],[-81.89904,33.32335],[-81.89554,33.32165],[-81.89054,33.32245],[-81.88914,33.32105],[-81.89254,33.31535],[-81.88374,33.31765],[-81.88164,33.31585],[-81.88464,33.30895],[-81.88074,33.30225],[-81.86864,33.31395],[-81.86494,33.31185],[-81.86393,33.30204],[-81.86206,33.30249],[-81.85569,33.31024],[-81.84774,33.30725],[-81.84604,33.30435],[-81.84954,33.30005],[-81.84874,33.29675],[-81.85034,33.29645],[-81.85294,33.29965],[-81.86004,33.29915],[-81.86204,33.29695],[-81.86324,33.28885],[-81.85764,33.28465],[-81.84564,33.28425],[-81.84404,33.27865],[-81.83884,33.27375],[-81.83264,33.27585],[-81.83574,33.27105],[-81.83584,33.26285],[-81.83344,33.26225],[-81.83014,33.26455],[-81.82834,33.26305],[-81.83454,33.25835],[-81.84387,33.26663],[-81.84734,33.26635],[-81.84814,33.26395],[-81.84614,33.25815],[-81.84104,33.25705],[-81.83964,33.25525],[-81.84514,33.25255],[-81.85114,33.25255],[-81.85314,33.25075],[-81.85239,33.24677],[-81.85615,33.2458],[-81.8647,33.24802],[-81.87748,33.25873],[-81.88604,33.26186],[-81.89044,33.26015],[-81.90129,33.2613],[-81.90611,33.25912],[-81.9227,33.25745],[-81.92793,33.25431],[-81.93739,33.25171],[-81.94049,33.24694],[-81.95162,33.23894],[-81.97889,33.2272],[-81.98655,33.22887],[-81.98995,33.22792],[-81.99677,33.23106],[-82.01149,33.23391],[-82.0291,33.23195],[-82.04603,33.23641],[-82.06003,33.24257],[-82.07231,33.23904],[-82.08817,33.23025],[-82.0926,33.23009],[-82.1034,33.23302],[-82.10913,33.24131],[-82.12533,33.24967],[-82.13011,33.26047],[-82.12994,33.26671],[-82.1325,33.26901],[-82.13375,33.27589],[-82.14379,33.28187],[-82.15238,33.2826],[-82.1611,33.28939],[-82.16458,33.29589],[-82.17424,33.29678],[-82.26758,33.2674],[-82.27552,33.2681],[-82.28651,33.27414],[-82.29686,33.27736]]]},"properties":{"NAME10":"Richmond","NAMELSAD10":"Richmond County","GEOID10":"13245"}},{"type":"Feature","geometry":{"type":"Polygon","coordinates":[[[-83.55381,32.75894],[-83.50261,32.80113],[-83.498,32.80074],[-83.49294,32.80516],[-83.49648,32.80696],[-83.49882,32.81058],[-83.49699,32.81268],[-83.49846,32.81506],[-83.49565,32.8171],[-83.49658,32.81844],[-83.48943,32.82407],[-83.51351,32.84487],[-83.40699,32.89823],[-83.24285,32.60877],[-83.22654,32.58421],[-83.40004,32.50016],[-83.40353,32.50542],[-83.41206,32.5021],[-83.40885,32.49572],[-83.49793,32.4522],[-83.49497,32.45634],[-83.4917,32.45626],[-83.48969,32.45803],[-83.49091,32.46107],[-83.4948,32.46259],[-83.49492,32.4663],[-83.49198,32.46763],[-83.49474,32.46939],[-83.4937,32.47189],[-83.49674,32.47112],[-83.49747,32.47221],[-83.49434,32.47525],[-83.48916,32.47643],[-83.49082,32.47818],[-83.49354,32.47688],[-83.4926,32.47997],[-83.49773,32.47986],[-83.49867,32.48165],[-83.49481,32.48415],[-83.49309,32.48189],[-83.49197,32.4836],[-83.48889,32.48385],[-83.48865,32.48555],[-83.4915,32.48604],[-83.49361,32.49004],[-83.49726,32.48907],[-83.51171,32.49507],[-83.5149,32.49725],[-83.51331,32.49908],[-83.51823,32.49899],[-83.51814,32.50415],[-83.52089,32.50214],[-83.52438,32.50572],[-83.52012,32.50768],[-83.52063,32.51074],[-83.52305,32.51081],[-83.5241,32.51259],[-83.5275,32.51182],[-83.53028,32.51813],[-83.53401,32.51662],[-83.53482,32.52127],[-83.53258,32.52221],[-83.533,32.52352],[-83.53713,32.5226],[-83.53701,32.52479],[-83.53985,32.52429],[-83.53539,32.52997],[-83.53565,32.53336],[-83.53749,32.53435],[-83.53987,32.54087],[-83.539,32.54204],[-83.53743,32.54122],[-83.53608,32.544],[-83.53735,32.54777],[-83.54034,32.54808],[-83.54176,32.55021],[-83.53829,32.55129],[-83.53987,32.55349],[-83.53893,32.55574],[-83.54093,32.55493],[-83.54383,32.55726],[-83.54514,32.55569],[-83.5461,32.55657],[-83.5449,32.55821],[-83.54776,32.55936],[-83.5453,32.56298],[-83.54839,32.56354],[-83.54818,32.57179],[-83.54765,32.57333],[-83.54316,32.57455],[-83.54127,32.57738],[-83.53672,32.57464],[-83.53634,32.583],[-83.53413,32.58567],[-83.53684,32.58653],[-83.53817,32.58395],[-83.54001,32.58476],[-83.54023,32.58758],[-83.53879,32.58635],[-83.53724,32.58839],[-83.53999,32.59062],[-83.54173,32.59926],[-83.5403,32.60265],[-83.53799,32.60286],[-83.54074,32.60577],[-83.54042,32.60747],[-83.54374,32.60709],[-83.54192,32.60854],[-83.54373,32.61103],[-83.54591,32.61022],[-83.54688,32.61506],[-83.54898,32.61637],[-83.5415,32.62026],[-83.54395,32.62234],[-83.54295,32.6258],[-83.54514,32.62714],[-83.54425,32.62905],[-83.5463,32.62959],[-83.54514,32.63218],[-83.54753,32.63089],[-83.55097,32.63479],[-83.54875,32.63925],[-83.54929,32.64198],[-83.55122,32.64075],[-83.55754,32.64478],[-83.55835,32.64949],[-83.55451,32.64822],[-83.5569,32.6509],[-83.55578,32.65252],[-83.55884,32.65204],[-83.56162,32.65382],[-83.56085,32.65798],[-83.56313,32.65982],[-83.5662,32.66079],[-83.56682,32.65881],[-83.57004,32.65993],[-83.57062,32.65727],[-83.57148,32.65896],[-83.57511,32.65871],[-83.58138,32.65503],[-83.58262,32.65548],[-83.58042,32.65838],[-83.58528,32.65727],[-83.58576,32.66266],[-83.59091,32.66393],[-83.59102,32.66547],[-83.59373,32.66508],[-83.5942,32.6664],[-83.59766,32.66434],[-83.59718,32.66688],[-83.60132,32.66967],[-83.59985,32.67176],[-83.6068,32.67374],[-83.60526,32.67489],[-83.60701,32.67906],[-83.60583,32.68243],[-83.60837,32.68361],[-83.60777,32.68689],[-83.61107,32.68855],[-83.60847,32.68802],[-83.60835,32.69012],[-83.60643,32.691],[-83.60861,32.691],[-83.60859,32.69264],[-83.61155,32.69438],[-83.60964,32.69661],[-83.61027,32.69884],[-83.60817,32.69795],[-83.60691,32.70155],[-83.60238,32.69958],[-83.60496,32.70175],[-83.60269,32.70116],[-83.59984,32.70403],[-83.60051,32.70824],[-83.59684,32.71289],[-83.59716,32.71469],[-83.59863,32.7134],[-83.6014,32.71461],[-83.60084,32.71774],[-83.60418,32.71728],[-83.60124,32.72],[-83.59887,32.71836],[-83.60048,32.72103],[-83.59842,32.72291],[-83.60079,32.72515],[-83.59807,32.7253],[-83.59653,32.72853],[-83.60013,32.72979],[-83.59506,32.7318],[-83.59995,32.73377],[-83.59761,32.73669],[-83.60188,32.73853],[-83.59868,32.74037],[-83.60236,32.74127],[-83.59902,32.74345],[-83.59296,32.73886],[-83.5856,32.74484],[-83.57872,32.73812],[-83.55381,32.75894]]]},"properties":{"NAME10":"Twiggs","NAMELSAD10":"Twiggs County","GEOID10":"13289"}},{"type":"Feature","geometry":{"type":"Polygon","coordinates":[[[-83.82962,34.73963],[-83.82501,34.74369],[-83.82571,34.7492],[-83.82989,34.75822],[-83.82926,34.7619],[-83.83074,34.76591],[-83.82547,34.77898],[-83.81131,34.7861],[-83.74309,34.80134],[-83.72269,34.79758],[-83.71181,34.79053],[-83.69625,34.79335],[-83.69208,34.79825],[-83.68357,34.80132],[-83.6783,34.7959],[-83.6786,34.794],[-83.6748,34.7883],[-83.6689,34.789],[-83.6473,34.7723],[-83.6393,34.7727],[-83.6333,34.7705],[-83.6338,34.7675],[-83.6283,34.7634],[-83.6281,34.7605],[-83.6325,34.7545],[-83.6325,34.7519],[-83.62955,34.7501],[-83.629,34.7472],[-83.6251,34.7459],[-83.6267,34.7399],[-83.6233,34.7322],[-83.6246,34.7293],[-83.6291,34.7276],[-83.6329,34.7232],[-83.6326,34.7206],[-83.6394,34.711],[-83.63941,34.7067],[-83.63651,34.69961],[-83.6406,34.67992],[-83.64439,34.67934],[-83.64585,34.67531],[-83.64844,34.67346],[-83.64591,34.67239],[-83.64529,34.66902],[-83.64994,34.66652],[-83.654,34.66688],[-83.65486,34.66255],[-83.65873,34.65963],[-83.66282,34.65981],[-83.66266,34.6554],[-83.66508,34.65359],[-83.66162,34.65323],[-83.66111,34.64961],[-83.65703,34.64947],[-83.65498,34.64459],[-83.64953,34.64125],[-83.64684,34.63756],[-83.64673,34.63317],[-83.63817,34.62226],[-83.63867,34.61642],[-83.64653,34.61222],[-83.645,34.60202],[-83.63854,34.5929],[-83.63884,34.58004],[-83.63317,34.57289],[-83.63527,34.57123],[-83.62887,34.56722],[-83.62903,34.56407],[-83.62653,34.56073],[-83.61564,34.5536],[-83.62015,34.55192],[-83.62005,34.54978],[-83.6164,34.5468],[-83.62143,34.5438],[-83.61711,34.54294],[-83.61675,34.5414],[-83.62453,34.54079],[-83.62608,34.53596],[-83.63037,34.53631],[-83.6306,34.53324],[-83.63424,34.53212],[-83.63232,34.52859],[-83.63311,34.5269],[-83.63888,34.52666],[-83.64668,34.51997],[-83.654,34.51693],[-83.65605,34.518],[-83.65785,34.51441],[-83.66298,34.51342],[-83.66705,34.50744],[-83.66642,34.5036],[-83.77771,34.5048],[-83.77761,34.5137],[-83.78861,34.5141],[-83.78848,34.50476],[-83.84341,34.5055],[-83.84313,34.51536],[-83.83758,34.51535],[-83.83929,34.51861],[-83.83754,34.51954],[-83.8363,34.52354],[-83.83287,34.52353],[-83.83284,34.53231],[-83.84379,34.5324],[-83.84376,34.54144],[-83.85372,34.54146],[-83.85369,34.5507],[-83.86445,34.5506],[-83.86449,34.60051],[-83.86681,34.60276],[-83.86446,34.60446],[-83.86446,34.61559],[-83.8728,34.61563],[-83.8727,34.61897],[-83.87616,34.62052],[-83.87401,34.6235],[-83.87741,34.62922],[-83.87371,34.6308],[-83.87561,34.6367],[-83.87111,34.63988],[-83.87199,34.64239],[-83.87555,34.64332],[-83.87394,34.64449],[-83.87184,34.6575],[-83.87641,34.66099],[-83.87459,34.66401],[-83.87121,34.6649],[-83.8709,34.6688],[-83.87471,34.6732],[-83.87251,34.6831],[-83.86371,34.6878],[-83.86481,34.6907],[-83.86051,34.6962],[-83.86241,34.7007],[-83.85811,34.7049],[-83.86001,34.7077],[-83.85951,34.7136],[-83.85651,34.7222],[-83.85051,34.7262],[-83.84331,34.7264],[-83.84071,34.725],[-83.8382,34.72901],[-83.83041,34.7301],[-83.82901,34.7317],[-83.83041,34.7359],[-83.82962,34.73963]]]},"properties":{"NAME10":"White","NAMELSAD10":"White County","GEOID10":"13311"}},{"type":"Feature","geometry":{"type":"Polygon","coordinates":[[[-84.814,31.25365],[-84.74833,31.25249],[-84.74822,31.25846],[-84.73746,31.25833],[-84.73739,31.25231],[-84.70511,31.25193],[-84.7051,31.25773],[-84.69418,31.25766],[-84.69425,31.25168],[-84.68326,31.25141],[-84.68322,31.25719],[-84.67265,31.25712],[-84.67269,31.25945],[-84.66983,31.25947],[-84.66112,31.25937],[-84.66111,31.25686],[-84.64168,31.25654],[-84.64168,31.25897],[-84.63717,31.25897],[-84.53711,31.25594],[-84.54266,31.07903],[-84.64468,31.07951],[-84.6458,31.06802],[-84.92243,31.0726],[-84.91743,31.256],[-84.814,31.25365]]]},"properties":{"NAME10":"Miller","NAMELSAD10":"Miller County","GEOID10":"13201"}},{"type":"Feature","geometry":{"type":"Polygon","coordinates":[[[-84.86345,33.08206],[-84.86236,33.19118],[-84.85231,33.19105],[-84.85236,33.2236],[-84.71507,33.22298],[-84.71497,33.23119],[-84.69678,33.2315],[-84.69664,33.22304],[-84.67462,33.22274],[-84.67452,33.22651],[-84.66948,33.22643],[-84.66938,33.22971],[-84.65147,33.22949],[-84.65151,33.22252],[-84.50236,33.22106],[-84.50273,33.2197],[-84.50056,33.2187],[-84.5025,33.21551],[-84.50048,33.21501],[-84.49609,33.20741],[-84.49839,33.20149],[-84.493,33.20011],[-84.49054,33.19759],[-84.49259,33.19562],[-84.49383,33.19652],[-84.49674,33.19226],[-84.49498,33.1876],[-84.49674,33.18334],[-84.50745,33.17519],[-84.50559,33.16823],[-84.51008,33.16207],[-84.5072,33.15467],[-84.50999,33.15415],[-84.51505,33.1484],[-84.51486,33.14397],[-84.51782,33.14184],[-84.51569,33.14018],[-84.51685,33.13803],[-84.51302,33.13159],[-84.51078,33.13086],[-84.51094,33.12629],[-84.51399,33.12597],[-84.51812,33.12249],[-84.51977,33.1141],[-84.51758,33.11006],[-84.51832,33.10183],[-84.52151,33.10193],[-84.52864,33.09831],[-84.52837,33.09313],[-84.52758,33.09192],[-84.52195,33.09465],[-84.51883,33.08983],[-84.51072,33.08432],[-84.51338,33.07809],[-84.51691,33.0784],[-84.5181,33.08179],[-84.52515,33.07847],[-84.52723,33.07007],[-84.52339,33.0643],[-84.52329,33.05446],[-84.52542,33.0522],[-84.52808,33.04332],[-84.53567,33.04151],[-84.53703,33.03602],[-84.53309,33.02769],[-84.53475,33.0258],[-84.53388,33.02048],[-84.53801,33.01173],[-84.53305,33.00494],[-84.52701,33.00034],[-84.5313,32.99405],[-84.52864,32.9896],[-84.53027,32.98497],[-84.5252,32.98113],[-84.52151,32.97569],[-84.5247,32.97135],[-84.53149,32.97016],[-84.5344,32.9642],[-84.53198,32.96067],[-84.52405,32.96025],[-84.51896,32.95085],[-84.51928,32.94627],[-84.52293,32.93791],[-84.5224,32.93308],[-84.52799,32.9279],[-84.52422,32.9194],[-84.52691,32.9141],[-84.52332,32.91314],[-84.51625,32.91495],[-84.5116,32.91235],[-84.50818,32.90337],[-84.50969,32.88454],[-84.50689,32.88179],[-84.50706,32.87747],[-84.57067,32.84519],[-84.70054,32.84465],[-84.75147,32.86271],[-84.75134,32.86921],[-84.76776,32.86894],[-84.76788,32.86772],[-84.84107,32.86813],[-84.84759,32.86838],[-84.8477,32.87244],[-84.86177,32.8725],[-84.86154,32.96082],[-84.86453,32.96083],[-84.86463,32.9685],[-84.86345,33.08206]]]},"properties":{"NAME10":"Meriwether","NAMELSAD10":"Meriwether County","GEOID10":"13199"}},{"type":"Feature","geometry":{"type":"Polygon","coordinates":[[[-83.78244,33.66151],[-83.75829,33.64636],[-83.73436,33.64565],[-83.69155,33.617],[-83.69942,33.60945],[-83.6809,33.59693],[-83.68739,33.58857],[-83.68577,33.58502],[-83.68709,33.58238],[-83.68145,33.57792],[-83.67764,33.57155],[-83.6822,33.52623],[-83.68815,33.51072],[-83.68595,33.50851],[-83.68659,33.50628],[-83.68311,33.49444],[-83.67465,33.48723],[-83.67842,33.48365],[-83.6876,33.48312],[-83.69711,33.49483],[-83.70103,33.49831],[-83.70322,33.49795],[-83.70528,33.5009],[-83.71228,33.4951],[-83.70475,33.48852],[-83.73669,33.48087],[-83.77128,33.4525],[-83.80738,33.44084],[-83.80839,33.43634],[-83.8122,33.43466],[-83.82421,33.43781],[-83.82348,33.43339],[-83.82837,33.42613],[-83.8287,33.42244],[-83.83088,33.42153],[-83.82816,33.41504],[-83.84521,33.41473],[-83.84503,33.40776],[-83.83689,33.40789],[-83.83698,33.40505],[-83.84375,33.40493],[-83.84254,33.40259],[-83.83103,33.39347],[-83.83825,33.3896],[-83.84629,33.37979],[-83.84741,33.3745],[-83.85692,33.37189],[-83.85395,33.36725],[-83.86306,33.36828],[-83.8666,33.37261],[-83.86442,33.3772],[-83.87329,33.37804],[-83.87764,33.38368],[-83.87878,33.3898],[-83.8936,33.39488],[-83.89591,33.40203],[-83.89541,33.40795],[-83.90519,33.41289],[-83.90829,33.41784],[-83.91252,33.41776],[-83.91038,33.42568],[-83.91521,33.42728],[-83.91516,33.43623],[-83.91981,33.43447],[-83.91884,33.43887],[-83.92489,33.44571],[-83.92255,33.45059],[-83.93198,33.45467],[-83.93145,33.45741],[-83.93517,33.46016],[-83.93782,33.46784],[-83.94456,33.47153],[-83.94776,33.47674],[-83.94636,33.4828],[-83.94901,33.48559],[-83.95541,33.48374],[-83.96937,33.48681],[-83.97408,33.48352],[-83.97646,33.48883],[-83.98026,33.487],[-83.98354,33.48875],[-83.98576,33.48799],[-83.99143,33.49284],[-84.00031,33.49435],[-84.01218,33.49219],[-84.01591,33.49808],[-84.02573,33.49659],[-84.02806,33.49152],[-84.03726,33.49585],[-84.03692,33.49705],[-84.03169,33.49779],[-84.03003,33.5001],[-84.03413,33.50375],[-84.03561,33.50906],[-84.043,33.50979],[-84.04185,33.51823],[-84.04295,33.51989],[-84.05065,33.51638],[-84.04829,33.5122],[-84.04916,33.51105],[-84.05136,33.51103],[-84.05437,33.51486],[-84.05489,33.51951],[-84.04504,33.52473],[-84.01069,33.56332],[-84.01066,33.55495],[-84.00328,33.55488],[-84.00338,33.56354],[-84.01046,33.56357],[-83.93087,33.65183],[-83.92993,33.6589],[-83.92576,33.66463],[-83.9231,33.67386],[-83.9231,33.67898],[-83.92463,33.68089],[-83.92253,33.68146],[-83.92258,33.68509],[-83.92041,33.68558],[-83.91813,33.6895],[-83.92038,33.69146],[-83.9227,33.69784],[-83.92552,33.70624],[-83.92524,33.71019],[-83.92305,33.71116],[-83.9176,33.70833],[-83.91325,33.71259],[-83.91665,33.71641],[-83.91541,33.71857],[-83.9187,33.72377],[-83.91606,33.73118],[-83.91753,33.73711],[-83.91518,33.73933],[-83.91483,33.74421],[-83.78244,33.66151]]]},"properties":{"NAME10":"Newton","NAMELSAD10":"Newton County","GEOID10":"13217"}},{"type":"Feature","geometry":{"type":"Polygon","coordinates":[[[-84.34614,31.07891],[-84.50808,31.07841],[-84.50338,31.08933],[-84.50442,31.09795],[-84.50685,31.10205],[-84.50632,31.109],[-84.50125,31.11275],[-84.5001,31.11798],[-84.50153,31.12057],[-84.50679,31.12359],[-84.48859,31.13848],[-84.48595,31.13962],[-84.48326,31.13762],[-84.48068,31.13932],[-84.47869,31.14819],[-84.48279,31.15353],[-84.48264,31.1567],[-84.47411,31.15984],[-84.4685,31.16406],[-84.47115,31.16688],[-84.47028,31.16861],[-84.46738,31.16894],[-84.46086,31.16615],[-84.45812,31.16711],[-84.45347,31.17184],[-84.4487,31.18017],[-84.43956,31.18283],[-84.43287,31.18953],[-84.42942,31.19008],[-84.43082,31.19058],[-84.42599,31.19048],[-84.42037,31.19499],[-84.42013,31.19769],[-84.41678,31.19411],[-84.4199,31.18677],[-84.41808,31.18578],[-84.41279,31.18849],[-84.41199,31.19191],[-84.40795,31.19381],[-84.40435,31.19915],[-84.40394,31.20326],[-84.40912,31.2097],[-84.40565,31.21314],[-84.40598,31.21889],[-84.40057,31.22353],[-84.39411,31.22591],[-84.39396,31.2297],[-84.38228,31.23407],[-84.3753,31.2395],[-84.37197,31.23837],[-84.36583,31.24039],[-84.36334,31.24943],[-84.35898,31.25421],[-84.35945,31.25975],[-84.35438,31.26612],[-84.34789,31.27009],[-84.34095,31.27777],[-84.34097,31.28514],[-84.33675,31.28817],[-84.33546,31.29177],[-84.33728,31.30028],[-84.341,31.30465],[-84.33229,31.31139],[-84.32392,31.31393],[-84.32072,31.31144],[-84.31622,31.31173],[-84.31334,31.31437],[-84.31333,31.32194],[-84.31106,31.32397],[-84.30285,31.3238],[-84.29686,31.32608],[-84.29036,31.3251],[-84.2865,31.32978],[-84.28369,31.32737],[-84.28007,31.33049],[-84.2758,31.3297],[-84.26995,31.333],[-84.27175,31.33722],[-84.26789,31.34154],[-84.257,31.33937],[-84.25431,31.33555],[-84.24638,31.33884],[-84.24399,31.34263],[-84.24194,31.33882],[-84.23992,31.33842],[-84.23357,31.34098],[-84.23162,31.34525],[-84.22855,31.3475],[-84.22512,31.35604],[-84.21616,31.35735],[-84.21209,31.35575],[-84.21006,31.35943],[-84.20495,31.35842],[-84.20083,31.3555],[-84.19799,31.35753],[-84.19783,31.36528],[-84.2006,31.37518],[-84.1993,31.38498],[-84.1958,31.38904],[-84.19552,31.39163],[-84.18256,31.39919],[-84.1813,31.39759],[-84.18238,31.39152],[-84.17885,31.39167],[-84.17588,31.39801],[-84.17935,31.40648],[-84.17712,31.41065],[-84.15838,31.41704],[-84.15334,31.41364],[-84.14885,31.42387],[-84.14086,31.43378],[-84.14196,31.43942],[-84.13827,31.44244],[-83.9978,31.44376],[-84.00298,31.1119],[-84.01374,31.11185],[-84.01385,31.10244],[-84.0032,31.10235],[-84.00363,31.0773],[-84.34614,31.07891]]]},"properties":{"NAME10":"Mitchell","NAMELSAD10":"Mitchell County","GEOID10":"13205"}},{"type":"Feature","geometry":{"type":"Polygon","coordinates":[[[-84.11333,34.07829],[-84.11383,34.0852],[-84.10991,34.09255],[-84.11032,34.09754],[-84.10163,34.10509],[-84.10162,34.11644],[-84.09802,34.11879],[-84.09761,34.12285],[-84.0935,34.12579],[-84.09481,34.13223],[-84.08554,34.14241],[-84.08581,34.14832],[-84.07615,34.15811],[-84.07463,34.16369],[-84.06285,34.16788],[-83.86803,34.09829],[-83.81769,34.1275],[-83.86912,34.00432],[-83.86661,34.00409],[-83.8558,33.99321],[-83.83827,33.98361],[-83.83195,33.9663],[-83.82443,33.96441],[-83.8137,33.9545],[-83.81338,33.94914],[-83.80494,33.94224],[-83.8059,33.93738],[-83.80265,33.93223],[-83.79911,33.92985],[-84.02372,33.75281],[-84.04032,33.75771],[-84.04332,33.76231],[-84.05212,33.76671],[-84.05803,33.77268],[-84.07052,33.77481],[-84.07592,33.77751],[-84.09792,33.79951],[-84.11342,33.80751],[-84.13272,33.83051],[-84.13486,33.83526],[-84.14834,33.84257],[-84.15782,33.85321],[-84.17214,33.85752],[-84.17942,33.86441],[-84.18701,33.86552],[-84.19629,33.87099],[-84.20352,33.87301],[-84.20472,33.87701],[-84.21632,33.88421],[-84.23222,33.90201],[-84.25603,33.91441],[-84.25983,33.91891],[-84.27222,33.94486],[-84.26631,33.94758],[-84.27193,33.95591],[-84.27573,33.95421],[-84.27683,33.95771],[-84.2725,33.95885],[-84.26763,33.96378],[-84.25809,33.96819],[-84.26285,33.97368],[-84.26156,33.97648],[-84.26318,33.9864],[-84.26094,33.98766],[-84.25407,33.98643],[-84.24976,33.99214],[-84.24832,33.99827],[-84.23805,33.99987],[-84.22732,34.00407],[-84.21292,34.00391],[-84.20131,33.99595],[-84.20175,33.99344],[-84.20466,33.99179],[-84.20423,33.98999],[-84.19229,33.99122],[-84.18507,33.99486],[-84.18073,33.99937],[-84.18039,34.00684],[-84.17529,34.02061],[-84.16917,34.02835],[-84.15713,34.03243],[-84.14273,34.02972],[-84.12347,34.0335],[-84.11632,34.03659],[-84.11233,34.04197],[-84.10739,34.04513],[-84.10038,34.04771],[-84.09814,34.05159],[-84.10622,34.05479],[-84.11181,34.06315],[-84.11793,34.06557],[-84.11333,34.07829]]]},"properties":{"NAME10":"Gwinnett","NAMELSAD10":"Gwinnett County","GEOID10":"13135"}},{"type":"Feature","geometry":{"type":"Polygon","coordinates":[[[-83.1781,33.38027],[-83.17807,33.38246],[-83.18473,33.38337],[-83.18752,33.38611],[-83.1879,33.39249],[-83.19676,33.39593],[-83.20288,33.38877],[-83.20806,33.38714],[-83.21202,33.38784],[-83.21445,33.3849],[-83.21325,33.38327],[-83.21478,33.38059],[-83.22357,33.37967],[-83.22457,33.38474],[-83.21989,33.3903],[-83.22035,33.39384],[-83.21448,33.39674],[-83.21249,33.39925],[-83.21311,33.40085],[-83.22606,33.40459],[-83.23028,33.40252],[-83.23549,33.40232],[-83.24103,33.3984],[-83.24388,33.39868],[-83.2397,33.41916],[-83.2466,33.42321],[-83.24856,33.42902],[-83.25291,33.43475],[-83.26306,33.44395],[-83.26113,33.44881],[-83.25701,33.45083],[-83.25727,33.45623],[-83.27461,33.46393],[-83.27777,33.46888],[-83.28034,33.48646],[-83.27681,33.4942],[-83.28302,33.5032],[-83.28402,33.50795],[-83.2801,33.5169],[-83.28061,33.52277],[-83.27673,33.52855],[-83.26953,33.53182],[-83.27046,33.53609],[-83.27835,33.54456],[-83.28048,33.54295],[-83.28659,33.54268],[-83.2951,33.55229],[-83.30181,33.55565],[-83.30362,33.55502],[-83.30323,33.56312],[-83.3058,33.56246],[-83.30835,33.56458],[-83.31057,33.56295],[-83.3123,33.56417],[-83.31327,33.56766],[-83.31743,33.57037],[-83.31722,33.57341],[-83.32036,33.57432],[-83.32317,33.57995],[-83.32624,33.5799],[-83.32626,33.58415],[-83.33079,33.58327],[-83.33622,33.5884],[-83.33726,33.59427],[-83.33921,33.59458],[-83.33784,33.59735],[-83.34256,33.59599],[-83.34887,33.59729],[-83.34687,33.6005],[-83.34972,33.61426],[-83.35445,33.61796],[-83.35443,33.62008],[-83.35762,33.61998],[-83.35955,33.62234],[-83.35968,33.6278],[-83.36438,33.63547],[-83.36238,33.63977],[-83.36573,33.64009],[-83.36513,33.64437],[-83.36882,33.64728],[-83.36752,33.64887],[-83.37055,33.65053],[-83.36935,33.65406],[-83.37134,33.65633],[-83.37461,33.65636],[-83.37606,33.66002],[-83.38017,33.66123],[-83.38406,33.66634],[-83.38296,33.67015],[-83.38865,33.67577],[-83.38865,33.67893],[-83.39508,33.68377],[-83.39646,33.68687],[-83.39492,33.69052],[-83.3998,33.69113],[-83.40081,33.69622],[-83.40465,33.6966],[-83.40619,33.69831],[-83.29145,33.73432],[-83.29448,33.73781],[-83.29731,33.73818],[-83.29622,33.74314],[-83.29152,33.74522],[-83.29041,33.75183],[-83.28514,33.75284],[-83.28289,33.7548],[-83.28379,33.75713],[-83.28251,33.75958],[-83.28034,33.75954],[-83.28034,33.76178],[-83.11873,33.69882],[-83.04914,33.71557],[-83.03015,33.70149],[-83.02611,33.70088],[-83.02099,33.69431],[-83.01564,33.69121],[-83.00788,33.68988],[-82.99646,33.69398],[-82.99366,33.6927],[-82.98838,33.68623],[-82.98326,33.68456],[-82.97758,33.67944],[-82.96376,33.67683],[-82.96218,33.67317],[-82.95899,33.67086],[-82.9596,33.66979],[-82.95299,33.66518],[-82.9532,33.66157],[-82.95076,33.66108],[-82.95115,33.65804],[-82.97052,33.64173],[-82.97372,33.62171],[-82.98011,33.61472],[-82.98773,33.62895],[-82.99725,33.62538],[-83.00161,33.62025],[-82.99421,33.613],[-82.99331,33.6049],[-82.9899,33.60329],[-83.0005,33.59128],[-83.01088,33.5856],[-83.01404,33.58039],[-82.98604,33.52036],[-82.98707,33.51946],[-82.98559,33.48985],[-83.16421,33.35504],[-83.16684,33.36244],[-83.17002,33.36518],[-83.16972,33.37039],[-83.17334,33.37341],[-83.17327,33.37537],[-83.17827,33.378],[-83.1781,33.38027]]]},"properties":{"NAME10":"Greene","NAMELSAD10":"Greene County","GEOID10":"13133"}},{"type":"Feature","geometry":{"type":"Polygon","coordinates":[[[-84.27992,32.15932],[-84.26992,32.15927],[-84.26933,32.1662],[-84.26042,32.16607],[-84.26062,32.15917],[-84.18357,32.1585],[-84.18166,32.22971],[-84.1341,32.22798],[-84.13474,32.1854],[-84.12794,32.1894],[-84.09089,32.19216],[-84.08451,32.19117],[-84.08121,32.18737],[-84.07691,32.18657],[-84.07381,32.18397],[-84.06881,32.18517],[-84.06001,32.18327],[-84.05041,32.18537],[-84.04791,32.18287],[-84.04381,32.18247],[-84.04368,32.17942],[-84.03998,32.17738],[-84.04042,32.17544],[-84.03255,32.17392],[-84.03152,32.17119],[-84.0284,32.17155],[-84.02631,32.1687],[-84.0291,32.1658],[-84.02922,32.16223],[-84.03262,32.16111],[-84.03109,32.15493],[-84.03342,32.15322],[-84.02197,32.14177],[-84.02128,32.13645],[-84.01501,32.13169],[-84.00905,32.13089],[-84.01221,32.12507],[-84.01191,32.11907],[-84.00801,32.11827],[-84.00747,32.11615],[-84.00121,32.11167],[-83.99689,32.11253],[-84.0013,32.10609],[-83.99795,32.10368],[-83.99724,32.10065],[-83.98908,32.10123],[-83.99017,32.09545],[-83.98601,32.09657],[-83.98472,32.09377],[-83.97857,32.09499],[-83.97741,32.09256],[-83.97479,32.09196],[-83.98133,32.0818],[-83.9831,32.07576],[-83.98717,32.07164],[-83.97721,32.06322],[-83.98039,32.04491],[-83.97735,32.04269],[-83.97074,32.04617],[-83.96779,32.04548],[-83.96663,32.04175],[-83.96904,32.03827],[-83.96147,32.03589],[-83.96183,32.03177],[-83.95784,32.02273],[-83.95885,32.02122],[-83.95523,32.02003],[-83.95031,32.01538],[-83.95199,32.01205],[-83.95042,31.9972],[-83.94496,31.99643],[-83.94455,31.99515],[-83.94473,31.99171],[-83.9477,31.99263],[-83.94831,31.99147],[-83.94449,31.98291],[-83.942,31.98105],[-83.94134,31.97745],[-83.93207,31.96404],[-83.93366,31.95911],[-83.92499,31.94806],[-83.92642,31.93705],[-83.92023,31.92773],[-83.91912,31.9231],[-83.9225,31.90966],[-83.93568,31.91185],[-84.01077,31.91359],[-84.33815,31.9162],[-84.33825,31.8736],[-84.34052,31.87276],[-84.34346,31.8745],[-84.34497,31.87708],[-84.34731,31.87766],[-84.3489,31.88204],[-84.35162,31.88089],[-84.35398,31.8848],[-84.35794,31.88543],[-84.35931,31.88904],[-84.36433,31.8932],[-84.36468,31.8958],[-84.36886,31.8969],[-84.37397,31.90104],[-84.37667,31.90625],[-84.38044,31.90834],[-84.37953,31.91101],[-84.38117,31.91153],[-84.38106,31.91397],[-84.38337,31.91694],[-84.39784,31.92536],[-84.39851,31.92906],[-84.40324,31.93486],[-84.40879,31.93779],[-84.40947,31.93632],[-84.41163,31.93646],[-84.42103,31.9429],[-84.4218,31.94566],[-84.42835,31.94945],[-84.42952,31.95177],[-84.43196,31.95151],[-84.4324,31.95398],[-84.4349,31.95436],[-84.43698,31.95976],[-84.44036,31.95962],[-84.44137,31.96525],[-84.44364,31.96637],[-84.44162,32.04207],[-84.43302,32.04197],[-84.43022,32.16626],[-84.27992,32.16377],[-84.27992,32.15932]]]},"properties":{"NAME10":"Sumter","NAMELSAD10":"Sumter County","GEOID10":"13261"}},{"type":"Feature","geometry":{"type":"Polygon","coordinates":[[[-84.60055,31.8766],[-84.60309,31.77201],[-84.56317,31.77061],[-84.56663,31.76389],[-84.57033,31.76067],[-84.57032,31.75686],[-84.5649,31.75129],[-84.56584,31.74909],[-84.56292,31.74552],[-84.56389,31.7416],[-84.56193,31.73453],[-84.55568,31.7275],[-84.55689,31.72536],[-84.55498,31.72114],[-84.54688,31.71243],[-84.54729,31.70447],[-84.54398,31.69819],[-84.54475,31.69734],[-84.54031,31.69264],[-84.54065,31.68895],[-84.53781,31.68596],[-84.5351,31.67903],[-84.53517,31.67663],[-84.5387,31.67419],[-84.53736,31.67381],[-84.53786,31.66775],[-84.54022,31.66614],[-84.53734,31.66019],[-84.53876,31.65641],[-84.53612,31.6461],[-84.53986,31.64012],[-84.5386,31.63803],[-84.542,31.63456],[-84.54367,31.62652],[-84.5453,31.62651],[-84.54555,31.62197],[-84.55696,31.62117],[-84.55714,31.62845],[-84.56883,31.62863],[-84.56884,31.62111],[-84.57803,31.6211],[-84.57798,31.63726],[-84.5866,31.63739],[-84.58651,31.62116],[-84.59741,31.62136],[-84.59715,31.63762],[-84.60678,31.6378],[-84.60694,31.62826],[-84.62253,31.62847],[-84.62223,31.63783],[-84.63621,31.63803],[-84.63624,31.64355],[-84.6493,31.64368],[-84.64958,31.63795],[-84.65631,31.6379],[-84.65652,31.61999],[-84.94236,31.61867],[-84.94252,31.65556],[-84.93135,31.65543],[-84.931,31.67231],[-84.94064,31.67229],[-84.94055,31.67986],[-84.94979,31.67992],[-84.94939,31.71341],[-84.95933,31.71338],[-84.95864,31.77786],[-84.91034,31.77685],[-84.90701,31.92447],[-84.8104,31.92292],[-84.81012,31.93185],[-84.80066,31.93153],[-84.80066,31.92286],[-84.68552,31.92032],[-84.68571,31.92899],[-84.67579,31.92869],[-84.67583,31.92054],[-84.59978,31.92018],[-84.60055,31.8766]]]},"properties":{"NAME10":"Randolph","NAMELSAD10":"Randolph County","GEOID10":"13243"}},{"type":"Feature","geometry":{"type":"Polygon","coordinates":[[[-83.37694,34.30579],[-83.39392,34.32481],[-83.38712,34.37949],[-83.3828,34.39273],[-83.38257,34.42893],[-83.38698,34.43518],[-83.3984,34.46089],[-83.37306,34.47022],[-83.17784,34.47702],[-83.10368,34.53662],[-83.10211,34.53211],[-83.08783,34.53209],[-83.07827,34.52525],[-83.07791,34.52378],[-83.08725,34.51619],[-83.07925,34.51413],[-83.07646,34.5078],[-83.0721,34.50374],[-83.0658,34.50105],[-83.05799,34.50368],[-83.05326,34.50181],[-83.05328,34.49636],[-83.05138,34.49399],[-83.09424,34.41591],[-83.10707,34.34468],[-83.09471,34.34703],[-83.10594,34.27892],[-83.11578,34.27205],[-83.17275,34.23853],[-83.18035,34.23991],[-83.19471,34.24705],[-83.20283,34.24834],[-83.209,34.24404],[-83.21402,34.24316],[-83.21422,34.24549],[-83.21652,34.24653],[-83.22408,34.24385],[-83.23668,34.24815],[-83.23905,34.24642],[-83.23738,34.24192],[-83.24089,34.24182],[-83.24619,34.24475],[-83.24988,34.245],[-83.25075,34.24338],[-83.25212,34.24666],[-83.25466,34.24756],[-83.26519,34.24719],[-83.27326,34.24896],[-83.27527,34.25013],[-83.27641,34.25445],[-83.28649,34.25332],[-83.28974,34.25965],[-83.29759,34.26458],[-83.3083,34.25883],[-83.31353,34.2592],[-83.3139,34.25452],[-83.31959,34.25257],[-83.32439,34.24883],[-83.32845,34.24884],[-83.33641,34.2383],[-83.34446,34.2362],[-83.35019,34.22611],[-83.35527,34.22374],[-83.35067,34.2348],[-83.34697,34.23812],[-83.34317,34.2391],[-83.34406,34.24564],[-83.34097,34.24896],[-83.34127,34.25201],[-83.33792,34.26162],[-83.37694,34.30579]]]},"properties":{"NAME10":"Franklin","NAMELSAD10":"Franklin County","GEOID10":"13119"}},{"type":"Feature","geometry":{"type":"Polygon","coordinates":[[[-83.36112,32.1241],[-83.39715,32.12411],[-83.39698,32.13258],[-83.41309,32.13327],[-83.41644,32.13308],[-83.41655,32.12518],[-83.4356,32.12543],[-83.43566,32.11725],[-83.54163,32.11814],[-83.5415,32.12608],[-83.55083,32.12617],[-83.55102,32.11815],[-83.60855,32.11841],[-83.60693,32.23829],[-83.60996,32.23802],[-83.61001,32.24174],[-83.61585,32.24171],[-83.61581,32.25121],[-83.60637,32.25134],[-83.6064,32.28844],[-83.61558,32.28856],[-83.58793,32.3233],[-83.57941,32.3363],[-83.52375,32.40219],[-83.52068,32.40115],[-83.51325,32.39271],[-83.50802,32.39161],[-83.50667,32.38891],[-83.50474,32.3905],[-83.50247,32.38936],[-83.50095,32.39853],[-83.49804,32.40172],[-83.36776,32.28893],[-83.36613,32.28945],[-83.34653,32.2725],[-83.37393,32.24975],[-83.29111,32.17883],[-83.32481,32.15037],[-83.30469,32.13321],[-83.31065,32.1283],[-83.30893,32.12572],[-83.32086,32.11956],[-83.33732,32.10589],[-83.34305,32.10801],[-83.34686,32.10636],[-83.34828,32.10285],[-83.35911,32.10614],[-83.35775,32.10925],[-83.35667,32.10756],[-83.35313,32.10702],[-83.35349,32.11094],[-83.35067,32.11259],[-83.35421,32.11415],[-83.36112,32.1241]]]},"properties":{"NAME10":"Pulaski","NAMELSAD10":"Pulaski County","GEOID10":"13235"}},{"type":"Feature","geometry":{"type":"MultiPolygon","coordinates":[[[[-83.64225,30.6529],[-83.74373,30.6584],[-83.74226,30.74205],[-83.73902,30.74201],[-83.74082,30.81815],[-83.73616,31.03768],[-83.57396,31.03388],[-83.574,31.07896],[-83.57355,31.07551],[-83.56971,31.07315],[-83.57075,31.0717],[-83.56134,31.06543],[-83.55902,31.0616],[-83.55597,31.06106],[-83.55385,31.05612],[-83.55082,31.05637],[-83.55215,31.05501],[-83.54991,31.05339],[-83.54098,31.05105],[-83.53397,31.05296],[-83.52977,31.05111],[-83.52895,31.05371],[-83.52562,31.05529],[-83.52515,31.05377],[-83.52046,31.05325],[-83.52052,31.05192],[-83.51073,31.05061],[-83.50742,31.04822],[-83.50302,31.05327],[-83.49747,31.04757],[-83.49553,31.04423],[-83.49708,31.04073],[-83.4923,31.03913],[-83.49252,31.03652],[-83.48398,31.03489],[-83.48185,31.03264],[-83.47582,31.03295],[-83.47689,31.03099],[-83.4738,31.03128],[-83.47326,31.02846],[-83.47228,31.02975],[-83.47063,31.02849],[-83.46824,31.02951],[-83.47152,31.02673],[-83.4715,31.02413],[-83.4681,31.02233],[-83.46937,31.02093],[-83.46613,31.01911],[-83.46625,31.01667],[-83.46842,31.01649],[-83.46413,31.01093],[-83.4638,31.00612],[-83.46131,31.00571],[-83.46042,31.00282],[-83.45845,31.00307],[-83.4582,31.0008],[-83.45483,30.99858],[-83.45629,30.99731],[-83.45467,30.99671],[-83.45589,30.99482],[-83.45443,30.99295],[-83.45275,30.99384],[-83.45171,30.99032],[-83.44837,30.9892],[-83.44718,30.99044],[-83.44634,30.98766],[-83.4441,30.98832],[-83.44234,30.97278],[-83.43814,30.96862],[-83.43968,30.96627],[-83.43642,30.96594],[-83.43709,30.96421],[-83.43552,30.96376],[-83.43718,30.96272],[-83.43468,30.96148],[-83.43608,30.9608],[-83.43469,30.95974],[-83.43658,30.95533],[-83.43571,30.95446],[-83.43227,30.9561],[-83.4339,30.95471],[-83.43098,30.95375],[-83.43195,30.94966],[-83.42925,30.94886],[-83.43152,30.94426],[-83.43672,30.93975],[-83.43986,30.9398],[-83.43512,30.93539],[-83.43648,30.93261],[-83.43897,30.93165],[-83.43589,30.93069],[-83.43892,30.92983],[-83.43649,30.92732],[-83.43879,30.92106],[-83.43635,30.9207],[-83.43939,30.9196],[-83.43882,30.91816],[-83.44185,30.91612],[-83.44001,30.91473],[-83.44185,30.91376],[-83.43948,30.91357],[-83.44106,30.91261],[-83.4398,30.91133],[-83.44121,30.91062],[-83.43967,30.91034],[-83.44095,30.90938],[-83.43836,30.90826],[-83.44031,30.9048],[-83.43855,30.9048],[-83.43823,30.90335],[-83.43479,30.90423],[-83.43271,30.89944],[-83.4309,30.90074],[-83.42654,30.89921],[-83.42649,30.89768],[-83.4283,30.89752],[-83.42559,30.89646],[-83.42737,30.89523],[-83.42461,30.89498],[-83.42628,30.89296],[-83.42105,30.89231],[-83.41723,30.88917],[-83.41579,30.88952],[-83.4168,30.89101],[-83.41523,30.89225],[-83.41234,30.89209],[-83.41361,30.89399],[-83.41167,30.89445],[-83.41125,30.8925],[-83.40875,30.89236],[-83.40885,30.89075],[-83.40536,30.88787],[-83.40837,30.88685],[-83.40418,30.88719],[-83.4027,30.88473],[-83.39887,30.88377],[-83.39672,30.88515],[-83.39363,30.88285],[-83.39246,30.88352],[-83.3934,30.88542],[-83.39056,30.88419],[-83.38448,30.88524],[-83.38087,30.88438],[-83.37747,30.88042],[-83.37299,30.88458],[-83.3695,30.88418],[-83.36403,30.8764],[-83.35877,30.87226],[-83.35598,30.87235],[-83.35742,30.87099],[-83.35565,30.86898],[-83.35797,30.86874],[-83.35385,30.86446],[-83.35466,30.86174],[-83.35097,30.85997],[-83.35008,30.85514],[-83.34812,30.85599],[-83.34649,30.85374],[-83.34889,30.8495],[-83.34774,30.84712],[-83.35204,30.84627],[-83.35095,30.8418],[-83.35361,30.84146],[-83.35955,30.83644],[-83.36375,30.83978],[-83.36481,30.83715],[-83.37078,30.8377],[-83.37317,30.83982],[-83.3792,30.83053],[-83.38358,30.82819],[-83.39197,30.82785],[-83.39455,30.8254],[-83.4089,30.82905],[-83.41474,30.8287],[-83.42616,30.81501],[-83.42958,30.81691],[-83.43252,30.81402],[-83.43858,30.81437],[-83.44272,30.81737],[-83.44969,30.81782],[-83.45107,30.81086],[-83.44672,30.8064],[-83.44749,30.79888],[-83.45317,30.79449],[-83.45229,30.78823],[-83.45701,30.78654],[-83.45935,30.78338],[-83.45709,30.78076],[-83.45932,30.77747],[-83.45441,30.77002],[-83.45828,30.76462],[-83.46804,30.76445],[-83.47215,30.75919],[-83.47491,30.76047],[-83.48246,30.75694],[-83.48477,30.75238],[-83.47994,30.7436],[-83.46798,30.73222],[-83.46869,30.71813],[-83.45787,30.71346],[-83.45323,30.70875],[-83.4523,30.70407],[-83.45448,30.70087],[-83.45127,30.69995],[-83.44774,30.69537],[-83.44289,30.69508],[-83.43968,30.68857],[-83.43096,30.68873],[-83.42349,30.68626],[-83.42344,30.68823],[-83.42076,30.68898],[-83.41697,30.68344],[-83.41832,30.68108],[-83.41636,30.67957],[-83.41875,30.6784],[-83.41525,30.67471],[-83.40449,30.67476],[-83.39628,30.67732],[-83.39153,30.67191],[-83.39432,30.66942],[-83.39403,30.66772],[-83.38809,30.66756],[-83.38105,30.66298],[-83.37617,30.66206],[-83.37488,30.65896],[-83.3709,30.65667],[-83.36314,30.65892],[-83.36462,30.65528],[-83.36125,30.65187],[-83.36061,30.64406],[-83.36522,30.64357],[-83.36597,30.64213],[-83.35771,30.63737],[-83.64225,30.6529]]],[[[-83.31108,30.63454],[-83.34086,30.63634],[-83.33708,30.64069],[-83.32944,30.64023],[-83.32644,30.64347],[-83.31975,30.64131],[-83.31413,30.63591],[-83.30919,30.63568],[-83.30925,30.63441],[-83.31108,30.63454]]]]},"properties":{"NAME10":"Brooks","NAMELSAD10":"Brooks County","GEOID10":"13027"}},{"type":"Feature","geometry":{"type":"Polygon","coordinates":[[[-85.48437,34.39294],[-85.52727,34.58869],[-85.37148,34.58976],[-85.37134,34.5859],[-85.36691,34.58592],[-85.3602,34.58181],[-85.35208,34.58248],[-85.35409,34.58534],[-85.35348,34.58926],[-85.10775,34.58749],[-85.12465,34.55089],[-85.14765,34.51499],[-85.15225,34.50139],[-85.15914,34.48927],[-85.16286,34.47233],[-85.17009,34.45466],[-85.17718,34.44504],[-85.18055,34.436],[-85.20279,34.43154],[-85.2047,34.42934],[-85.21508,34.42959],[-85.21457,34.42281],[-85.22231,34.42081],[-85.22244,34.41554],[-85.24135,34.41552],[-85.24145,34.40827],[-85.24909,34.4082],[-85.24921,34.40174],[-85.25222,34.40262],[-85.25927,34.39899],[-85.26366,34.39866],[-85.2654,34.39565],[-85.27391,34.39379],[-85.28022,34.38955],[-85.29947,34.38471],[-85.33489,34.36975],[-85.34899,34.35368],[-85.3537,34.3461],[-85.36063,34.33942],[-85.3632,34.33903],[-85.36929,34.32637],[-85.37285,34.32261],[-85.37711,34.31149],[-85.38282,34.30329],[-85.3824,34.30091],[-85.37896,34.2988],[-85.37882,34.29622],[-85.38736,34.2861],[-85.46221,34.28639],[-85.48437,34.39294]]]},"properties":{"NAME10":"Chattooga","NAMELSAD10":"Chattooga County","GEOID10":"13055"}},{"type":"Feature","geometry":{"type":"Polygon","coordinates":[[[-82.53516,31.67259],[-82.5214,31.67252],[-82.52142,31.7108],[-82.49587,31.71059],[-82.48795,31.70165],[-82.48678,31.69773],[-82.48282,31.69589],[-82.47774,31.69057],[-82.47702,31.68557],[-82.47384,31.6835],[-82.47273,31.68016],[-82.4642,31.6765],[-82.46034,31.67038],[-82.45321,31.66806],[-82.45089,31.66139],[-82.44242,31.65885],[-82.43651,31.66102],[-82.40751,31.63921],[-82.38916,31.63782],[-82.38582,31.63458],[-82.38028,31.6338],[-82.37491,31.63046],[-82.36884,31.63104],[-82.35699,31.62368],[-82.34957,31.62135],[-82.33489,31.60692],[-82.30925,31.58882],[-82.27231,31.57336],[-82.26029,31.56201],[-82.24749,31.55954],[-82.2407,31.55563],[-82.232,31.54475],[-82.22659,31.53071],[-82.23926,31.53058],[-82.23883,31.51765],[-82.25595,31.51742],[-82.25583,31.50543],[-82.26959,31.50571],[-82.26966,31.49265],[-82.30043,31.49318],[-82.30062,31.46782],[-82.31503,31.46794],[-82.31511,31.45714],[-82.33002,31.4571],[-82.3305,31.44206],[-82.34499,31.44176],[-82.34485,31.43014],[-82.40152,31.4303],[-82.4018,31.41728],[-82.48146,31.41754],[-82.48144,31.44308],[-82.49365,31.4429],[-82.49472,31.4687],[-82.59751,31.4693],[-82.59629,31.55791],[-82.62828,31.55834],[-82.62735,31.67268],[-82.53516,31.67259]]]},"properties":{"NAME10":"Bacon","NAMELSAD10":"Bacon County","GEOID10":"13005"}},{"type":"Feature","geometry":{"type":"Polygon","coordinates":[[[-83.6135,31.80412],[-83.61226,31.8541],[-83.54164,31.85311],[-83.54753,31.84797],[-83.48018,31.84732],[-83.47982,31.84466],[-83.48438,31.83483],[-83.47696,31.83026],[-83.47857,31.82359],[-83.47765,31.82016],[-83.47396,31.81712],[-83.47381,31.80913],[-83.46661,31.80273],[-83.46513,31.79714],[-83.45919,31.7943],[-83.45742,31.78795],[-83.46021,31.78309],[-83.45935,31.77996],[-83.45514,31.77829],[-83.45501,31.76829],[-83.45227,31.75985],[-83.45423,31.75676],[-83.45218,31.75217],[-83.46276,31.74243],[-83.46679,31.74106],[-83.46378,31.73581],[-83.46315,31.72908],[-83.45614,31.7228],[-83.45582,31.71677],[-83.45292,31.7086],[-83.45968,31.70355],[-83.46127,31.69897],[-83.46064,31.6954],[-83.49068,31.6961],[-83.49165,31.61942],[-83.49989,31.61946],[-83.50006,31.59401],[-83.57477,31.59679],[-83.58885,31.59518],[-83.60469,31.59792],[-83.61876,31.59634],[-83.64898,31.59647],[-83.64939,31.56798],[-83.65468,31.57099],[-83.6632,31.56552],[-83.66987,31.57003],[-83.67291,31.57658],[-83.67266,31.58172],[-83.66769,31.58588],[-83.66998,31.59514],[-83.67373,31.59544],[-83.67754,31.60087],[-83.68198,31.60049],[-83.68404,31.59679],[-83.68994,31.59803],[-83.6957,31.60418],[-83.69783,31.60462],[-83.69887,31.60284],[-83.70251,31.608],[-83.70668,31.61921],[-83.71613,31.61984],[-83.71878,31.62203],[-83.79685,31.62293],[-83.79731,31.76075],[-83.79948,31.76082],[-83.79868,31.80102],[-83.80223,31.8035],[-83.6135,31.80412]]]},"properties":{"NAME10":"Turner","NAMELSAD10":"Turner County","GEOID10":"13287"}},{"type":"Feature","geometry":{"type":"Polygon","coordinates":[[[-83.17242,30.6264],[-83.30925,30.63441],[-83.30919,30.63568],[-83.31701,30.63746],[-83.32085,30.64192],[-83.32644,30.64347],[-83.32944,30.64023],[-83.33708,30.64069],[-83.34086,30.63634],[-83.35771,30.63737],[-83.36597,30.64213],[-83.36522,30.64357],[-83.36061,30.64406],[-83.36125,30.65187],[-83.36462,30.65528],[-83.36314,30.65892],[-83.3709,30.65667],[-83.37488,30.65896],[-83.37617,30.66206],[-83.38105,30.66298],[-83.38809,30.66756],[-83.39403,30.66772],[-83.39432,30.66942],[-83.39153,30.67191],[-83.39628,30.67732],[-83.40449,30.67476],[-83.41525,30.67471],[-83.41875,30.6784],[-83.41639,30.67989],[-83.41832,30.68108],[-83.41679,30.68177],[-83.41726,30.68454],[-83.42042,30.68873],[-83.42222,30.68939],[-83.42349,30.68626],[-83.43096,30.68873],[-83.43968,30.68857],[-83.44289,30.69508],[-83.44774,30.69537],[-83.45127,30.69995],[-83.45448,30.70087],[-83.45238,30.70572],[-83.45535,30.7115],[-83.46556,30.71772],[-83.46869,30.71813],[-83.46798,30.73222],[-83.48037,30.74415],[-83.48477,30.75238],[-83.48448,30.75449],[-83.47698,30.75973],[-83.47215,30.75919],[-83.46804,30.76445],[-83.45828,30.76462],[-83.45441,30.77002],[-83.45932,30.77747],[-83.45709,30.78076],[-83.45935,30.78338],[-83.45701,30.78654],[-83.45229,30.78823],[-83.45317,30.79449],[-83.44749,30.79888],[-83.44672,30.8064],[-83.45107,30.81086],[-83.44999,30.8176],[-83.44383,30.81771],[-83.43858,30.81437],[-83.43252,30.81402],[-83.42958,30.81691],[-83.42616,30.81501],[-83.41474,30.8287],[-83.4089,30.82905],[-83.39455,30.8254],[-83.39197,30.82785],[-83.38358,30.82819],[-83.3792,30.83053],[-83.37317,30.83982],[-83.37078,30.8377],[-83.36481,30.83715],[-83.36375,30.83978],[-83.35955,30.83644],[-83.35361,30.84146],[-83.35095,30.8418],[-83.35204,30.84627],[-83.34774,30.84712],[-83.34889,30.8495],[-83.34641,30.85355],[-83.34812,30.85599],[-83.35008,30.85514],[-83.35097,30.85997],[-83.35466,30.86174],[-83.35385,30.86446],[-83.35797,30.86874],[-83.35565,30.86898],[-83.35742,30.87099],[-83.35598,30.87235],[-83.35877,30.87226],[-83.36403,30.8764],[-83.3695,30.88418],[-83.37299,30.88458],[-83.37747,30.88042],[-83.38087,30.88438],[-83.38448,30.88524],[-83.39056,30.88419],[-83.3934,30.88542],[-83.39246,30.88352],[-83.39363,30.88285],[-83.39672,30.88515],[-83.39887,30.88377],[-83.4027,30.88473],[-83.40418,30.88719],[-83.40837,30.88685],[-83.40536,30.88787],[-83.40885,30.89075],[-83.40875,30.89236],[-83.41125,30.8925],[-83.41167,30.89445],[-83.41361,30.89399],[-83.41234,30.89209],[-83.41523,30.89225],[-83.4168,30.89101],[-83.41579,30.88952],[-83.41723,30.88917],[-83.42105,30.89231],[-83.42628,30.89296],[-83.42461,30.89498],[-83.42737,30.89523],[-83.42559,30.89646],[-83.4283,30.89752],[-83.42649,30.89768],[-83.42654,30.89921],[-83.4309,30.90074],[-83.43271,30.89944],[-83.43479,30.90423],[-83.43823,30.90335],[-83.43855,30.9048],[-83.44031,30.9048],[-83.43836,30.90826],[-83.44095,30.90938],[-83.43967,30.91034],[-83.44121,30.91062],[-83.4398,30.91133],[-83.44106,30.91261],[-83.43948,30.91357],[-83.44185,30.91376],[-83.44001,30.91473],[-83.44185,30.91612],[-83.43882,30.91816],[-83.43939,30.9196],[-83.43635,30.9207],[-83.43879,30.92106],[-83.43649,30.92732],[-83.43892,30.92983],[-83.43589,30.93069],[-83.43897,30.93165],[-83.43648,30.93261],[-83.43512,30.93539],[-83.43986,30.9398],[-83.43672,30.93975],[-83.43152,30.94426],[-83.42925,30.94886],[-83.43195,30.94966],[-83.43098,30.95375],[-83.4339,30.95471],[-83.43227,30.9561],[-83.43571,30.95446],[-83.43658,30.95533],[-83.43469,30.95974],[-83.43608,30.9608],[-83.43468,30.96148],[-83.43718,30.96272],[-83.43552,30.96376],[-83.43709,30.96421],[-83.43642,30.96594],[-83.43968,30.96627],[-83.43814,30.96862],[-83.44234,30.97278],[-83.4441,30.98832],[-83.44634,30.98766],[-83.44718,30.99044],[-83.44837,30.9892],[-83.45171,30.99032],[-83.45275,30.99384],[-83.45443,30.99295],[-83.45589,30.99482],[-83.45467,30.99671],[-83.45629,30.99731],[-83.45483,30.99858],[-83.4582,31.0008],[-83.45845,31.00307],[-83.46042,31.00282],[-83.46131,31.00571],[-83.4638,31.00612],[-83.46413,31.01093],[-83.46842,31.01649],[-83.46625,31.01667],[-83.46613,31.01911],[-83.46937,31.02093],[-83.4681,31.02233],[-83.4715,31.02413],[-83.47152,31.02673],[-83.46815,31.02941],[-83.47063,31.02849],[-83.47228,31.02975],[-83.47326,31.02846],[-83.4738,31.03128],[-83.47502,31.03027],[-83.47683,31.03153],[-83.18063,31.02549],[-83.17947,30.95013],[-83.04293,30.9473],[-83.04249,30.93771],[-83.03843,30.93578],[-83.03609,30.93207],[-83.03653,30.92982],[-83.03941,30.92925],[-83.04034,30.92694],[-83.03187,30.92222],[-83.03631,30.92107],[-83.03516,30.91913],[-83.03637,30.91602],[-83.02774,30.91519],[-83.02943,30.91025],[-83.02574,30.90825],[-83.02727,30.9062],[-83.02483,30.90641],[-83.0229,30.90279],[-83.02037,30.90434],[-83.02271,30.89657],[-83.02078,30.89067],[-83.02461,30.88796],[-83.02259,30.88677],[-83.02367,30.88281],[-83.02083,30.88152],[-83.02314,30.87813],[-83.02245,30.87409],[-83.02418,30.87366],[-83.02165,30.87271],[-83.02339,30.8718],[-83.02306,30.86781],[-83.02636,30.86374],[-83.02371,30.85912],[-83.02528,30.85206],[-83.01942,30.84946],[-83.08809,30.84866],[-83.0881,30.8312],[-83.10324,30.83143],[-83.10437,30.80371],[-83.12577,30.80341],[-83.13162,30.79394],[-83.1335,30.78549],[-83.13284,30.781],[-83.13624,30.77523],[-83.1362,30.76991],[-83.13283,30.75854],[-83.13396,30.75166],[-83.13247,30.74895],[-83.13516,30.7403],[-83.13329,30.73],[-83.13483,30.72757],[-83.13417,30.72493],[-83.13022,30.7221],[-83.13578,30.72197],[-83.13511,30.66545],[-83.13662,30.62397],[-83.17242,30.6264]]]},"properties":{"NAME10":"Lowndes","NAMELSAD10":"Lowndes County","GEOID10":"13185"}},{"type":"Feature","geometry":{"type":"Polygon","coordinates":[[[-82.78436,31.18327],[-83.04774,31.18414],[-83.0484,31.18575],[-83.04565,31.18597],[-83.04691,31.18778],[-83.04582,31.19035],[-83.0478,31.19033],[-83.04813,31.19269],[-83.04524,31.19433],[-83.04753,31.19499],[-83.046,31.19548],[-83.04543,31.20033],[-83.04983,31.20218],[-83.04857,31.2039],[-83.05111,31.20368],[-83.05013,31.20532],[-83.05158,31.20545],[-83.05188,31.20785],[-83.0492,31.20763],[-83.05102,31.21258],[-83.04915,31.21188],[-83.04981,31.21365],[-83.04708,31.21378],[-83.04659,31.21527],[-83.04831,31.21626],[-83.04619,31.21689],[-83.04721,31.21796],[-83.04523,31.22061],[-83.04776,31.22273],[-83.05046,31.22267],[-83.04909,31.22385],[-83.04953,31.22632],[-83.0522,31.22547],[-83.05155,31.22721],[-83.04939,31.2272],[-83.05087,31.22964],[-83.04912,31.231],[-83.05072,31.23209],[-83.0489,31.23258],[-83.04934,31.23379],[-83.04393,31.23504],[-83.04587,31.23569],[-83.0478,31.24087],[-83.04602,31.24236],[-83.046,31.24541],[-83.0417,31.24839],[-83.04331,31.24942],[-83.04079,31.25244],[-83.04205,31.25324],[-83.03839,31.25514],[-83.04183,31.26466],[-83.03625,31.26826],[-83.03571,31.27043],[-83.03702,31.2712],[-83.0348,31.27146],[-83.03531,31.27465],[-83.03347,31.27505],[-83.03616,31.27897],[-83.03794,31.27832],[-83.03694,31.28053],[-83.03982,31.27884],[-83.04088,31.28119],[-83.04699,31.28297],[-83.04744,31.28598],[-83.04475,31.28803],[-83.04683,31.28764],[-83.04603,31.28895],[-83.04797,31.29015],[-83.04508,31.29286],[-83.04744,31.2922],[-83.04823,31.29489],[-83.05156,31.29634],[-83.05117,31.30043],[-83.05368,31.30349],[-83.05524,31.30397],[-83.0557,31.30228],[-83.05901,31.30423],[-83.0578,31.30911],[-83.0591,31.30899],[-83.05891,31.31359],[-83.05755,31.31464],[-83.05966,31.31496],[-83.06115,31.31753],[-83.0592,31.31931],[-83.06027,31.32103],[-83.0581,31.32463],[-83.06133,31.32551],[-83.05949,31.32684],[-83.05957,31.32986],[-83.06293,31.3313],[-83.06389,31.33433],[-83.06704,31.33405],[-83.06655,31.33706],[-83.06896,31.33794],[-83.06895,31.34078],[-83.07239,31.34162],[-83.07561,31.34728],[-83.07625,31.34541],[-83.08196,31.34979],[-83.08431,31.34871],[-83.08496,31.3463],[-83.08743,31.34628],[-83.08925,31.34884],[-83.08805,31.35112],[-83.09717,31.35203],[-83.09714,31.35393],[-83.09971,31.35395],[-83.10093,31.35728],[-83.10343,31.35785],[-83.10551,31.36317],[-83.11244,31.37015],[-83.11161,31.37596],[-83.11612,31.37997],[-83.11512,31.38251],[-83.11634,31.38866],[-83.12147,31.393],[-83.12487,31.39307],[-83.13725,31.3987],[-83.14069,31.40195],[-83.141,31.40674],[-83.13793,31.40943],[-83.13759,31.41253],[-83.14049,31.4204],[-82.95852,31.41728],[-82.95806,31.403],[-82.8441,31.40333],[-82.84289,31.40165],[-82.8377,31.4007],[-82.83564,31.39754],[-82.83695,31.39187],[-82.83518,31.38692],[-82.82946,31.37752],[-82.82258,31.37523],[-82.82216,31.36954],[-82.81836,31.36734],[-82.81755,31.36449],[-82.62898,31.36394],[-82.62963,31.27473],[-82.63203,31.27335],[-82.63883,31.27451],[-82.63786,31.2777],[-82.64505,31.27822],[-82.65026,31.28386],[-82.65266,31.28389],[-82.65464,31.28616],[-82.66145,31.28563],[-82.66377,31.28809],[-82.67422,31.28383],[-82.68125,31.28529],[-82.69921,31.27811],[-82.70105,31.22322],[-82.69084,31.22337],[-82.67167,31.18374],[-82.78436,31.18327]]]},"properties":{"NAME10":"Atkinson","NAMELSAD10":"Atkinson County","GEOID10":"13003"}},{"type":"Feature","geometry":{"type":"Polygon","coordinates":[[[-83.7909,34.9876],[-83.61999,34.9866],[-83.62019,34.9921],[-83.54939,34.9925],[-83.54689,34.9465],[-83.58225,34.94281],[-83.60159,34.93835],[-83.60204,34.93193],[-83.59951,34.9302],[-83.59967,34.92194],[-83.59323,34.92156],[-83.5938,34.91794],[-83.5971,34.91369],[-83.60677,34.91406],[-83.60827,34.91289],[-83.61472,34.91424],[-83.61857,34.91104],[-83.61839,34.90868],[-83.62659,34.9101],[-83.62999,34.906],[-83.62799,34.8998],[-83.62989,34.8952],[-83.63559,34.8923],[-83.6451,34.8914],[-83.6444,34.8886],[-83.6502,34.8808],[-83.6568,34.8785],[-83.6547,34.8766],[-83.6562,34.8724],[-83.65505,34.86551],[-83.65819,34.85655],[-83.66012,34.85519],[-83.66162,34.84743],[-83.6581,34.83167],[-83.65909,34.83028],[-83.65645,34.82551],[-83.65223,34.82224],[-83.65564,34.81921],[-83.65793,34.81369],[-83.6632,34.81085],[-83.66686,34.80653],[-83.67661,34.80418],[-83.6816,34.8006],[-83.6844,34.80138],[-83.68991,34.79926],[-83.69625,34.79335],[-83.70415,34.79099],[-83.70739,34.79182],[-83.71181,34.79053],[-83.72269,34.79758],[-83.74309,34.80134],[-83.78041,34.7929],[-83.7806,34.8184],[-83.7861,34.82],[-83.7909,34.8247],[-83.7948,34.8245],[-83.7963,34.8261],[-83.7953,34.8385],[-83.7917,34.8433],[-83.8004,34.8493],[-83.8012,34.8524],[-83.8092,34.8598],[-83.8085,34.8631],[-83.8121,34.873],[-83.8091,34.8867],[-83.8054,34.8911],[-83.8048,34.896],[-83.8122,34.9088],[-83.8155,34.9098],[-83.8198,34.9139],[-83.827,34.9109],[-83.8404,34.90949],[-83.84035,34.90705],[-83.83238,34.90711],[-83.83226,34.89961],[-83.85287,34.89946],[-83.85666,34.90458],[-83.86521,34.91018],[-83.86574,34.91469],[-83.91521,34.92689],[-83.91871,34.92979],[-83.91661,34.93289],[-83.91641,34.93669],[-83.91871,34.94069],[-83.91781,34.94209],[-83.92418,34.94738],[-83.92659,34.95568],[-83.93337,34.9595],[-83.93582,34.96228],[-83.93548,34.96537],[-83.94598,34.97117],[-83.94603,34.97304],[-83.94159,34.97565],[-83.93664,34.98226],[-83.93642,34.98749],[-83.7909,34.9876]]]},"properties":{"NAME10":"Towns","NAMELSAD10":"Towns County","GEOID10":"13281"}},{"type":"Feature","geometry":{"type":"Polygon","coordinates":[[[-81.67744,32.54837],[-81.68381,32.54919],[-81.68771,32.54609],[-81.68965,32.5463],[-81.69612,32.55106],[-81.69522,32.55229],[-81.69931,32.55636],[-81.70341,32.55827],[-81.70277,32.56143],[-81.70798,32.56584],[-81.71212,32.56565],[-81.71319,32.56343],[-81.71941,32.56573],[-81.72384,32.57179],[-81.72979,32.57396],[-81.73447,32.58058],[-81.73333,32.58577],[-81.74175,32.58786],[-81.74121,32.59003],[-81.74607,32.5916],[-81.74849,32.59776],[-81.75025,32.59662],[-81.75481,32.59921],[-81.75423,32.60199],[-81.7603,32.60244],[-81.76131,32.6005],[-81.76846,32.60812],[-81.77355,32.60918],[-81.77284,32.60668],[-81.77744,32.60935],[-81.78426,32.6157],[-81.78279,32.61929],[-81.7846,32.62184],[-81.7885,32.62263],[-81.79057,32.62463],[-81.78976,32.62579],[-81.7931,32.62824],[-81.79766,32.62621],[-81.80081,32.62893],[-81.80107,32.63053],[-81.79801,32.63166],[-81.80065,32.63425],[-81.80029,32.63571],[-81.80274,32.63684],[-81.8004,32.64116],[-81.80352,32.64418],[-81.80723,32.644],[-81.81016,32.64739],[-81.81338,32.64571],[-81.81601,32.64761],[-81.81933,32.64673],[-81.82891,32.65299],[-81.83431,32.65344],[-81.83795,32.65211],[-81.83654,32.65095],[-81.83922,32.64955],[-81.84573,32.6496],[-81.84751,32.65231],[-81.84829,32.65114],[-81.85297,32.6531],[-81.85438,32.65653],[-81.85824,32.65715],[-81.85779,32.65862],[-81.86134,32.65894],[-81.86594,32.66292],[-81.86719,32.666],[-81.86615,32.66848],[-81.86492,32.66796],[-81.86486,32.67038],[-81.86579,32.67116],[-81.86672,32.66984],[-81.86868,32.67318],[-81.8662,32.67472],[-81.86794,32.68116],[-81.76766,32.90936],[-81.54183,33.04566],[-81.53879,33.03919],[-81.5355,33.0385],[-81.52913,33.04082],[-81.52845,33.03565],[-81.52275,33.03084],[-81.51125,33.02779],[-81.51169,33.02451],[-81.51908,33.0232],[-81.51608,33.02084],[-81.51029,33.02124],[-81.50822,33.01752],[-81.51157,33.01237],[-81.51069,33.01032],[-81.50822,33.01053],[-81.50667,33.01509],[-81.50406,33.01626],[-81.49868,33.01134],[-81.49142,33.00808],[-81.4919,33.0067],[-81.49876,33.00507],[-81.50063,33.00246],[-81.49983,33.00066],[-81.4912,32.99783],[-81.49226,32.99352],[-81.49633,32.99022],[-81.49417,32.98571],[-81.49568,32.98273],[-81.49474,32.979],[-81.49784,32.97302],[-81.49947,32.96479],[-81.50137,32.96292],[-81.50503,32.96357],[-81.50757,32.9656],[-81.50785,32.96886],[-81.51015,32.969],[-81.51135,32.96673],[-81.51001,32.95733],[-81.50861,32.95256],[-81.49945,32.94499],[-81.50272,32.93869],[-81.50243,32.93536],[-81.49983,32.93262],[-81.4951,32.9316],[-81.4832,32.92181],[-81.48763,32.91641],[-81.48705,32.91478],[-81.48001,32.91345],[-81.48145,32.9089],[-81.47918,32.90421],[-81.48082,32.89862],[-81.47215,32.89382],[-81.47065,32.89505],[-81.47181,32.8985],[-81.47076,32.90091],[-81.4677,32.90091],[-81.46407,32.89782],[-81.46824,32.89326],[-81.46619,32.88913],[-81.47171,32.89045],[-81.4764,32.88797],[-81.47945,32.88109],[-81.47592,32.87765],[-81.47038,32.87627],[-81.46805,32.87668],[-81.46714,32.88061],[-81.46505,32.8809],[-81.46056,32.87517],[-81.45289,32.87297],[-81.45137,32.86717],[-81.45336,32.86385],[-81.45302,32.85964],[-81.45692,32.85261],[-81.45556,32.84651],[-81.46021,32.84741],[-81.46073,32.84604],[-81.45275,32.84416],[-81.4512,32.84793],[-81.4436,32.85063],[-81.44036,32.84114],[-81.43718,32.84054],[-81.43481,32.84354],[-81.43286,32.84349],[-81.42648,32.84078],[-81.42162,32.83518],[-81.42062,32.83123],[-81.42183,32.82927],[-81.43016,32.82777],[-81.42196,32.82147],[-81.42304,32.81975],[-81.42796,32.81939],[-81.4271,32.81688],[-81.42436,32.81619],[-81.42059,32.81866],[-81.41799,32.8182],[-81.42135,32.81211],[-81.42645,32.81072],[-81.42245,32.80248],[-81.4283,32.80084],[-81.42524,32.7942],[-81.41988,32.79486],[-81.4197,32.79323],[-81.42767,32.78762],[-81.42207,32.78557],[-81.4228,32.78342],[-81.42643,32.78268],[-81.42998,32.78524],[-81.43124,32.78415],[-81.43008,32.78178],[-81.42483,32.77871],[-81.41617,32.7798],[-81.41446,32.77816],[-81.41736,32.77334],[-81.42986,32.77214],[-81.43152,32.77149],[-81.43194,32.76892],[-81.41895,32.76764],[-81.41684,32.76532],[-81.4189,32.76114],[-81.41777,32.76023],[-81.41463,32.76419],[-81.4121,32.76387],[-81.41404,32.75543],[-81.40816,32.75581],[-81.41157,32.75312],[-81.41674,32.75328],[-81.4197,32.74917],[-81.41787,32.74783],[-81.40587,32.74915],[-81.40494,32.74557],[-81.40705,32.74067],[-81.41368,32.738],[-81.4121,32.73263],[-81.41855,32.73259],[-81.41676,32.72877],[-81.41777,32.72508],[-81.41058,32.72332],[-81.40999,32.72187],[-81.42034,32.72106],[-81.41512,32.71368],[-81.4212,32.71198],[-81.42244,32.70961],[-81.42593,32.71004],[-81.42408,32.7063],[-81.42752,32.7019],[-81.42142,32.7005],[-81.41781,32.69558],[-81.41358,32.69548],[-81.41241,32.6921],[-81.41055,32.69252],[-81.41088,32.69687],[-81.40902,32.69656],[-81.40569,32.68989],[-81.40701,32.68556],[-81.40121,32.67989],[-81.40429,32.6678],[-81.39716,32.66138],[-81.40035,32.65849],[-81.40326,32.65947],[-81.40537,32.66293],[-81.4072,32.66053],[-81.40528,32.65652],[-81.39944,32.65682],[-81.39382,32.6535],[-81.39304,32.65155],[-81.40359,32.6434],[-81.41256,32.64153],[-81.41183,32.63939],[-81.40274,32.63704],[-81.40727,32.63174],[-81.41026,32.6314],[-81.41289,32.63669],[-81.41476,32.63745],[-81.41843,32.63471],[-81.41866,32.6294],[-81.41309,32.62481],[-81.41191,32.61842],[-81.40752,32.61659],[-81.40647,32.61305],[-81.39377,32.60234],[-81.38921,32.59542],[-81.53856,32.50907],[-81.54801,32.48929],[-81.54957,32.49198],[-81.55469,32.49254],[-81.55706,32.49651],[-81.56002,32.49547],[-81.56263,32.49765],[-81.5617,32.50149],[-81.56672,32.50156],[-81.57078,32.50598],[-81.57413,32.5059],[-81.57401,32.50828],[-81.57848,32.51247],[-81.58776,32.51244],[-81.59476,32.50924],[-81.5955,32.50805],[-81.59343,32.50783],[-81.59362,32.50651],[-81.59945,32.50757],[-81.59989,32.50918],[-81.60527,32.51097],[-81.60384,32.51206],[-81.6063,32.5146],[-81.60869,32.51334],[-81.61252,32.51379],[-81.61261,32.51633],[-81.61642,32.5157],[-81.61827,32.5231],[-81.61746,32.52505],[-81.62889,32.52414],[-81.6301,32.52628],[-81.62876,32.52857],[-81.63266,32.53017],[-81.63333,32.52919],[-81.6394,32.53253],[-81.64173,32.53181],[-81.64125,32.52924],[-81.64812,32.52748],[-81.6506,32.53161],[-81.65449,32.53152],[-81.65345,32.53447],[-81.65627,32.53975],[-81.65943,32.53982],[-81.65976,32.53685],[-81.66164,32.53709],[-81.6658,32.53881],[-81.66443,32.54038],[-81.66619,32.54423],[-81.6688,32.5433],[-81.67543,32.54455],[-81.67744,32.54837]]]},"properties":{"NAME10":"Screven","NAMELSAD10":"Screven County","GEOID10":"13251"}},{"type":"Feature","geometry":{"type":"Polygon","coordinates":[[[-85.06454,33.17849],[-85.05745,33.18361],[-85.04526,33.18162],[-85.04083,33.18829],[-84.93902,33.2247],[-84.86214,33.22387],[-84.8622,33.20755],[-84.87196,33.20744],[-84.8692,33.19904],[-84.86991,33.19567],[-84.86232,33.19872],[-84.86463,32.9685],[-84.86453,32.96083],[-84.86154,32.96082],[-84.86186,32.86862],[-85.09947,32.87016],[-85.09942,32.86665],[-85.10868,32.86666],[-85.10883,32.87024],[-85.18474,32.87052],[-85.23652,33.12957],[-85.11741,33.16366],[-85.11754,33.1785],[-85.10786,33.17846],[-85.10798,33.1951],[-85.09757,33.1951],[-85.09758,33.18663],[-85.08772,33.18659],[-85.08804,33.17171],[-85.06454,33.17849]]]},"properties":{"NAME10":"Troup","NAMELSAD10":"Troup County","GEOID10":"13285"}},{"type":"Feature","geometry":{"type":"Polygon","coordinates":[[[-83.15413,32.45098],[-83.22654,32.58421],[-83.0408,32.67335],[-82.95757,32.7082],[-82.87487,32.71487],[-82.86277,32.71577],[-82.78579,32.68671],[-82.78997,32.67868],[-82.79454,32.66024],[-82.66856,32.61217],[-82.67446,32.52387],[-82.64774,32.51251],[-82.65715,32.50709],[-82.65419,32.50609],[-82.65283,32.50321],[-82.64768,32.4995],[-82.63973,32.49605],[-82.63555,32.49607],[-82.63313,32.49104],[-82.64089,32.48518],[-82.64858,32.46724],[-82.66318,32.46007],[-82.67281,32.46269],[-82.68563,32.46051],[-82.68858,32.45849],[-82.6899,32.4546],[-82.69456,32.45326],[-82.69462,32.45038],[-82.69035,32.44378],[-82.70218,32.43158],[-82.70058,32.42988],[-82.70159,32.42804],[-82.69975,32.42063],[-82.69721,32.41806],[-82.70007,32.41419],[-82.69762,32.40718],[-82.70106,32.40414],[-82.70244,32.39833],[-82.70737,32.39357],[-82.71242,32.39135],[-82.71614,32.39284],[-82.71518,32.38665],[-82.72051,32.37636],[-82.71703,32.37259],[-82.72308,32.37039],[-82.72256,32.3644],[-82.72515,32.36214],[-82.73079,32.36269],[-82.72798,32.35978],[-82.73187,32.35672],[-82.72761,32.35563],[-82.73384,32.34208],[-82.73714,32.33804],[-82.7393,32.33756],[-82.74232,32.33848],[-82.74229,32.34172],[-82.74421,32.34154],[-82.7455,32.33681],[-82.74167,32.33421],[-82.74504,32.33324],[-82.74875,32.32952],[-82.74347,32.32884],[-82.74276,32.32676],[-82.74188,32.33064],[-82.7393,32.3307],[-82.7398,32.32713],[-82.73689,32.32263],[-82.73291,32.32386],[-82.73273,32.32059],[-82.73091,32.32005],[-82.735,32.32108],[-82.73573,32.31958],[-82.72878,32.31526],[-82.72515,32.31566],[-82.73033,32.31196],[-82.73002,32.31065],[-82.72522,32.30871],[-82.72322,32.31091],[-82.72197,32.30929],[-82.76196,32.27558],[-82.75516,32.2697],[-82.76188,32.26418],[-82.76856,32.26978],[-82.85831,32.19439],[-82.86447,32.19974],[-82.87157,32.19448],[-82.87815,32.20026],[-82.88481,32.19608],[-82.88697,32.19798],[-82.99097,32.14728],[-83.15413,32.45098]]]},"properties":{"NAME10":"Laurens","NAMELSAD10":"Laurens County","GEOID10":"13175"}},{"type":"Feature","geometry":{"type":"Polygon","coordinates":[[[-84.42117,34.85483],[-84.62059,34.85544],[-84.62276,34.85714],[-84.62149,34.98834],[-84.12944,34.98755],[-84.13369,34.9832],[-84.14166,34.97957],[-84.14344,34.97661],[-84.14859,34.97609],[-84.15268,34.97035],[-84.1659,34.96337],[-84.16803,34.96035],[-84.1724,34.95934],[-84.17524,34.95447],[-84.17884,34.95209],[-84.17876,34.94683],[-84.17409,34.94353],[-84.17027,34.93661],[-84.16327,34.93615],[-84.16346,34.93124],[-84.16082,34.92691],[-84.15231,34.92556],[-84.14913,34.91961],[-84.14617,34.91969],[-84.13834,34.91537],[-84.13355,34.91648],[-84.12555,34.90888],[-84.12586,34.90607],[-84.11461,34.88972],[-84.10768,34.88764],[-84.11374,34.87038],[-84.11967,34.86492],[-84.12902,34.86474],[-84.13247,34.8598],[-84.14247,34.85405],[-84.14211,34.85006],[-84.14751,34.84465],[-84.14655,34.8405],[-84.14761,34.83788],[-84.14564,34.83602],[-84.14465,34.82794],[-84.14602,34.82624],[-84.14121,34.81946],[-84.1399,34.81034],[-84.14173,34.80734],[-84.12399,34.79605],[-84.11397,34.79882],[-84.10462,34.7989],[-84.10002,34.80173],[-84.0932,34.80142],[-84.09317,34.72779],[-84.10363,34.72784],[-84.18856,34.6027],[-84.18988,34.60473],[-84.18934,34.60887],[-84.19676,34.61793],[-84.19591,34.62294],[-84.19349,34.6252],[-84.19702,34.63612],[-84.19389,34.63884],[-84.19743,34.64273],[-84.20408,34.64242],[-84.21143,34.64639],[-84.212,34.64849],[-84.21648,34.64888],[-84.22132,34.65277],[-84.22648,34.65388],[-84.2271,34.65646],[-84.22965,34.65753],[-84.23326,34.6663],[-84.23595,34.66583],[-84.24263,34.67091],[-84.2523,34.66462],[-84.25217,34.71817],[-84.26091,34.71812],[-84.26092,34.72546],[-84.25732,34.72543],[-84.31466,34.80733],[-84.32084,34.80529],[-84.32595,34.80729],[-84.32807,34.80641],[-84.33414,34.81107],[-84.33101,34.81757],[-84.34325,34.82459],[-84.35185,34.82669],[-84.35685,34.82545],[-84.41718,34.84967],[-84.42117,34.85483]]]},"properties":{"NAME10":"Fannin","NAMELSAD10":"Fannin County","GEOID10":"13111"}},{"type":"Feature","geometry":{"type":"Polygon","coordinates":[[[-84.00386,31.0441],[-84.00388,31.04159],[-83.99922,31.04144],[-83.79573,31.03874],[-83.79607,31.02601],[-83.78115,31.02585],[-83.78083,31.03851],[-83.73616,31.03768],[-83.74082,30.81815],[-83.73902,30.74201],[-83.74226,30.74205],[-83.74373,30.6584],[-84.08376,30.67581],[-84.08114,30.83636],[-84.07947,30.84406],[-84.08256,30.85414],[-84.07291,30.86516],[-84.07608,30.87188],[-84.07903,30.87285],[-84.08057,30.87561],[-84.07955,30.88115],[-84.07706,30.88222],[-84.07764,30.8838],[-84.07567,30.88645],[-84.07726,30.89043],[-84.07624,30.89187],[-84.07836,30.89444],[-84.07649,30.8985],[-84.07583,30.91192],[-84.07698,30.91564],[-84.08302,30.91921],[-84.09034,30.92953],[-84.09855,30.93629],[-84.0987,30.93915],[-84.10827,30.95108],[-84.11271,30.96365],[-84.11861,30.9697],[-84.11881,30.9715],[-84.11637,30.97364],[-84.11906,30.98096],[-84.11925,30.9895],[-84.11665,31.07798],[-84.00363,31.0773],[-84.00386,31.0441]]]},"properties":{"NAME10":"Thomas","NAMELSAD10":"Thomas County","GEOID10":"13275"}},{"type":"Feature","geometry":{"type":"Polygon","coordinates":[[[-84.44833,33.64688],[-84.44823,33.64122],[-84.45303,33.64122],[-84.45303,33.64888],[-84.45773,33.64888],[-84.45867,33.55094],[-84.51323,33.53923],[-84.59474,33.51871],[-84.59968,33.51253],[-84.60567,33.51108],[-84.60791,33.50717],[-84.60727,33.50457],[-84.60954,33.50252],[-84.62084,33.50252],[-84.62104,33.51072],[-84.62774,33.51104],[-84.67011,33.51176],[-84.67224,33.50996],[-84.67232,33.5111],[-84.68003,33.51148],[-84.85072,33.51146],[-84.84429,33.5147],[-84.82762,33.51334],[-84.81506,33.5212],[-84.81517,33.52466],[-84.82212,33.53216],[-84.8265,33.54084],[-84.83165,33.54406],[-84.8326,33.54707],[-84.82769,33.55348],[-84.82445,33.56338],[-84.80927,33.57285],[-84.80644,33.58505],[-84.79654,33.5956],[-84.7885,33.59931],[-84.7756,33.60967],[-84.7631,33.61422],[-84.75294,33.62792],[-84.75274,33.63022],[-84.74884,33.63182],[-84.74178,33.62377],[-84.73772,33.62362],[-84.73384,33.62722],[-84.73004,33.63652],[-84.71674,33.64182],[-84.71054,33.64642],[-84.68584,33.65112],[-84.67354,33.65662],[-84.66144,33.65702],[-84.65644,33.65942],[-84.65194,33.66792],[-84.65374,33.67522],[-84.65274,33.68362],[-84.64904,33.68592],[-84.64084,33.68382],[-84.63054,33.69031],[-84.63214,33.70032],[-84.62124,33.70451],[-84.61574,33.70961],[-84.60804,33.71291],[-84.60254,33.71971],[-84.60174,33.72441],[-84.59834,33.72661],[-84.59274,33.72941],[-84.58683,33.72912],[-84.57814,33.74351],[-84.57344,33.74551],[-84.55264,33.76241],[-84.53994,33.76951],[-84.53124,33.78181],[-84.51074,33.79281],[-84.50264,33.79941],[-84.49534,33.80841],[-84.48333,33.81471],[-84.47133,33.82591],[-84.46843,33.82741],[-84.46313,33.82711],[-84.45763,33.82451],[-84.45583,33.82581],[-84.45514,33.82881],[-84.46033,33.83895],[-84.45854,33.84861],[-84.45983,33.85321],[-84.45423,33.85891],[-84.45585,33.86334],[-84.45487,33.86667],[-84.44323,33.87871],[-84.44263,33.88381],[-84.4442,33.88742],[-84.44142,33.89016],[-84.44373,33.89492],[-84.44175,33.90022],[-84.44738,33.90807],[-84.44694,33.91127],[-84.43944,33.91714],[-84.43673,33.92263],[-84.41775,33.93206],[-84.39841,33.9509],[-84.39004,33.95649],[-84.38306,33.96372],[-84.38429,33.97108],[-84.37872,33.97266],[-84.37573,33.97798],[-84.37473,33.98627],[-84.37603,33.98877],[-84.38981,33.99509],[-84.38758,33.99695],[-84.39279,33.99985],[-84.39706,34.00605],[-84.39682,34.00812],[-84.40069,34.0081],[-84.3994,34.01026],[-84.40124,34.0144],[-84.39814,34.01658],[-84.39963,34.01904],[-84.39825,34.02212],[-84.40136,34.02433],[-84.40134,34.03002],[-84.40406,34.03246],[-84.40239,34.03526],[-84.40528,34.0373],[-84.40716,34.03632],[-84.41165,34.0431],[-84.41084,34.04928],[-84.41726,34.05187],[-84.41914,34.05517],[-84.41843,34.10905],[-84.4145,34.11037],[-84.41097,34.1079],[-84.40404,34.11011],[-84.39985,34.10958],[-84.39501,34.11522],[-84.39299,34.1149],[-84.3919,34.11752],[-84.38857,34.11799],[-84.38786,34.11965],[-84.3793,34.11877],[-84.36193,34.12405],[-84.35973,34.13164],[-84.36144,34.13653],[-84.35885,34.14091],[-84.36027,34.15198],[-84.35683,34.15469],[-84.36054,34.16233],[-84.35225,34.17679],[-84.34274,34.17617],[-84.33802,34.17811],[-84.32827,34.18615],[-84.25875,34.18592],[-84.25894,34.10955],[-84.25535,34.10803],[-84.2541,34.1043],[-84.23541,34.10135],[-84.23026,34.09661],[-84.22117,34.1004],[-84.21376,34.09915],[-84.206,34.0907],[-84.19124,34.08676],[-84.18562,34.08259],[-84.17921,34.0697],[-84.16295,34.06635],[-84.15934,34.06258],[-84.14362,34.05499],[-84.13375,34.05718],[-84.11771,34.0512],[-84.0977,34.05066],[-84.10038,34.04771],[-84.11233,34.04197],[-84.11632,34.03659],[-84.12347,34.0335],[-84.14273,34.02972],[-84.15713,34.03243],[-84.16917,34.02835],[-84.17529,34.02061],[-84.18039,34.00684],[-84.18073,33.99937],[-84.18507,33.99486],[-84.19229,33.99122],[-84.20423,33.98999],[-84.20466,33.99179],[-84.20175,33.99344],[-84.20131,33.99595],[-84.21292,34.00391],[-84.22732,34.00407],[-84.23805,33.99987],[-84.24832,33.99827],[-84.24976,33.99214],[-84.25407,33.98643],[-84.26094,33.98766],[-84.26318,33.9864],[-84.26156,33.97648],[-84.26285,33.97368],[-84.25809,33.96819],[-84.26763,33.96378],[-84.2725,33.95885],[-84.2805,33.95603],[-84.29411,33.95973],[-84.30087,33.95949],[-84.3133,33.96541],[-84.33682,33.97092],[-84.34581,33.96583],[-84.34753,33.96781],[-84.35023,33.64791],[-84.44573,33.64881],[-84.44831,33.64877],[-84.44833,33.64688]]]},"properties":{"NAME10":"Fulton","NAMELSAD10":"Fulton County","GEOID10":"13121"}},{"type":"Feature","geometry":{"type":"Polygon","coordinates":[[[-82.18364,32.45924],[-82.18115,32.47407],[-82.14834,32.52044],[-82.07985,32.56007],[-81.97101,32.51325],[-81.97334,32.51184],[-81.97258,32.5085],[-81.97424,32.50485],[-81.97983,32.50135],[-81.97883,32.49848],[-81.97687,32.4977],[-81.97404,32.4867],[-81.97643,32.47887],[-81.97412,32.46998],[-81.97183,32.46783],[-81.96825,32.46772],[-81.96397,32.46355],[-81.96213,32.45251],[-81.95729,32.4515],[-81.95608,32.44823],[-81.94658,32.43964],[-81.94384,32.43941],[-81.94317,32.43716],[-81.94088,32.43674],[-81.93977,32.43492],[-81.94075,32.43199],[-81.93878,32.4294],[-81.93986,32.42633],[-81.93667,32.42283],[-81.93246,32.42018],[-81.924,32.41905],[-81.91866,32.41508],[-81.93747,32.35729],[-81.94905,32.31524],[-81.95232,32.31095],[-81.95145,32.30386],[-81.95684,32.29468],[-81.95693,32.28623],[-81.95996,32.28459],[-81.9636,32.27485],[-81.96876,32.27109],[-81.96907,32.26879],[-81.99985,32.2762],[-82.02534,32.27889],[-82.2344,32.31947],[-82.23433,32.32228],[-82.23765,32.32322],[-82.23949,32.32669],[-82.23833,32.32861],[-82.23607,32.32868],[-82.24,32.33261],[-82.23761,32.33544],[-82.24018,32.34104],[-82.23822,32.34462],[-82.24387,32.34837],[-82.24492,32.34664],[-82.24602,32.34861],[-82.24941,32.34911],[-82.2503,32.34793],[-82.25458,32.3515],[-82.20025,32.41648],[-82.18795,32.43358],[-82.18364,32.45924]]]},"properties":{"NAME10":"Candler","NAMELSAD10":"Candler County","GEOID10":"13043"}},{"type":"Feature","geometry":{"type":"Polygon","coordinates":[[[-84.66471,31.4344],[-84.78904,31.43636],[-84.79229,31.44581],[-84.79137,31.45122],[-84.78939,31.45252],[-84.79392,31.45907],[-84.80185,31.4616],[-84.80303,31.46635],[-84.80584,31.46871],[-84.80756,31.47312],[-84.7971,31.47359],[-84.79661,31.50129],[-84.80713,31.50135],[-84.80689,31.49173],[-84.81977,31.49157],[-84.81992,31.51439],[-84.80796,31.51439],[-84.80785,31.51893],[-84.80993,31.51896],[-84.81,31.53083],[-84.81956,31.53092],[-84.81894,31.54791],[-84.81031,31.5477],[-84.81018,31.55649],[-84.79914,31.56526],[-84.81841,31.56574],[-84.81816,31.59318],[-84.82807,31.59249],[-84.82795,31.60189],[-84.81801,31.60197],[-84.81785,31.61978],[-84.65652,31.61999],[-84.65631,31.6379],[-84.64958,31.63795],[-84.6493,31.64368],[-84.63624,31.64355],[-84.63621,31.63803],[-84.62223,31.63783],[-84.62253,31.62847],[-84.60694,31.62826],[-84.60678,31.6378],[-84.59715,31.63762],[-84.59741,31.62136],[-84.58651,31.62116],[-84.5866,31.63739],[-84.58433,31.63742],[-84.57798,31.63726],[-84.57803,31.6211],[-84.56884,31.62111],[-84.56883,31.62863],[-84.55714,31.62845],[-84.55696,31.62117],[-84.4504,31.62187],[-84.45064,31.61479],[-84.44709,31.60446],[-84.45018,31.60081],[-84.44924,31.59744],[-84.45288,31.59392],[-84.45766,31.58426],[-84.45454,31.58107],[-84.45176,31.57274],[-84.45567,31.55555],[-84.45493,31.54834],[-84.44706,31.54377],[-84.44821,31.54051],[-84.43967,31.5223],[-84.43812,31.5098],[-84.43271,31.50745],[-84.42922,31.49973],[-84.42546,31.49715],[-84.41829,31.46963],[-84.41253,31.45694],[-84.41969,31.44965],[-84.42607,31.44789],[-84.42988,31.43667],[-84.44814,31.43662],[-84.44812,31.44152],[-84.43604,31.44156],[-84.43605,31.44628],[-84.44812,31.44626],[-84.44788,31.45475],[-84.45907,31.45477],[-84.45904,31.44823],[-84.46871,31.44818],[-84.46864,31.43881],[-84.48199,31.43887],[-84.48201,31.43544],[-84.49084,31.43544],[-84.49082,31.42789],[-84.502,31.42798],[-84.50282,31.43037],[-84.51376,31.43099],[-84.51351,31.43961],[-84.5243,31.44004],[-84.52438,31.43149],[-84.53534,31.43169],[-84.53499,31.44038],[-84.54599,31.44081],[-84.54665,31.4319],[-84.66471,31.4344]]]},"properties":{"NAME10":"Calhoun","NAMELSAD10":"Calhoun County","GEOID10":"13037"}},{"type":"Feature","geometry":{"type":"Polygon","coordinates":[[[-84.42988,31.43667],[-84.2116,31.43586],[-84.21113,31.44043],[-84.14255,31.44028],[-84.14113,31.44018],[-84.14214,31.43863],[-84.14086,31.43378],[-84.14885,31.42387],[-84.15334,31.41364],[-84.15848,31.41703],[-84.17791,31.41006],[-84.17932,31.40621],[-84.17588,31.39801],[-84.17928,31.39128],[-84.18243,31.3916],[-84.1813,31.39759],[-84.18256,31.39919],[-84.19552,31.39163],[-84.1958,31.38904],[-84.1993,31.38498],[-84.20063,31.3747],[-84.19783,31.36528],[-84.19775,31.35809],[-84.20066,31.35553],[-84.20495,31.35842],[-84.20996,31.35943],[-84.21209,31.35575],[-84.21616,31.35735],[-84.22512,31.35604],[-84.22855,31.3475],[-84.23162,31.34525],[-84.23357,31.34098],[-84.23992,31.33842],[-84.24194,31.33882],[-84.24399,31.34263],[-84.24638,31.33884],[-84.25431,31.33555],[-84.257,31.33937],[-84.26789,31.34154],[-84.27175,31.33722],[-84.26995,31.333],[-84.27561,31.32979],[-84.28007,31.33049],[-84.28369,31.32737],[-84.2865,31.32978],[-84.29036,31.3251],[-84.29686,31.32608],[-84.30285,31.3238],[-84.31106,31.32397],[-84.31333,31.32194],[-84.31334,31.31437],[-84.31622,31.31173],[-84.32072,31.31144],[-84.32423,31.31388],[-84.33187,31.31166],[-84.34056,31.30535],[-84.34085,31.30376],[-84.33728,31.30028],[-84.33546,31.29177],[-84.33675,31.28817],[-84.34097,31.28514],[-84.3409,31.27784],[-84.34789,31.27009],[-84.35438,31.26612],[-84.35945,31.25975],[-84.35898,31.25421],[-84.36334,31.24943],[-84.36583,31.24039],[-84.37197,31.23837],[-84.3753,31.2395],[-84.38228,31.23407],[-84.39396,31.2297],[-84.39411,31.22591],[-84.40057,31.22353],[-84.40598,31.21889],[-84.40565,31.21314],[-84.40912,31.2097],[-84.40394,31.20326],[-84.40435,31.19915],[-84.40795,31.19381],[-84.41199,31.19191],[-84.41279,31.18849],[-84.41808,31.18578],[-84.4199,31.18677],[-84.41678,31.19411],[-84.42013,31.19769],[-84.42037,31.19499],[-84.42599,31.19048],[-84.43082,31.19058],[-84.42942,31.19008],[-84.43287,31.18953],[-84.43956,31.18283],[-84.4487,31.18017],[-84.45347,31.17184],[-84.45812,31.16711],[-84.46086,31.16615],[-84.46738,31.16894],[-84.47028,31.16861],[-84.47115,31.16688],[-84.4685,31.16406],[-84.47411,31.15984],[-84.48264,31.1567],[-84.48279,31.15353],[-84.47869,31.14819],[-84.48068,31.13932],[-84.48326,31.13762],[-84.48595,31.13962],[-84.48859,31.13848],[-84.50679,31.12359],[-84.50153,31.12057],[-84.5001,31.11798],[-84.50125,31.11275],[-84.50632,31.109],[-84.50685,31.10205],[-84.50442,31.09795],[-84.50338,31.08933],[-84.50808,31.07841],[-84.54266,31.07903],[-84.53711,31.25594],[-84.64168,31.25897],[-84.64166,31.31251],[-84.63995,31.31258],[-84.63809,31.33208],[-84.62758,31.33212],[-84.62768,31.34158],[-84.63826,31.34169],[-84.638,31.36661],[-84.63969,31.37846],[-84.63758,31.43393],[-84.54615,31.43193],[-84.54599,31.44081],[-84.53499,31.44038],[-84.53534,31.43169],[-84.52438,31.43149],[-84.5243,31.44004],[-84.51351,31.43961],[-84.51376,31.43099],[-84.50282,31.43037],[-84.502,31.42798],[-84.49082,31.42789],[-84.49084,31.43544],[-84.48201,31.43544],[-84.48199,31.43887],[-84.46864,31.43881],[-84.46871,31.44818],[-84.45904,31.44823],[-84.45907,31.45477],[-84.44788,31.45475],[-84.44812,31.44626],[-84.43605,31.44628],[-84.43604,31.44156],[-84.44812,31.44152],[-84.44814,31.43662],[-84.42988,31.43667]]]},"properties":{"NAME10":"Baker","NAMELSAD10":"Baker County","GEOID10":"13007"}},{"type":"Feature","geometry":{"type":"Polygon","coordinates":[[[-82.54426,33.7407],[-82.57366,33.78612],[-82.59353,33.82733],[-82.59554,33.82854],[-82.59375,33.83363],[-82.58647,33.8375],[-82.58574,33.83974],[-82.58362,33.83903],[-82.58284,33.84325],[-82.58481,33.84626],[-82.57826,33.84904],[-82.57801,33.85299],[-82.57313,33.85576],[-82.57263,33.85844],[-82.57432,33.86001],[-82.57191,33.86549],[-82.57629,33.86837],[-82.57739,33.87467],[-82.57958,33.87444],[-82.60569,33.85995],[-82.64561,33.98281],[-82.64535,33.98419],[-82.64065,33.98173],[-82.64068,33.97418],[-82.63915,33.9727],[-82.63258,33.97495],[-82.63176,33.97912],[-82.6274,33.98181],[-82.61465,33.98045],[-82.6097,33.98151],[-82.60218,33.97945],[-82.60041,33.97649],[-82.58893,33.96902],[-82.57807,33.96591],[-82.57443,33.95975],[-82.56449,33.95574],[-82.55444,33.9438],[-82.54311,33.94096],[-82.53411,33.94366],[-82.52674,33.94377],[-82.51295,33.93698],[-82.50359,33.92605],[-82.49293,33.90976],[-82.48011,33.9019],[-82.45511,33.88166],[-82.44051,33.87513],[-82.42917,33.86585],[-82.42281,33.86376],[-82.40836,33.86633],[-82.40388,33.86548],[-82.39574,33.85909],[-82.37977,33.8511],[-82.37178,33.84382],[-82.34694,33.8343],[-82.33783,33.82716],[-82.32448,33.82004],[-82.31435,33.81112],[-82.3129,33.80749],[-82.30022,33.80063],[-82.29829,33.78352],[-82.28581,33.78006],[-82.27768,33.77204],[-82.26613,33.76675],[-82.26321,33.76197],[-82.25527,33.7597],[-82.24748,33.7526],[-82.24567,33.74345],[-82.2391,33.73088],[-82.23576,33.7144],[-82.2372,33.70789],[-82.23458,33.70022],[-82.21865,33.68631],[-82.22827,33.68597],[-82.23623,33.69127],[-82.24295,33.69328],[-82.2459,33.68945],[-82.26095,33.68651],[-82.26618,33.68724],[-82.26836,33.68301],[-82.27124,33.68239],[-82.28661,33.69221],[-82.29754,33.69349],[-82.30226,33.69916],[-82.30642,33.70065],[-82.31185,33.69809],[-82.32905,33.69768],[-82.33214,33.69279],[-82.33815,33.69328],[-82.34028,33.69143],[-82.34044,33.68893],[-82.34347,33.68807],[-82.3526,33.69558],[-82.35494,33.69412],[-82.35268,33.69041],[-82.3515,33.68286],[-82.35392,33.68153],[-82.35828,33.68461],[-82.36133,33.68436],[-82.35944,33.6774],[-82.3607,33.67548],[-82.36459,33.6754],[-82.36854,33.68269],[-82.37202,33.68275],[-82.37335,33.67486],[-82.37841,33.67679],[-82.38116,33.67225],[-82.38787,33.67135],[-82.39414,33.67252],[-82.39212,33.66612],[-82.39424,33.66427],[-82.39875,33.66721],[-82.40034,33.67117],[-82.40281,33.67184],[-82.40675,33.66505],[-82.41252,33.66636],[-82.41154,33.66073],[-82.41429,33.65397],[-82.42102,33.65742],[-82.42311,33.65609],[-82.42533,33.65064],[-82.42827,33.6507],[-82.43092,33.65508],[-82.43386,33.65523],[-82.43642,33.65174],[-82.44013,33.65297],[-82.4432,33.65002],[-82.45072,33.65064],[-82.4517,33.6496],[-82.4506,33.64603],[-82.45683,33.64295],[-82.45926,33.63699],[-82.46382,33.64005],[-82.4686,33.63802],[-82.47697,33.64429],[-82.47756,33.64101],[-82.47952,33.63954],[-82.54426,33.7407]]]},"properties":{"NAME10":"Lincoln","NAMELSAD10":"Lincoln County","GEOID10":"13181"}},{"type":"Feature","geometry":{"type":"Polygon","coordinates":[[[-83.80223,31.8035],[-83.81155,31.80583],[-83.81744,31.81254],[-83.82785,31.8101],[-83.82968,31.81323],[-83.8355,31.81588],[-83.83526,31.82101],[-83.84391,31.8271],[-83.84548,31.83156],[-83.84556,31.81974],[-83.85532,31.81987],[-83.85549,31.83719],[-83.85659,31.83583],[-83.85804,31.83702],[-83.86878,31.83659],[-83.87209,31.83827],[-83.8798,31.837],[-83.89245,31.84128],[-83.90306,31.84204],[-83.91311,31.847],[-83.92427,31.8484],[-83.92964,31.84525],[-83.93808,31.84557],[-83.93944,31.84794],[-83.93718,31.85745],[-83.92653,31.8633],[-83.9287,31.87186],[-83.93406,31.8814],[-83.93209,31.88464],[-83.92852,31.88617],[-83.93244,31.89712],[-83.9225,31.90966],[-83.91918,31.9237],[-83.92642,31.93705],[-83.92511,31.94842],[-83.93366,31.95911],[-83.93207,31.96404],[-83.94134,31.97745],[-83.942,31.98105],[-83.94449,31.98291],[-83.94831,31.99147],[-83.9477,31.99263],[-83.94473,31.99171],[-83.9447,31.99625],[-83.95042,31.9972],[-83.95199,32.01205],[-83.95031,32.01538],[-83.95523,32.02003],[-83.95825,32.02032],[-83.95784,32.02273],[-83.96128,32.0306],[-83.60967,32.02794],[-83.61265,31.80413],[-83.80223,31.8035]]]},"properties":{"NAME10":"Crisp","NAMELSAD10":"Crisp County","GEOID10":"13081"}},{"type":"Feature","geometry":{"type":"Polygon","coordinates":[[[-83.83696,32.39394],[-83.83668,32.43931],[-83.84621,32.43939],[-83.84668,32.46852],[-83.8417,32.46038],[-83.83783,32.46113],[-83.82779,32.45756],[-83.82764,32.43915],[-83.81712,32.43988],[-83.81715,32.44672],[-83.79772,32.447],[-83.7977,32.49657],[-83.78776,32.49654],[-83.78731,32.51285],[-83.77791,32.51295],[-83.77801,32.50555],[-83.74901,32.50525],[-83.7487,32.53416],[-83.73897,32.52857],[-83.73616,32.52875],[-83.73185,32.52252],[-83.72314,32.52113],[-83.7219,32.52326],[-83.71986,32.53177],[-83.71923,32.59745],[-83.71447,32.60335],[-83.71265,32.61058],[-83.71871,32.61065],[-83.71863,32.63499],[-83.72818,32.63514],[-83.72807,32.65077],[-83.70916,32.65131],[-83.70892,32.67497],[-83.70282,32.68057],[-83.70116,32.69218],[-83.69778,32.68915],[-83.68873,32.68697],[-83.68836,32.68465],[-83.68519,32.68531],[-83.6799,32.68278],[-83.67849,32.67985],[-83.67395,32.67696],[-83.67026,32.67751],[-83.66325,32.67377],[-83.66144,32.67518],[-83.66021,32.67379],[-83.64539,32.67424],[-83.63876,32.66909],[-83.63334,32.66826],[-83.62653,32.66957],[-83.61772,32.66345],[-83.61181,32.66538],[-83.60779,32.66446],[-83.60555,32.66068],[-83.60232,32.663],[-83.59614,32.66428],[-83.5942,32.6664],[-83.59373,32.66508],[-83.59102,32.66547],[-83.59091,32.66393],[-83.58576,32.66266],[-83.58483,32.65701],[-83.58072,32.65873],[-83.58185,32.65509],[-83.57511,32.65871],[-83.57148,32.65896],[-83.57062,32.65727],[-83.57039,32.65979],[-83.56682,32.65881],[-83.5662,32.66079],[-83.56106,32.65828],[-83.56178,32.65401],[-83.55915,32.65211],[-83.55578,32.65252],[-83.5569,32.6509],[-83.55453,32.64879],[-83.55511,32.64761],[-83.55835,32.64949],[-83.55754,32.64478],[-83.55122,32.64075],[-83.54934,32.64207],[-83.54875,32.63925],[-83.55097,32.63479],[-83.54753,32.63089],[-83.54514,32.63218],[-83.5463,32.62959],[-83.54425,32.62905],[-83.54514,32.62714],[-83.54295,32.6258],[-83.54395,32.62234],[-83.5415,32.62026],[-83.54898,32.61637],[-83.54688,32.61506],[-83.54591,32.61022],[-83.54373,32.61103],[-83.54192,32.60854],[-83.54374,32.60709],[-83.54042,32.60747],[-83.54074,32.60577],[-83.53799,32.60286],[-83.5403,32.60265],[-83.54173,32.59926],[-83.53999,32.59062],[-83.53724,32.58839],[-83.53879,32.58635],[-83.54023,32.58758],[-83.54001,32.58476],[-83.53817,32.58395],[-83.53684,32.58653],[-83.53413,32.58567],[-83.53634,32.583],[-83.53672,32.57464],[-83.54127,32.57738],[-83.54316,32.57455],[-83.54765,32.57333],[-83.54818,32.57179],[-83.54839,32.56354],[-83.5453,32.56298],[-83.54776,32.55936],[-83.5449,32.55821],[-83.5461,32.55657],[-83.54514,32.55569],[-83.54383,32.55726],[-83.54093,32.55493],[-83.53893,32.55574],[-83.53987,32.55349],[-83.53829,32.55129],[-83.54176,32.55021],[-83.54034,32.54808],[-83.53735,32.54777],[-83.53608,32.544],[-83.53743,32.54122],[-83.539,32.54204],[-83.53987,32.54087],[-83.53749,32.53435],[-83.53565,32.53336],[-83.53539,32.52997],[-83.53985,32.52429],[-83.53701,32.52479],[-83.53713,32.5226],[-83.533,32.52352],[-83.53258,32.52221],[-83.53482,32.52127],[-83.53401,32.51662],[-83.53028,32.51813],[-83.5275,32.51182],[-83.5241,32.51259],[-83.52305,32.51081],[-83.52063,32.51074],[-83.52012,32.50768],[-83.52438,32.50572],[-83.52089,32.50214],[-83.51814,32.50415],[-83.51823,32.49899],[-83.51331,32.49908],[-83.51468,32.49708],[-83.50015,32.48992],[-83.49361,32.49004],[-83.49183,32.48635],[-83.48842,32.48514],[-83.49309,32.48189],[-83.49481,32.48415],[-83.49867,32.48165],[-83.49773,32.47986],[-83.4926,32.47997],[-83.49354,32.47688],[-83.49082,32.47818],[-83.48916,32.47643],[-83.49434,32.47525],[-83.49747,32.47221],[-83.49674,32.47112],[-83.4937,32.47189],[-83.49474,32.46939],[-83.49198,32.46763],[-83.49492,32.4663],[-83.4948,32.46259],[-83.49091,32.46107],[-83.48969,32.45803],[-83.49791,32.45386],[-83.49809,32.44831],[-83.4889,32.44255],[-83.48762,32.43763],[-83.49137,32.43256],[-83.4877,32.4295],[-83.48797,32.42646],[-83.48246,32.42515],[-83.48554,32.42191],[-83.48292,32.41817],[-83.48274,32.40918],[-83.48516,32.40442],[-83.49299,32.40409],[-83.49838,32.40149],[-83.50095,32.39853],[-83.50247,32.38936],[-83.50474,32.3905],[-83.50667,32.38891],[-83.50802,32.39161],[-83.51325,32.39271],[-83.52068,32.40115],[-83.52375,32.40219],[-83.57941,32.3363],[-83.58793,32.3233],[-83.61558,32.28856],[-83.70037,32.29],[-83.70033,32.28259],[-83.71876,32.28308],[-83.71844,32.29017],[-83.84838,32.29098],[-83.84683,32.35775],[-83.85659,32.35778],[-83.85654,32.38241],[-83.83704,32.3822],[-83.83696,32.39394]]]},"properties":{"NAME10":"Houston","NAMELSAD10":"Houston County","GEOID10":"13153"}},{"type":"Feature","geometry":{"type":"Polygon","coordinates":[[[-84.61931,34.54937],[-84.52139,34.55047],[-84.52052,34.55668],[-84.5117,34.55675],[-84.51152,34.56365],[-84.50261,34.56369],[-84.50282,34.55048],[-84.47673,34.55013],[-84.47654,34.55666],[-84.48567,34.55671],[-84.4858,34.56327],[-84.46799,34.56349],[-84.46787,34.54997],[-84.43243,34.54945],[-84.42901,34.55368],[-84.42872,34.5575],[-84.4244,34.55742],[-84.42456,34.54934],[-84.37136,34.5485],[-84.3715,34.56292],[-84.34556,34.56274],[-84.34566,34.54842],[-84.31968,34.46786],[-84.25687,34.46733],[-84.25759,34.381],[-84.39213,34.3807],[-84.39223,34.3733],[-84.40078,34.37327],[-84.40073,34.3805],[-84.42453,34.3806],[-84.42453,34.388],[-84.44213,34.3882],[-84.44233,34.3804],[-84.58263,34.3815],[-84.58283,34.4122],[-84.65324,34.4126],[-84.65374,34.4558],[-84.64444,34.4558],[-84.64454,34.463],[-84.6533,34.4632],[-84.65437,34.54895],[-84.61931,34.54937]]]},"properties":{"NAME10":"Pickens","NAMELSAD10":"Pickens County","GEOID10":"13227"}},{"type":"Feature","geometry":{"type":"Polygon","coordinates":[[[-84.6433,32.09464],[-84.64232,32.15186],[-84.65142,32.15186],[-84.65162,32.16016],[-84.64242,32.16016],[-84.64262,32.16796],[-84.64042,32.16796],[-84.64032,32.17656],[-84.63132,32.17636],[-84.63112,32.18406],[-84.64032,32.18426],[-84.64032,32.22526],[-84.64932,32.22516],[-84.64932,32.23296],[-84.62063,32.23306],[-84.62112,32.22556],[-84.61052,32.22556],[-84.61022,32.21706],[-84.60627,32.21716],[-84.60071,32.21033],[-84.60129,32.20752],[-84.59779,32.19725],[-84.60053,32.19074],[-84.56432,32.18985],[-84.56469,32.17514],[-84.5457,32.17524],[-84.54612,32.15906],[-84.53662,32.15956],[-84.53632,32.15116],[-84.52742,32.15116],[-84.52712,32.13456],[-84.43122,32.13406],[-84.43302,32.04197],[-84.44162,32.04207],[-84.44525,31.92614],[-84.45313,31.92636],[-84.45331,31.91923],[-84.65582,31.92031],[-84.65502,31.96154],[-84.64536,31.9615],[-84.64514,31.96973],[-84.65505,31.96966],[-84.65519,31.97707],[-84.645,31.97701],[-84.64481,31.98432],[-84.65518,31.98436],[-84.65504,32.00455],[-84.65412,32.02846],[-84.64442,32.02886],[-84.6433,32.09464]]]},"properties":{"NAME10":"Webster","NAMELSAD10":"Webster County","GEOID10":"13307"}},{"type":"Feature","geometry":{"type":"Polygon","coordinates":[[[-82.13347,31.6308],[-82.13302,31.77341],[-82.08944,31.77292],[-82.08934,31.78591],[-82.10703,31.78611],[-82.10654,31.7998],[-82.08725,31.79952],[-82.0874,31.82163],[-82.0856,31.82339],[-82.08313,31.82301],[-82.0801,31.82748],[-82.07699,31.82912],[-82.07347,31.82895],[-82.07127,31.82566],[-82.06756,31.8277],[-82.06401,31.82538],[-82.05626,31.82785],[-82.04859,31.82708],[-82.04324,31.8212],[-82.03347,31.82043],[-82.02608,31.8151],[-82.02208,31.81742],[-82.02112,31.82366],[-82.0164,31.82374],[-82.01464,31.82181],[-82.01321,31.81214],[-82.00672,31.80769],[-82.00678,31.80005],[-81.99924,31.80121],[-81.99614,31.79981],[-81.99584,31.79711],[-81.99934,31.79541],[-81.99784,31.79351],[-81.97654,31.78261],[-81.97304,31.78371],[-81.97128,31.78809],[-81.96906,31.78933],[-81.95397,31.78931],[-81.95156,31.78647],[-81.95173,31.77231],[-81.94915,31.76926],[-81.94339,31.76682],[-81.94372,31.75971],[-81.94058,31.75954],[-81.93625,31.76211],[-81.93159,31.76177],[-81.92964,31.75994],[-81.92879,31.75353],[-81.92576,31.75182],[-81.92265,31.75367],[-81.9241,31.75814],[-81.92208,31.75982],[-81.9193,31.75964],[-81.91215,31.75425],[-81.909,31.74797],[-81.91242,31.744],[-81.91325,31.73974],[-81.91035,31.73636],[-81.91023,31.73127],[-81.90667,31.72582],[-81.89041,31.71696],[-81.87596,31.7127],[-81.87423,31.70953],[-81.87437,31.70419],[-81.86693,31.69077],[-81.8593,31.68642],[-81.85414,31.68016],[-81.84758,31.67727],[-81.84851,31.67434],[-81.85202,31.67254],[-81.8514,31.66821],[-81.84073,31.6682],[-81.83548,31.66346],[-81.82892,31.66396],[-81.82753,31.66155],[-81.83094,31.65732],[-81.821,31.65107],[-81.812,31.65388],[-81.81227,31.65846],[-81.81829,31.66297],[-81.81648,31.66475],[-81.81302,31.66412],[-81.80947,31.66113],[-81.80658,31.65528],[-81.79698,31.65268],[-81.79562,31.64998],[-81.7974,31.64639],[-81.79639,31.64406],[-81.78872,31.64383],[-81.78678,31.64223],[-81.78615,31.63888],[-81.79045,31.6345],[-81.78954,31.63204],[-81.78453,31.62984],[-81.77848,31.63148],[-81.77562,31.62876],[-81.77185,31.6285],[-81.77073,31.62478],[-81.76565,31.62523],[-81.76574,31.62325],[-81.77065,31.62177],[-81.7696,31.61482],[-81.76523,31.6151],[-81.76309,31.61927],[-81.75957,31.62048],[-81.75671,31.6159],[-81.75173,31.61602],[-81.75094,31.61278],[-81.74692,31.61363],[-81.74419,31.61227],[-81.74431,31.61005],[-81.74817,31.60739],[-81.74874,31.60353],[-81.74723,31.6015],[-81.7424,31.60232],[-81.74056,31.60806],[-81.73751,31.60885],[-81.73158,31.60453],[-81.73222,31.60096],[-81.72758,31.60106],[-81.72479,31.59944],[-81.72606,31.59585],[-81.72319,31.59165],[-81.71972,31.5916],[-81.71775,31.58906],[-81.71308,31.59094],[-81.7118,31.58976],[-81.71301,31.58586],[-81.70832,31.58759],[-81.70663,31.58417],[-81.70178,31.58493],[-81.70116,31.57996],[-81.69699,31.57787],[-81.69954,31.5724],[-81.69636,31.56577],[-81.70108,31.56419],[-81.69713,31.56016],[-81.69858,31.55772],[-81.69643,31.55328],[-81.69267,31.5533],[-81.68987,31.55053],[-81.68468,31.55232],[-81.68141,31.55116],[-81.68019,31.54782],[-81.68312,31.54398],[-81.6819,31.54182],[-81.67806,31.54239],[-81.67579,31.54621],[-81.67243,31.54805],[-81.66415,31.54179],[-81.66321,31.53867],[-81.66829,31.53656],[-81.66725,31.53266],[-81.66111,31.5281],[-81.65412,31.52954],[-81.65226,31.52856],[-81.65574,31.52431],[-81.65429,31.51893],[-81.65737,31.51523],[-81.6583,31.51088],[-81.65705,31.5079],[-81.65146,31.50332],[-81.64559,31.5012],[-81.64527,31.49905],[-81.64772,31.49562],[-81.64007,31.4881],[-81.6314,31.48344],[-81.62308,31.48476],[-81.61203,31.46892],[-81.61672,31.46347],[-81.6171,31.4581],[-81.62582,31.45302],[-81.66484,31.39973],[-81.69199,31.40053],[-81.70086,31.38517],[-81.70478,31.37492],[-81.69807,31.36782],[-81.69895,31.36295],[-81.70671,31.34941],[-81.72502,31.32711],[-81.75923,31.34216],[-81.76444,31.34809],[-81.80106,31.36374],[-81.8452,31.35475],[-81.92324,31.34588],[-82.0311,31.36624],[-82.04275,31.37438],[-82.0399,31.38208],[-82.04202,31.38232],[-82.04186,31.38446],[-82.04405,31.38455],[-82.04483,31.38614],[-82.04383,31.38983],[-82.04606,31.39116],[-82.0434,31.39163],[-82.04403,31.39514],[-82.04963,31.39602],[-82.0516,31.3992],[-82.0492,31.39864],[-82.05013,31.40424],[-82.05184,31.4036],[-82.05399,31.40759],[-82.05746,31.4089],[-82.05613,31.40994],[-82.05644,31.41274],[-82.05406,31.41377],[-82.05559,31.42443],[-82.05412,31.42828],[-82.05518,31.42874],[-82.05265,31.43128],[-82.05418,31.43161],[-82.05474,31.43609],[-82.05308,31.43879],[-82.05437,31.43982],[-82.05486,31.44689],[-82.05353,31.44854],[-82.05498,31.451],[-82.05337,31.45112],[-82.05436,31.45235],[-82.05276,31.45458],[-82.05677,31.45743],[-82.06339,31.46637],[-82.06855,31.46785],[-82.07177,31.47151],[-82.0865,31.47849],[-82.09801,31.48126],[-82.11837,31.47927],[-82.12493,31.47687],[-82.1328,31.47127],[-82.13287,31.55752],[-82.14793,31.55731],[-82.14795,31.56913],[-82.13295,31.56932],[-82.13347,31.6308]]]},"properties":{"NAME10":"Wayne","NAMELSAD10":"Wayne County","GEOID10":"13305"}},{"type":"Feature","geometry":{"type":"Polygon","coordinates":[[[-81.26283,32.5248],[-81.25107,32.51781],[-81.24715,32.51841],[-81.24394,32.52091],[-81.24087,32.51649],[-81.2338,32.51832],[-81.23233,32.51209],[-81.23716,32.5113],[-81.23882,32.50806],[-81.2378,32.50526],[-81.23426,32.50275],[-81.23311,32.49808],[-81.20041,32.46832],[-81.19478,32.46517],[-81.18714,32.46416],[-81.18861,32.46123],[-81.19442,32.45892],[-81.19202,32.45379],[-81.19767,32.45461],[-81.19787,32.44856],[-81.20329,32.453],[-81.20578,32.45048],[-81.20632,32.44701],[-81.20076,32.44609],[-81.1993,32.44292],[-81.20059,32.4407],[-81.20839,32.43726],[-81.20512,32.42723],[-81.20544,32.42341],[-81.17829,32.39299],[-81.17779,32.38624],[-81.18185,32.37935],[-81.17673,32.37673],[-81.16792,32.36849],[-81.169,32.36513],[-81.17397,32.36292],[-81.16676,32.36161],[-81.16757,32.35875],[-81.16098,32.35525],[-81.1608,32.34997],[-81.15497,32.35025],[-81.1553,32.34391],[-81.15999,32.34286],[-81.16,32.34048],[-81.15282,32.34133],[-81.14955,32.34509],[-81.14533,32.34517],[-81.14794,32.34892],[-81.14386,32.35155],[-81.14137,32.35015],[-81.13936,32.34509],[-81.13419,32.34132],[-81.12936,32.34147],[-81.12884,32.33661],[-81.13281,32.33475],[-81.13802,32.32825],[-81.13555,32.32433],[-81.13074,32.32576],[-81.13163,32.31865],[-81.12978,32.3133],[-81.13302,32.30855],[-81.12857,32.30688],[-81.12524,32.30908],[-81.12263,32.307],[-81.12392,32.2952],[-81.12046,32.29088],[-81.11963,32.28678],[-81.12714,32.28226],[-81.12647,32.27926],[-81.12328,32.27698],[-81.12351,32.27515],[-81.12948,32.27622],[-81.13318,32.26968],[-81.13604,32.27267],[-81.14206,32.27164],[-81.14168,32.27017],[-81.13793,32.2689],[-81.13693,32.26612],[-81.13937,32.26371],[-81.14632,32.26333],[-81.14474,32.25807],[-81.14813,32.2551],[-81.14591,32.25073],[-81.15628,32.24501],[-81.15399,32.23807],[-81.14402,32.23022],[-81.14458,32.22613],[-81.19564,32.23751],[-81.3917,32.09589],[-81.39185,32.10052],[-81.39958,32.10462],[-81.40133,32.10416],[-81.40246,32.10719],[-81.40698,32.10217],[-81.4032,32.10763],[-81.40056,32.10641],[-81.40303,32.10843],[-81.40142,32.10902],[-81.40238,32.11119],[-81.40087,32.11273],[-81.40412,32.11374],[-81.40518,32.11867],[-81.40679,32.11952],[-81.40689,32.12156],[-81.40454,32.12081],[-81.40533,32.125],[-81.40819,32.12736],[-81.4056,32.12919],[-81.40716,32.13021],[-81.40703,32.1374],[-81.40496,32.14018],[-81.40595,32.1419],[-81.40195,32.14363],[-81.40387,32.14736],[-81.40202,32.14776],[-81.40151,32.14978],[-81.4064,32.15275],[-81.40847,32.15209],[-81.40811,32.15533],[-81.41384,32.16073],[-81.41336,32.16207],[-81.41094,32.1612],[-81.41146,32.16529],[-81.41001,32.16799],[-81.41081,32.17018],[-81.41349,32.16976],[-81.41224,32.17131],[-81.41367,32.17354],[-81.41156,32.17568],[-81.41458,32.17657],[-81.41529,32.18308],[-81.40969,32.18529],[-81.41226,32.18536],[-81.4151,32.18788],[-81.41606,32.19351],[-81.41865,32.19692],[-81.41577,32.19953],[-81.41506,32.20252],[-81.41621,32.2038],[-81.41323,32.20486],[-81.4145,32.20643],[-81.41337,32.20779],[-81.41601,32.20988],[-81.41608,32.21216],[-81.42132,32.21018],[-81.42311,32.21509],[-81.42961,32.21719],[-81.42697,32.21872],[-81.43012,32.22394],[-81.42684,32.22476],[-81.42613,32.22833],[-81.42774,32.23113],[-81.43009,32.23126],[-81.42861,32.23435],[-81.43157,32.23334],[-81.43251,32.23778],[-81.43747,32.24274],[-81.43307,32.24496],[-81.43735,32.24791],[-81.4352,32.25137],[-81.43901,32.25539],[-81.43515,32.25971],[-81.4375,32.26549],[-81.44173,32.26836],[-81.4382,32.2709],[-81.43981,32.27492],[-81.44525,32.2752],[-81.44339,32.2772],[-81.44715,32.27858],[-81.44989,32.2829],[-81.44629,32.28488],[-81.4489,32.2856],[-81.44722,32.2874],[-81.44876,32.29074],[-81.4531,32.29144],[-81.45319,32.29472],[-81.44908,32.29574],[-81.4543,32.30068],[-81.45162,32.302],[-81.45465,32.30313],[-81.45275,32.30591],[-81.45667,32.30941],[-81.45936,32.30916],[-81.46067,32.31301],[-81.46559,32.31294],[-81.4631,32.31702],[-81.46497,32.3175],[-81.4653,32.32154],[-81.46766,32.32323],[-81.46438,32.32381],[-81.46558,32.32889],[-81.4672,32.32784],[-81.47055,32.32961],[-81.47367,32.32827],[-81.47731,32.33148],[-81.47916,32.32921],[-81.48177,32.32935],[-81.48879,32.33539],[-81.48886,32.33684],[-81.48609,32.33827],[-81.49058,32.34307],[-81.49102,32.35192],[-81.49481,32.34985],[-81.5077,32.35794],[-81.50865,32.3714],[-81.51201,32.36943],[-81.51406,32.37167],[-81.51435,32.37559],[-81.52079,32.37688],[-81.52026,32.38076],[-81.52176,32.37924],[-81.52322,32.38042],[-81.52377,32.38538],[-81.52235,32.38754],[-81.52348,32.38866],[-81.52231,32.38998],[-81.52344,32.39308],[-81.52728,32.39085],[-81.52866,32.39259],[-81.53058,32.39033],[-81.53491,32.39359],[-81.53448,32.39637],[-81.53327,32.39634],[-81.53546,32.40068],[-81.5333,32.40663],[-81.54064,32.41385],[-81.54257,32.41918],[-81.54097,32.42085],[-81.54045,32.41836],[-81.53819,32.41903],[-81.53849,32.4205],[-81.53531,32.42227],[-81.53718,32.42952],[-81.53606,32.43094],[-81.539,32.43561],[-81.53186,32.43813],[-81.52573,32.44982],[-81.53119,32.45842],[-81.53029,32.46311],[-81.53269,32.46419],[-81.53147,32.46654],[-81.53619,32.46664],[-81.53679,32.4651],[-81.54293,32.46652],[-81.54021,32.46978],[-81.54148,32.47302],[-81.53979,32.47639],[-81.53857,32.47675],[-81.53757,32.47448],[-81.53591,32.47533],[-81.53594,32.48108],[-81.53902,32.48388],[-81.5474,32.48654],[-81.54801,32.48929],[-81.53856,32.50907],[-81.38921,32.59542],[-81.37889,32.58892],[-81.37601,32.58926],[-81.37358,32.59199],[-81.36983,32.59118],[-81.36982,32.58505],[-81.36359,32.58298],[-81.36695,32.57703],[-81.3635,32.57691],[-81.36017,32.58178],[-81.35775,32.58213],[-81.3535,32.57878],[-81.35832,32.57446],[-81.35593,32.57161],[-81.32861,32.5611],[-81.31961,32.55957],[-81.29766,32.56294],[-81.29531,32.56081],[-81.29808,32.55535],[-81.29617,32.55335],[-81.29148,32.55572],[-81.29341,32.56189],[-81.29014,32.56229],[-81.28826,32.5564],[-81.28977,32.55173],[-81.28575,32.55186],[-81.28405,32.55637],[-81.28127,32.55648],[-81.27874,32.55267],[-81.28088,32.54791],[-81.27486,32.54467],[-81.27542,32.53953],[-81.28008,32.53682],[-81.26283,32.5248]]]},"properties":{"NAME10":"Effingham","NAMELSAD10":"Effingham County","GEOID10":"13103"}},{"type":"Feature","geometry":{"type":"Polygon","coordinates":[[[-83.10131,31.81196],[-83.10374,31.81416],[-83.10725,31.81453],[-83.10556,31.81754],[-83.10728,31.81915],[-83.11194,31.81514],[-83.11222,31.8124],[-83.10769,31.81231],[-83.11061,31.80947],[-83.11673,31.81186],[-83.12901,31.80997],[-83.13866,31.81445],[-83.14084,31.81777],[-83.13257,31.81523],[-83.13374,31.81771],[-83.13262,31.82056],[-83.13461,31.82412],[-83.13814,31.82534],[-83.15028,31.82428],[-83.15302,31.82569],[-83.15079,31.82862],[-83.15115,31.83051],[-83.16048,31.83457],[-83.16168,31.8379],[-83.16942,31.83994],[-83.17182,31.84202],[-83.17747,31.84786],[-83.17703,31.85199],[-83.17896,31.85342],[-83.17893,31.85593],[-83.18335,31.85876],[-83.17685,31.86842],[-83.18012,31.87067],[-83.17865,31.87382],[-83.1813,31.87574],[-83.18119,31.87921],[-83.18246,31.87976],[-83.18992,31.87447],[-83.19248,31.87508],[-83.19249,31.87969],[-83.19526,31.87813],[-83.19944,31.87985],[-83.19763,31.88389],[-83.20436,31.88513],[-83.20114,31.88643],[-83.20402,31.88861],[-83.20418,31.89072],[-83.19995,31.89247],[-83.20714,31.89524],[-83.20574,31.90033],[-82.94207,32.12408],[-82.95547,32.13528],[-82.93457,32.15328],[-82.92747,32.14718],[-82.93476,32.14098],[-82.92787,32.13528],[-82.94025,32.1249],[-82.92987,32.12588],[-82.91465,32.12325],[-82.90196,32.11031],[-82.90157,32.0976],[-82.89552,32.08621],[-82.89104,32.08508],[-82.8869,32.07944],[-82.87442,32.07405],[-82.87072,32.0747],[-82.86646,32.07249],[-82.85871,32.0666],[-82.85587,32.06178],[-82.83268,32.05957],[-82.82913,32.05822],[-82.82508,32.0539],[-82.81813,32.05162],[-82.8148,32.05237],[-82.80806,32.04955],[-82.80722,32.04733],[-82.8012,32.04466],[-82.79636,32.03446],[-82.79112,32.03181],[-82.79036,32.02773],[-82.78679,32.02513],[-82.78692,32.02255],[-82.77968,32.01844],[-82.77469,32.0187],[-82.77214,32.01436],[-82.76958,32.01431],[-82.76683,32.01163],[-82.76325,32.01207],[-82.76145,32.01003],[-82.76021,32.01113],[-82.74919,32.00723],[-82.74689,32.00865],[-82.72888,32.00678],[-82.72925,32.00568],[-82.72309,32.00277],[-82.72391,32.00099],[-82.7206,32.0006],[-82.72243,31.99652],[-82.72095,31.99591],[-82.71942,31.99085],[-82.7162,31.98856],[-82.71704,31.98534],[-82.71387,31.98397],[-82.71407,31.98209],[-82.71029,31.97933],[-82.71042,31.97588],[-82.70613,31.97268],[-82.70195,31.97269],[-82.70247,31.97121],[-82.70034,31.97052],[-82.69944,31.96718],[-82.69703,31.96733],[-82.6977,31.96515],[-82.69508,31.96224],[-82.69651,31.96071],[-82.69518,31.95689],[-82.69184,31.9561],[-82.6919,31.95379],[-82.68825,31.95351],[-82.68712,31.95014],[-82.68305,31.94821],[-82.68178,31.94592],[-82.67998,31.94684],[-82.67921,31.94377],[-82.67576,31.94312],[-82.67647,31.9417],[-82.67206,31.93824],[-82.66998,31.93437],[-82.66595,31.93496],[-82.65278,31.92893],[-82.65238,31.92732],[-82.65528,31.92672],[-82.65479,31.92404],[-82.6495,31.92256],[-82.64855,31.92028],[-82.64559,31.92025],[-82.64996,31.91639],[-82.65136,31.91699],[-82.65116,31.92089],[-82.65606,31.92049],[-82.65806,31.92369],[-82.66126,31.91989],[-82.66806,31.92148],[-82.67526,31.91979],[-82.68236,31.92049],[-82.68236,31.91629],[-82.67886,31.91619],[-82.67626,31.91319],[-82.67726,31.90989],[-82.68426,31.90869],[-82.68576,31.90579],[-82.68856,31.90469],[-82.68926,31.90159],[-82.69466,31.89809],[-82.69676,31.90259],[-82.69986,31.90359],[-82.70196,31.89919],[-82.70617,31.89839],[-82.70707,31.89329],[-82.71027,31.88929],[-82.71537,31.88909],[-82.71727,31.88579],[-82.72107,31.88699],[-82.72647,31.88189],[-82.73127,31.88259],[-82.73637,31.87799],[-82.74197,31.87679],[-82.75404,31.86582],[-82.75337,31.86082],[-82.75733,31.85691],[-82.76227,31.85773],[-82.76256,31.86043],[-82.76866,31.86154],[-82.77018,31.86009],[-82.76799,31.85696],[-82.76967,31.85542],[-82.77299,31.85782],[-82.77278,31.86168],[-82.77639,31.86222],[-82.77587,31.85853],[-82.78058,31.85646],[-82.78203,31.85237],[-82.78605,31.85371],[-82.79082,31.85299],[-82.79194,31.84674],[-82.79017,31.84371],[-82.78514,31.84175],[-82.78547,31.83761],[-82.7916,31.83395],[-82.79581,31.8351],[-82.80273,31.82873],[-82.80483,31.83144],[-82.80945,31.82777],[-82.80969,31.82584],[-82.80701,31.82447],[-82.80813,31.8229],[-82.81439,31.8186],[-82.81933,31.81977],[-82.82038,31.81676],[-82.82469,31.81349],[-82.82795,31.81501],[-82.8249,31.81772],[-82.82494,31.81971],[-82.82692,31.81726],[-82.83203,31.8181],[-82.83867,31.81569],[-82.83657,31.81087],[-82.84071,31.81248],[-82.84227,31.81162],[-82.83863,31.80719],[-82.84146,31.80666],[-82.84226,31.80467],[-82.84467,31.80488],[-82.84993,31.79787],[-82.85546,31.79875],[-82.85601,31.79482],[-82.85886,31.79308],[-82.85735,31.79052],[-82.86226,31.78714],[-82.86284,31.78305],[-82.86818,31.7858],[-82.86943,31.78486],[-82.86812,31.78235],[-82.87216,31.78324],[-82.87702,31.78091],[-82.87771,31.78225],[-82.87362,31.78473],[-82.8767,31.78707],[-82.87754,31.78506],[-82.88213,31.78555],[-82.88066,31.78281],[-82.88613,31.7816],[-82.88666,31.77966],[-82.89045,31.78037],[-82.89594,31.78367],[-82.89965,31.7832],[-82.89955,31.78733],[-82.89646,31.7899],[-82.89878,31.79146],[-82.90732,31.78495],[-82.91573,31.78372],[-82.91716,31.77925],[-82.91938,31.77874],[-82.92129,31.78052],[-82.91939,31.78433],[-82.9338,31.78584],[-82.93457,31.78775],[-82.93676,31.78636],[-82.94043,31.7875],[-82.94244,31.78421],[-82.94581,31.78788],[-82.94707,31.78716],[-82.94668,31.78344],[-82.94923,31.78536],[-82.95599,31.78297],[-82.96004,31.78604],[-82.96361,31.78448],[-82.96595,31.788],[-82.96963,31.7884],[-82.96857,31.79165],[-82.96968,31.79282],[-82.97376,31.79101],[-82.97739,31.79335],[-82.98297,31.78964],[-82.98249,31.78386],[-82.9841,31.78424],[-82.98478,31.78707],[-82.989,31.78827],[-82.99067,31.78719],[-82.99189,31.78246],[-82.9899,31.77888],[-82.99038,31.77665],[-82.99786,31.78167],[-82.99987,31.78095],[-83.00241,31.77584],[-83.00579,31.77464],[-83.01416,31.77918],[-83.02797,31.7783],[-83.03049,31.78066],[-83.0308,31.78359],[-83.03541,31.78633],[-83.03983,31.78636],[-83.03809,31.78926],[-83.03905,31.79057],[-83.04589,31.79149],[-83.04649,31.78913],[-83.05282,31.78923],[-83.05572,31.79234],[-83.05913,31.79129],[-83.05974,31.79372],[-83.06459,31.7946],[-83.06577,31.79683],[-83.06961,31.79622],[-83.07223,31.80158],[-83.07805,31.80279],[-83.08036,31.8006],[-83.0841,31.80293],[-83.08575,31.80742],[-83.08468,31.81049],[-83.08669,31.81275],[-83.08906,31.81221],[-83.09003,31.80762],[-83.09159,31.80893],[-83.09927,31.8083],[-83.10131,31.81196]]]},"properties":{"NAME10":"Telfair","NAMELSAD10":"Telfair County","GEOID10":"13271"}},{"type":"Feature","geometry":{"type":"Polygon","coordinates":[[[-83.27594,33.84798],[-83.24086,33.90444],[-83.27542,33.94221],[-83.2776,33.94648],[-83.27915,33.95466],[-83.26955,33.95798],[-83.26574,33.9638],[-83.26742,33.97227],[-83.27556,33.97752],[-83.26918,33.98168],[-83.269,34.00061],[-83.26198,33.99836],[-83.25826,33.99894],[-83.23701,34.01356],[-83.22772,34.00835],[-83.22501,34.00958],[-83.22217,34.00545],[-83.22192,34.00072],[-83.21201,34.00278],[-83.19297,34.01057],[-83.18769,34.01821],[-83.18113,34.02071],[-83.16404,34.03469],[-83.1548,34.03656],[-83.1244,34.04759],[-83.12431,34.04392],[-83.11536,34.03892],[-83.11507,34.03701],[-83.11184,34.03757],[-83.10939,34.03528],[-83.10865,34.02928],[-83.10097,34.0248],[-83.09793,34.02918],[-83.09513,34.02713],[-83.09101,34.03496],[-83.09027,34.03225],[-83.08386,34.02846],[-83.08171,34.02893],[-83.07726,34.02497],[-83.07529,34.02684],[-83.07134,34.02715],[-83.06893,34.0238],[-83.0658,34.02404],[-83.06206,34.01916],[-83.053,34.01953],[-83.04849,34.01575],[-83.03798,34.02622],[-83.03187,34.02599],[-83.02933,34.03089],[-83.02076,34.0289],[-83.02019,34.03259],[-83.01654,34.03268],[-83.01493,34.03504],[-83.01087,34.03108],[-83.00183,34.0308],[-82.99472,34.03551],[-82.99081,34.03504],[-82.99015,34.03811],[-82.9845,34.03539],[-82.98349,34.03856],[-82.98532,34.04191],[-82.97632,34.04324],[-82.96562,34.04054],[-82.96148,34.03545],[-82.95382,34.03817],[-82.94976,34.03566],[-82.94314,34.02759],[-82.93412,34.02746],[-82.93526,34.02534],[-82.93795,34.02581],[-82.94385,34.02281],[-82.94199,34.0146],[-82.93426,34.01361],[-82.92935,34.01059],[-82.92723,34.00732],[-82.92128,34.0101],[-82.91726,34.00621],[-82.91457,34.00765],[-82.91618,34.0125],[-82.90583,34.01192],[-82.90612,34.00445],[-82.88648,34.00015],[-82.88164,34.00061],[-82.87928,33.99518],[-82.87053,33.99316],[-82.86692,33.99055],[-82.8636,33.98304],[-82.85789,33.98386],[-82.85138,33.98216],[-82.84302,33.98371],[-82.84166,33.98465],[-82.84097,33.99208],[-82.83725,33.99269],[-82.82576,33.98451],[-82.81889,33.98606],[-82.81353,33.98161],[-82.79833,33.97803],[-82.77951,33.97113],[-82.78148,33.96884],[-82.78063,33.96484],[-82.78243,33.96418],[-82.78366,33.95839],[-82.78823,33.9568],[-82.78858,33.95435],[-82.79138,33.95297],[-82.79378,33.94868],[-82.79903,33.9507],[-82.80573,33.95083],[-82.80871,33.94588],[-82.81616,33.94605],[-82.81824,33.9434],[-82.82208,33.94428],[-82.8254,33.94087],[-82.83155,33.94195],[-82.83554,33.93958],[-82.84669,33.94065],[-82.8487,33.93987],[-82.84899,33.9367],[-82.8511,33.93688],[-82.85055,33.93469],[-82.85282,33.93476],[-82.85446,33.93265],[-82.85376,33.93058],[-82.85555,33.9275],[-82.86071,33.92778],[-82.87107,33.92215],[-82.87445,33.92191],[-82.87691,33.91552],[-82.88376,33.91247],[-82.88752,33.90792],[-82.88607,33.9049],[-82.89008,33.8965],[-82.89494,33.89329],[-82.90479,33.88054],[-82.91256,33.87698],[-82.91765,33.86923],[-82.9222,33.85651],[-82.92528,33.8529],[-82.93173,33.84906],[-82.94189,33.84935],[-82.94255,33.84665],[-82.94497,33.84622],[-82.9499,33.83505],[-82.95644,33.82627],[-82.95521,33.82442],[-82.96084,33.81173],[-82.97657,33.80208],[-82.98046,33.78942],[-82.98619,33.78583],[-82.98476,33.78384],[-82.98729,33.78072],[-82.96003,33.75182],[-82.94905,33.73334],[-82.97999,33.71093],[-82.98863,33.70657],[-82.99321,33.70141],[-82.99211,33.69769],[-82.99561,33.69359],[-82.99863,33.69388],[-83.00788,33.68988],[-83.01909,33.69295],[-83.02611,33.70088],[-83.03015,33.70149],[-83.04914,33.71557],[-83.11873,33.69882],[-83.28067,33.76191],[-83.285,33.77039],[-83.28414,33.77628],[-83.28078,33.78265],[-83.28321,33.78662],[-83.28254,33.78841],[-83.28905,33.79119],[-83.29425,33.79787],[-83.29434,33.80702],[-83.29222,33.8102],[-83.29836,33.81335],[-83.30662,33.81145],[-83.27594,33.84798]]]},"properties":{"NAME10":"Oglethorpe","NAMELSAD10":"Oglethorpe County","GEOID10":"13221"}},{"type":"Feature","geometry":{"type":"Polygon","coordinates":[[[-82.57443,32.81568],[-82.60978,32.79782],[-82.65686,32.78797],[-82.66696,32.78287],[-82.68076,32.79677],[-82.69736,32.79136],[-82.71136,32.78397],[-82.71446,32.78466],[-82.73756,32.78007],[-82.76857,32.76908],[-82.77235,32.78873],[-82.77502,32.7945],[-82.78214,32.79935],[-82.79851,32.8029],[-82.79828,32.80566],[-82.80246,32.80976],[-82.94697,32.75936],[-82.95027,32.76196],[-82.95104,32.76074],[-82.94867,32.75816],[-82.95537,32.75647],[-82.95497,32.75947],[-82.96017,32.75997],[-82.95897,32.76317],[-82.96086,32.77316],[-82.95666,32.78996],[-82.95826,32.79677],[-82.95426,32.80157],[-82.95836,32.80477],[-82.95826,32.80777],[-82.96186,32.80867],[-82.96406,32.81517],[-82.96816,32.81677],[-82.96686,32.82017],[-82.97186,32.82307],[-82.96706,32.82757],[-82.97347,32.83046],[-82.97006,32.83297],[-82.97057,32.83516],[-82.97387,32.83916],[-82.97937,32.83956],[-82.97867,32.84426],[-82.98207,32.84536],[-82.98467,32.84386],[-82.98637,32.84656],[-82.99047,32.84846],[-82.98897,32.85266],[-82.99207,32.85316],[-82.99727,32.85116],[-82.99927,32.85596],[-83.00398,32.85461],[-83.00699,32.85578],[-83.0122,32.85376],[-83.01665,32.85759],[-83.02156,32.85654],[-83.02026,32.85459],[-83.02144,32.85342],[-83.02335,32.85576],[-83.02704,32.85614],[-83.02981,32.86007],[-83.03022,32.86651],[-83.03122,32.86752],[-83.03455,32.86631],[-83.03672,32.86827],[-83.03652,32.86938],[-83.03451,32.86878],[-83.0346,32.87298],[-83.03721,32.87516],[-83.0378,32.88049],[-83.04049,32.87898],[-83.04177,32.87981],[-83.04053,32.88328],[-83.04298,32.88162],[-83.04892,32.88282],[-83.04389,32.88575],[-83.04684,32.88513],[-83.04856,32.88785],[-83.04771,32.88998],[-83.05072,32.89391],[-83.04784,32.89836],[-83.05165,32.9018],[-83.04743,32.90225],[-83.05005,32.90322],[-83.05048,32.90517],[-83.04642,32.90536],[-83.04953,32.90647],[-83.04763,32.90796],[-83.04832,32.91009],[-83.05507,32.90948],[-83.05237,32.91387],[-83.05697,32.91664],[-83.05598,32.92005],[-83.0629,32.91969],[-83.06037,32.92041],[-83.06008,32.92392],[-83.05691,32.92599],[-83.06403,32.92975],[-83.06317,32.93095],[-83.05966,32.93064],[-83.06111,32.9346],[-83.07133,32.93308],[-83.06854,32.93368],[-83.06705,32.93652],[-83.06764,32.94193],[-83.07089,32.93935],[-83.0702,32.94214],[-83.07365,32.94657],[-83.07071,32.9471],[-83.06911,32.95243],[-83.07191,32.96182],[-83.06927,32.97208],[-83.06713,32.97509],[-83.05778,32.97458],[-83.04889,32.98602],[-83.04906,32.99096],[-83.05145,32.99601],[-83.05162,33.00389],[-83.05851,33.01286],[-83.06299,33.01561],[-83.06791,33.02485],[-83.06703,33.02837],[-83.05523,33.03719],[-83.05545,33.04668],[-83.04902,33.05344],[-83.04485,33.06066],[-83.04549,33.06997],[-83.0522,33.08069],[-83.00874,33.08086],[-82.99094,33.09069],[-82.98198,33.10233],[-82.97014,33.10929],[-82.9593,33.10697],[-82.94993,33.10776],[-82.9411,33.11297],[-82.92668,33.11628],[-82.91471,33.12673],[-82.901,33.12854],[-82.88887,33.13861],[-82.88264,33.15256],[-82.87933,33.15411],[-82.86738,33.18108],[-82.86248,33.18732],[-82.85809,33.18954],[-82.85455,33.1968],[-82.84563,33.20037],[-82.83205,33.202],[-82.8243,33.21204],[-82.80705,33.2206],[-82.79887,33.22171],[-82.79417,33.22699],[-82.778,33.23843],[-82.76751,33.23689],[-82.74831,33.23835],[-82.74606,33.23408],[-82.74091,33.23205],[-82.74453,33.22542],[-82.73865,33.22421],[-82.73553,33.21735],[-82.73842,33.21523],[-82.74154,33.2154],[-82.7412,33.21329],[-82.73854,33.20965],[-82.7336,33.20838],[-82.73293,33.20555],[-82.73408,33.20216],[-82.73999,33.19978],[-82.74115,33.19628],[-82.74083,33.18839],[-82.73767,33.1861],[-82.73717,33.18148],[-82.73896,33.18074],[-82.73949,33.17437],[-82.73492,33.17324],[-82.73063,33.17447],[-82.72463,33.17094],[-82.71904,33.17006],[-82.71583,33.16716],[-82.71601,33.16507],[-82.71333,33.16441],[-82.7137,33.1622],[-82.70974,33.16091],[-82.71089,33.15999],[-82.70868,33.1583],[-82.70872,33.15205],[-82.70203,33.14747],[-82.70228,33.14598],[-82.69627,33.14404],[-82.69292,33.14612],[-82.69159,33.14405],[-82.69033,33.14464],[-82.69071,33.14322],[-82.68627,33.14271],[-82.6836,33.13973],[-82.68514,33.13737],[-82.68395,33.13571],[-82.68204,33.13614],[-82.67933,33.13348],[-82.67203,33.135],[-82.66071,33.12873],[-82.66211,33.12563],[-82.65917,33.12383],[-82.65756,33.11803],[-82.65199,33.11541],[-82.65242,33.11066],[-82.64901,33.1066],[-82.64964,33.1046],[-82.64616,33.10124],[-82.63811,33.10071],[-82.63723,33.09352],[-82.63956,33.09002],[-82.6407,33.09061],[-82.63968,33.08785],[-82.64157,33.0844],[-82.63721,33.08224],[-82.63756,33.07981],[-82.63511,33.07661],[-82.62699,33.07267],[-82.62893,33.06586],[-82.62804,33.06434],[-82.61838,33.06247],[-82.61763,33.06118],[-82.61527,33.063],[-82.61291,33.06101],[-82.61342,33.05574],[-82.61583,33.0538],[-82.61698,33.05467],[-82.61827,33.05158],[-82.61023,33.04977],[-82.60732,33.04506],[-82.60435,33.04554],[-82.60138,33.03869],[-82.60223,33.03709],[-82.60003,33.03703],[-82.59913,33.03398],[-82.60026,33.03284],[-82.59811,33.032],[-82.59251,33.03408],[-82.5893,33.03116],[-82.58571,33.0315],[-82.58487,33.02967],[-82.57976,33.03002],[-82.57592,33.02619],[-82.57782,33.02438],[-82.56881,33.01975],[-82.56655,33.02124],[-82.56448,33.02033],[-82.56436,33.0188],[-82.56044,33.01745],[-82.5592,33.01419],[-82.55609,33.01406],[-82.55023,33.01936],[-82.53936,32.94776],[-82.51085,32.91776],[-82.51806,32.86796],[-82.52296,32.86486],[-82.52596,32.83356],[-82.52106,32.82236],[-82.56056,32.82006],[-82.56336,32.81806],[-82.57443,32.81568]]]},"properties":{"NAME10":"Washington","NAMELSAD10":"Washington County","GEOID10":"13303"}},{"type":"Feature","geometry":{"type":"Polygon","coordinates":[[[-83.7375,32.69414],[-83.74443,32.69895],[-83.74721,32.70528],[-83.75114,32.70405],[-83.75281,32.7062],[-83.7533,32.70486],[-83.75374,32.70742],[-83.75597,32.70717],[-83.76059,32.71379],[-83.76389,32.71496],[-83.77183,32.71433],[-83.77998,32.72118],[-83.78593,32.72044],[-83.79144,32.72593],[-83.79896,32.72489],[-83.80193,32.72764],[-83.80362,32.7269],[-83.80297,32.72805],[-83.80472,32.7293],[-83.80866,32.72872],[-83.81028,32.7298],[-83.81,32.73276],[-83.8167,32.73594],[-83.81888,32.74039],[-83.82466,32.74204],[-83.82829,32.74669],[-83.82851,32.74979],[-83.83159,32.75154],[-83.83013,32.7544],[-83.8348,32.75801],[-83.83781,32.7646],[-83.83938,32.76465],[-83.84139,32.76816],[-83.84521,32.76871],[-83.84692,32.7723],[-83.85096,32.77062],[-83.85118,32.77229],[-83.84767,32.77532],[-83.85335,32.78134],[-83.85141,32.78547],[-83.85656,32.78785],[-83.85709,32.79397],[-83.86183,32.79449],[-83.86021,32.79662],[-83.86145,32.79787],[-83.86836,32.8018],[-83.86938,32.80411],[-83.87326,32.8039],[-83.87695,32.80695],[-83.87591,32.81122],[-83.87868,32.81279],[-83.87745,32.8137],[-83.87854,32.81636],[-83.88248,32.8184],[-83.88625,32.81718],[-83.88788,32.81945],[-83.89173,32.81887],[-83.89193,32.84836],[-83.81366,32.89712],[-83.78867,32.90933],[-83.77424,32.91413],[-83.72456,32.94484],[-83.73062,32.94502],[-83.73057,32.95102],[-83.73416,32.95102],[-83.73412,32.9524],[-83.71069,32.9528],[-83.70512,32.95022],[-83.70055,32.94398],[-83.70169,32.93889],[-83.69586,32.91663],[-83.68012,32.90476],[-83.6633,32.89874],[-83.66069,32.89606],[-83.6586,32.88784],[-83.59819,32.88784],[-83.57864,32.86515],[-83.56507,32.87717],[-83.52342,32.8413],[-83.51636,32.84719],[-83.48943,32.82407],[-83.49658,32.81844],[-83.49565,32.8171],[-83.49846,32.81506],[-83.49699,32.81268],[-83.49882,32.81058],[-83.49648,32.80696],[-83.49294,32.80516],[-83.498,32.80074],[-83.50261,32.80113],[-83.57872,32.73812],[-83.5856,32.74484],[-83.59296,32.73886],[-83.59902,32.74345],[-83.60236,32.74127],[-83.59868,32.74037],[-83.60188,32.73853],[-83.59761,32.73669],[-83.59995,32.73377],[-83.59506,32.7318],[-83.60013,32.72979],[-83.59653,32.72853],[-83.59807,32.7253],[-83.60079,32.72515],[-83.59842,32.72291],[-83.60048,32.72103],[-83.59887,32.71836],[-83.60124,32.72],[-83.60418,32.71728],[-83.60084,32.71774],[-83.6014,32.71461],[-83.59863,32.7134],[-83.59716,32.71469],[-83.59684,32.71289],[-83.60051,32.70824],[-83.59984,32.70403],[-83.60269,32.70116],[-83.60496,32.70175],[-83.60238,32.69958],[-83.60691,32.70155],[-83.60817,32.69795],[-83.61027,32.69884],[-83.60964,32.69661],[-83.61155,32.69438],[-83.60859,32.69264],[-83.60861,32.691],[-83.60643,32.691],[-83.60835,32.69012],[-83.60847,32.68802],[-83.61107,32.68855],[-83.60777,32.68689],[-83.60837,32.68361],[-83.60583,32.68243],[-83.60701,32.67906],[-83.60526,32.67489],[-83.6068,32.67374],[-83.59953,32.67142],[-83.60132,32.66967],[-83.59718,32.66688],[-83.59787,32.66421],[-83.60555,32.66068],[-83.60779,32.66446],[-83.61181,32.66538],[-83.61772,32.66345],[-83.62653,32.66957],[-83.63334,32.66826],[-83.63876,32.66909],[-83.64539,32.67424],[-83.66649,32.6746],[-83.66614,32.67576],[-83.67026,32.67751],[-83.67395,32.67696],[-83.67849,32.67985],[-83.6799,32.68278],[-83.68519,32.68531],[-83.68836,32.68465],[-83.68862,32.68691],[-83.69778,32.68915],[-83.70084,32.69215],[-83.70681,32.6918],[-83.70747,32.6933],[-83.70977,32.69189],[-83.71419,32.69334],[-83.72042,32.69249],[-83.72207,32.69467],[-83.72543,32.69372],[-83.72668,32.69625],[-83.72957,32.6972],[-83.7356,32.69369],[-83.7375,32.69414]]]},"properties":{"NAME10":"Bibb","NAMELSAD10":"Bibb County","GEOID10":"13021"}},{"type":"Feature","geometry":{"type":"Polygon","coordinates":[[[-83.30893,32.12572],[-83.31065,32.1283],[-83.30469,32.13321],[-83.32481,32.15037],[-83.29111,32.17883],[-83.37393,32.24975],[-83.3396,32.27825],[-83.34611,32.28382],[-83.33928,32.28977],[-83.33223,32.28404],[-83.28396,32.32432],[-83.30475,32.34196],[-83.17326,32.45254],[-83.13899,32.42308],[-82.99097,32.14728],[-82.88697,32.19798],[-82.87179,32.18274],[-82.92787,32.13528],[-82.93476,32.14098],[-82.92747,32.14718],[-82.93457,32.15328],[-82.95547,32.13528],[-82.94207,32.12408],[-83.20574,31.90033],[-83.20517,31.9058],[-83.21032,31.90448],[-83.212,31.9076],[-83.21529,31.90949],[-83.2156,31.91335],[-83.21839,31.91574],[-83.21861,31.91826],[-83.21423,31.92035],[-83.21413,31.92177],[-83.22033,31.92268],[-83.21943,31.92694],[-83.22539,31.9303],[-83.22833,31.93142],[-83.23111,31.92966],[-83.23252,31.93084],[-83.23076,31.93436],[-83.22848,31.93298],[-83.22668,31.93835],[-83.23029,31.93804],[-83.2406,31.94157],[-83.2388,31.94433],[-83.23895,31.94815],[-83.236,31.94904],[-83.23551,31.95073],[-83.23864,31.95024],[-83.24173,31.95247],[-83.24445,31.94501],[-83.24883,31.94867],[-83.26154,31.95208],[-83.26496,31.95811],[-83.26987,31.96034],[-83.27245,31.9648],[-83.2785,31.96809],[-83.2817,31.9738],[-83.28488,31.97592],[-83.28355,31.98125],[-83.28456,31.98423],[-83.2921,31.98364],[-83.28905,31.99177],[-83.28596,31.99376],[-83.28537,31.99167],[-83.28105,31.98933],[-83.27827,31.99504],[-83.28161,31.99863],[-83.28585,31.99819],[-83.28288,32.0013],[-83.28371,32.00291],[-83.29595,32.00172],[-83.28978,32.00576],[-83.2907,32.00784],[-83.2919,32.00533],[-83.2934,32.00544],[-83.29693,32.01125],[-83.29627,32.01687],[-83.29392,32.02081],[-83.29222,32.02098],[-83.29097,32.01792],[-83.28963,32.01843],[-83.28958,32.02638],[-83.2923,32.02828],[-83.29718,32.02726],[-83.29985,32.03262],[-83.29447,32.03875],[-83.29644,32.03853],[-83.29852,32.04185],[-83.30346,32.04379],[-83.30857,32.04977],[-83.30049,32.05567],[-83.29986,32.07031],[-83.30463,32.07097],[-83.30521,32.0733],[-83.30073,32.07548],[-83.30005,32.07385],[-83.29772,32.07377],[-83.29487,32.07877],[-83.29773,32.07955],[-83.30015,32.07662],[-83.30307,32.07746],[-83.301,32.08357],[-83.30587,32.0901],[-83.31034,32.09244],[-83.31323,32.0923],[-83.31364,32.08608],[-83.31754,32.08554],[-83.32521,32.09723],[-83.32316,32.10161],[-83.32407,32.10366],[-83.33088,32.10294],[-83.3311,32.10012],[-83.33732,32.10589],[-83.32086,32.11956],[-83.30893,32.12572]]]},"properties":{"NAME10":"Dodge","NAMELSAD10":"Dodge County","GEOID10":"13091"}},{"type":"Feature","geometry":{"type":"Polygon","coordinates":[[[-82.85033,33.63956],[-82.83261,33.65097],[-82.82684,33.6497],[-82.82303,33.65458],[-82.81666,33.65321],[-82.81296,33.65584],[-82.80514,33.64748],[-82.76169,33.62259],[-82.75595,33.61633],[-82.75372,33.61843],[-82.74877,33.61833],[-82.74534,33.61131],[-82.73858,33.61459],[-82.73569,33.6126],[-82.72725,33.61412],[-82.72438,33.61277],[-82.71933,33.61522],[-82.71736,33.61374],[-82.7171,33.60696],[-82.70836,33.61177],[-82.70998,33.61279],[-82.70808,33.61359],[-82.70759,33.61777],[-82.70227,33.61435],[-82.70087,33.61495],[-82.70142,33.61811],[-82.69586,33.61715],[-82.69212,33.61991],[-82.69226,33.61764],[-82.6888,33.61504],[-82.68791,33.60275],[-82.68602,33.60397],[-82.67998,33.5998],[-82.68868,33.59019],[-82.69517,33.59312],[-82.69832,33.59116],[-82.7008,33.59182],[-82.70423,33.58922],[-82.70497,33.58752],[-82.70286,33.584],[-82.70466,33.58146],[-82.70395,33.57929],[-82.70827,33.57728],[-82.70985,33.572],[-82.71167,33.57181],[-82.71147,33.56655],[-82.71654,33.56339],[-82.71829,33.56494],[-82.72389,33.55542],[-82.72449,33.55286],[-82.71951,33.55209],[-82.72168,33.5498],[-82.7224,33.53882],[-82.72573,33.53802],[-82.72776,33.53304],[-82.73043,33.53166],[-82.73123,33.53262],[-82.73159,33.53021],[-82.73525,33.52827],[-82.7407,33.52839],[-82.74117,33.52265],[-82.74317,33.52087],[-82.7427,33.51818],[-82.74637,33.51504],[-82.74595,33.51288],[-82.75128,33.51015],[-82.76729,33.51458],[-82.77176,33.51243],[-82.78154,33.51277],[-82.78761,33.51071],[-82.81532,33.52114],[-82.81986,33.51914],[-82.82337,33.51542],[-82.82277,33.5055],[-82.82463,33.50216],[-82.83565,33.49851],[-82.83897,33.48848],[-82.84607,33.48336],[-82.85712,33.47132],[-82.86661,33.46661],[-82.86067,33.4595],[-82.8614,33.4561],[-82.85758,33.4553],[-82.85532,33.45233],[-82.85591,33.44843],[-82.85196,33.44355],[-82.85622,33.44343],[-82.86047,33.44103],[-82.8726,33.44642],[-82.8797,33.44404],[-82.88204,33.44558],[-82.8929,33.43812],[-82.89602,33.44021],[-82.90048,33.44049],[-82.9015,33.43889],[-82.90609,33.43816],[-82.90697,33.43949],[-82.93966,33.4427],[-82.95123,33.45179],[-82.957,33.45289],[-82.96152,33.45016],[-82.97558,33.45053],[-82.98383,33.44764],[-83.01065,33.469],[-83.01286,33.46918],[-82.98559,33.48985],[-82.98707,33.51946],[-82.98604,33.52036],[-83.01404,33.58039],[-83.01088,33.5856],[-83.0005,33.59128],[-82.9899,33.60329],[-82.99331,33.6049],[-82.99421,33.613],[-83.00161,33.62025],[-82.99725,33.62538],[-82.98773,33.62895],[-82.98011,33.61472],[-82.97372,33.62171],[-82.97052,33.64173],[-82.95115,33.65804],[-82.95202,33.659],[-82.95073,33.66072],[-82.9532,33.66157],[-82.95299,33.66518],[-82.9596,33.66979],[-82.95899,33.67086],[-82.96218,33.67317],[-82.96376,33.67683],[-82.97758,33.67944],[-82.98326,33.68456],[-82.98838,33.68623],[-82.99561,33.69359],[-82.99211,33.69769],[-82.99321,33.70141],[-82.98879,33.70644],[-82.97999,33.71093],[-82.94905,33.73334],[-82.8906,33.63288],[-82.88531,33.62979],[-82.88655,33.62886],[-82.88427,33.62478],[-82.87777,33.62001],[-82.87356,33.62257],[-82.88042,33.62654],[-82.8745,33.63128],[-82.87696,33.636],[-82.86934,33.64241],[-82.85033,33.63956]]]},"properties":{"NAME10":"Taliaferro","NAMELSAD10":"Taliaferro County","GEOID10":"13265"}},{"type":"Feature","geometry":{"type":"Polygon","coordinates":[[[-84.55081,30.69735],[-84.86347,30.7115],[-84.86333,30.71808],[-84.87133,30.73246],[-84.86754,30.74768],[-84.86553,30.7506],[-84.85953,30.75288],[-84.86143,30.7574],[-84.86113,30.762],[-84.85953,30.7636],[-84.85593,30.7622],[-84.85183,30.7635],[-84.84933,30.7668],[-84.85083,30.7684],[-84.84993,30.7722],[-84.84553,30.7734],[-84.84043,30.7722],[-84.83963,30.7764],[-84.83633,30.7789],[-84.82873,30.7774],[-84.82853,30.7786],[-84.82213,30.7803],[-84.82082,30.77941],[-84.82082,30.7819],[-84.81792,30.7832],[-84.81392,30.7814],[-84.8078,30.78974],[-84.80622,30.79649],[-84.80102,30.80139],[-84.79292,30.80079],[-84.79232,30.80189],[-84.78792,30.80019],[-84.78692,30.80519],[-84.78872,30.80909],[-84.78812,30.81259],[-84.78992,30.81349],[-84.78922,30.81639],[-84.78453,30.81849],[-84.78532,30.82359],[-84.78241,30.82544],[-84.78252,30.82749],[-84.77832,30.82779],[-84.77272,30.83309],[-84.77311,30.8361],[-84.77032,30.83539],[-84.76892,30.83689],[-84.77133,30.8425],[-84.76972,30.84369],[-84.76952,30.8764],[-84.76688,30.87635],[-84.7669,30.88532],[-84.75592,30.88528],[-84.75295,31.04122],[-84.74231,31.04093],[-84.74227,31.0501],[-84.73162,31.05009],[-84.73086,31.0692],[-84.6458,31.06802],[-84.64468,31.07951],[-84.37658,31.07889],[-84.37621,30.94345],[-84.38071,30.69],[-84.47441,30.6928],[-84.55081,30.69735]]]},"properties":{"NAME10":"Decatur","NAMELSAD10":"Decatur County","GEOID10":"13087"}},{"type":"Feature","geometry":{"type":"Polygon","coordinates":[[[-84.03325,34.65213],[-84.03083,34.65224],[-84.0293,34.65469],[-84.02919,34.66099],[-84.0263,34.66336],[-84.02715,34.66696],[-84.02411,34.67076],[-84.01845,34.67018],[-84.01581,34.67306],[-84.00882,34.67326],[-84.00094,34.6777],[-83.99442,34.6785],[-83.99562,34.68335],[-83.99052,34.6943],[-83.99212,34.6959],[-83.98642,34.7002],[-83.98725,34.7051],[-83.98957,34.7073],[-83.98488,34.71396],[-83.97292,34.7192],[-83.97162,34.7233],[-83.96692,34.7235],[-83.96341,34.728],[-83.95397,34.73161],[-83.94725,34.73813],[-83.93901,34.74087],[-83.93601,34.7383],[-83.92541,34.7348],[-83.92151,34.7375],[-83.91837,34.73493],[-83.90981,34.7344],[-83.90631,34.7314],[-83.90011,34.7322],[-83.89311,34.7258],[-83.88581,34.7268],[-83.87743,34.72331],[-83.8698,34.7274],[-83.86361,34.7263],[-83.86231,34.7238],[-83.85651,34.7222],[-83.85951,34.7136],[-83.86001,34.7077],[-83.85811,34.7049],[-83.86241,34.7007],[-83.86041,34.6966],[-83.86481,34.6907],[-83.86371,34.6878],[-83.87251,34.6831],[-83.87364,34.67909],[-83.87471,34.6732],[-83.87091,34.66856],[-83.87121,34.6649],[-83.87459,34.66401],[-83.87641,34.66099],[-83.87171,34.65696],[-83.87394,34.64449],[-83.87555,34.64332],[-83.87199,34.64239],[-83.87111,34.63988],[-83.87561,34.6367],[-83.87371,34.6308],[-83.87742,34.62867],[-83.87421,34.6242],[-83.87616,34.62052],[-83.8727,34.61897],[-83.8728,34.61563],[-83.86446,34.61559],[-83.86446,34.60446],[-83.86681,34.60276],[-83.86449,34.60051],[-83.86445,34.5506],[-83.85369,34.5507],[-83.85372,34.54146],[-83.84376,34.54144],[-83.84379,34.5324],[-83.83284,34.53231],[-83.83287,34.52353],[-83.8363,34.52354],[-83.83754,34.51954],[-83.83929,34.51861],[-83.83758,34.51535],[-83.84313,34.51536],[-83.84332,34.49703],[-83.88761,34.46879],[-83.88763,34.45994],[-83.90995,34.45981],[-83.90985,34.46919],[-83.93189,34.46935],[-83.9319,34.46054],[-83.92067,34.46012],[-83.92069,34.45113],[-83.93132,34.45121],[-83.95645,34.43729],[-83.96348,34.43618],[-83.96833,34.43334],[-83.97515,34.43273],[-83.97068,34.42403],[-83.97613,34.41868],[-83.98065,34.4184],[-84.00212,34.42582],[-84.10668,34.46586],[-84.10258,34.46623],[-84.10391,34.46821],[-84.1011,34.46821],[-84.10114,34.47128],[-84.11536,34.47328],[-84.16774,34.52085],[-84.19104,34.53919],[-84.1889,34.59579],[-84.18716,34.59926],[-84.18856,34.6027],[-84.15804,34.64825],[-84.15448,34.64846],[-84.15182,34.65128],[-84.14823,34.64584],[-84.14216,34.6488],[-84.13656,34.6553],[-84.13772,34.66047],[-84.12943,34.66378],[-84.12492,34.66443],[-84.11731,34.65839],[-84.0991,34.65322],[-84.09116,34.65298],[-84.08849,34.65128],[-84.08667,34.65299],[-84.08006,34.65371],[-84.07945,34.65685],[-84.07155,34.65702],[-84.06871,34.65198],[-84.06628,34.65106],[-84.06765,34.64801],[-84.06263,34.64915],[-84.05651,34.64352],[-84.05,34.64351],[-84.04823,34.64088],[-84.03628,34.64209],[-84.03852,34.65174],[-84.03325,34.65213]]]},"properties":{"NAME10":"Lumpkin","NAMELSAD10":"Lumpkin County","GEOID10":"13187"}},{"type":"Feature","geometry":{"type":"Polygon","coordinates":[[[-85.1957,34.98578],[-84.97986,34.98765],[-84.97967,34.97276],[-84.99744,34.97244],[-84.99788,34.94021],[-85.00295,34.93228],[-85.00345,34.92818],[-85.00575,34.92718],[-85.00715,34.91808],[-85.00945,34.91768],[-85.01133,34.91159],[-85.01381,34.91155],[-85.01388,34.90079],[-85.0234,34.90078],[-85.0233,34.87114],[-85.03274,34.8711],[-85.03273,34.86374],[-85.06165,34.86358],[-85.06165,34.81948],[-85.10535,34.81918],[-85.10545,34.81228],[-85.12275,34.81208],[-85.12265,34.81918],[-85.13175,34.81968],[-85.13185,34.81448],[-85.13695,34.80208],[-85.14479,34.76765],[-85.15987,34.76794],[-85.15982,34.7752],[-85.20186,34.77509],[-85.20218,34.85446],[-85.26477,34.85428],[-85.26506,34.98508],[-85.1957,34.98578]]]},"properties":{"NAME10":"Catoosa","NAMELSAD10":"Catoosa County","GEOID10":"13047"}},{"type":"Feature","geometry":{"type":"Polygon","coordinates":[[[-81.91867,32.41542],[-81.92144,32.41601],[-81.924,32.41905],[-81.93246,32.42018],[-81.93667,32.42283],[-81.93986,32.42633],[-81.93878,32.4294],[-81.94075,32.43199],[-81.93977,32.43492],[-81.94088,32.43674],[-81.94317,32.43716],[-81.94384,32.43941],[-81.94658,32.43964],[-81.95608,32.44823],[-81.95729,32.4515],[-81.96213,32.45251],[-81.96397,32.46355],[-81.96825,32.46772],[-81.97183,32.46783],[-81.97412,32.46998],[-81.97643,32.47887],[-81.97404,32.4867],[-81.97687,32.4977],[-81.97883,32.49848],[-81.97983,32.50135],[-81.97424,32.50485],[-81.97258,32.5085],[-81.97334,32.51184],[-81.97101,32.51325],[-82.03024,32.53878],[-82.02685,32.55517],[-82.00151,32.60688],[-81.83973,32.64939],[-81.83654,32.65095],[-81.83795,32.65211],[-81.83431,32.65344],[-81.82646,32.65245],[-81.82699,32.65056],[-81.81933,32.64673],[-81.81601,32.64761],[-81.81338,32.64571],[-81.81016,32.64739],[-81.80723,32.644],[-81.80365,32.64424],[-81.80051,32.64153],[-81.80296,32.63761],[-81.79805,32.6318],[-81.80117,32.63027],[-81.79905,32.62717],[-81.79737,32.62625],[-81.79382,32.62853],[-81.79132,32.62736],[-81.7885,32.62263],[-81.78314,32.62051],[-81.78398,32.61521],[-81.77379,32.60705],[-81.77236,32.60699],[-81.77362,32.60912],[-81.77115,32.60924],[-81.76149,32.60056],[-81.7603,32.60244],[-81.75475,32.60216],[-81.75481,32.59921],[-81.75025,32.59662],[-81.7486,32.59785],[-81.74607,32.5916],[-81.74121,32.59003],[-81.74175,32.58786],[-81.73333,32.58577],[-81.73452,32.58076],[-81.73247,32.57934],[-81.7325,32.57632],[-81.72663,32.57354],[-81.72712,32.57224],[-81.72384,32.57179],[-81.71941,32.56573],[-81.71319,32.56343],[-81.71212,32.56565],[-81.70798,32.56584],[-81.70277,32.56143],[-81.70341,32.55827],[-81.69931,32.55636],[-81.69522,32.55229],[-81.69612,32.55106],[-81.68965,32.5463],[-81.68771,32.54609],[-81.68381,32.54919],[-81.67764,32.54841],[-81.67574,32.54724],[-81.67543,32.54455],[-81.6688,32.5433],[-81.66619,32.54423],[-81.66443,32.54038],[-81.6658,32.53881],[-81.66164,32.53709],[-81.65976,32.53685],[-81.65943,32.53982],[-81.65653,32.53992],[-81.65345,32.53447],[-81.65449,32.53152],[-81.6506,32.53161],[-81.64812,32.52748],[-81.64125,32.52924],[-81.64173,32.53181],[-81.6394,32.53253],[-81.63333,32.52919],[-81.63266,32.53017],[-81.62876,32.52857],[-81.6301,32.52628],[-81.62889,32.52414],[-81.61746,32.52505],[-81.61827,32.5231],[-81.61642,32.5157],[-81.61261,32.51633],[-81.61252,32.51379],[-81.60869,32.51334],[-81.6063,32.5146],[-81.60384,32.51206],[-81.60527,32.51097],[-81.59989,32.50918],[-81.59883,32.50737],[-81.59338,32.50658],[-81.5955,32.50805],[-81.59476,32.50924],[-81.58776,32.51244],[-81.57848,32.51247],[-81.57401,32.50828],[-81.57413,32.5059],[-81.57078,32.50598],[-81.56716,32.50172],[-81.5615,32.50131],[-81.56268,32.49773],[-81.56026,32.49558],[-81.55706,32.49651],[-81.55469,32.49254],[-81.54949,32.49189],[-81.5474,32.48654],[-81.53652,32.48206],[-81.53584,32.47547],[-81.53757,32.47448],[-81.53857,32.47675],[-81.53979,32.47639],[-81.54148,32.47302],[-81.54021,32.46978],[-81.54303,32.46681],[-81.53679,32.4651],[-81.53619,32.46664],[-81.53147,32.46654],[-81.53269,32.46419],[-81.53029,32.46311],[-81.53119,32.45842],[-81.52573,32.44982],[-81.53186,32.43813],[-81.539,32.43561],[-81.53606,32.43094],[-81.53718,32.42952],[-81.53531,32.42227],[-81.53849,32.4205],[-81.53819,32.41903],[-81.54045,32.41836],[-81.54097,32.42085],[-81.54257,32.41918],[-81.54064,32.41385],[-81.5333,32.40663],[-81.53546,32.40068],[-81.53327,32.39634],[-81.53448,32.39637],[-81.53491,32.39359],[-81.53058,32.39033],[-81.52866,32.39259],[-81.52728,32.39085],[-81.52333,32.39295],[-81.52322,32.38042],[-81.52176,32.37924],[-81.52026,32.38076],[-81.52079,32.37688],[-81.51435,32.37559],[-81.51406,32.37167],[-81.51201,32.36943],[-81.50865,32.3714],[-81.5077,32.35794],[-81.49481,32.34985],[-81.49102,32.35192],[-81.49058,32.34307],[-81.48609,32.33827],[-81.48896,32.33674],[-81.48786,32.33391],[-81.48078,32.32892],[-81.47731,32.33148],[-81.47367,32.32827],[-81.47055,32.32961],[-81.4672,32.32784],[-81.46558,32.32889],[-81.46438,32.32381],[-81.46766,32.32323],[-81.4653,32.32154],[-81.46497,32.3175],[-81.4631,32.31702],[-81.46559,32.31294],[-81.46067,32.31301],[-81.45936,32.30916],[-81.45667,32.30941],[-81.45275,32.30591],[-81.45465,32.30313],[-81.45162,32.302],[-81.4543,32.30068],[-81.44908,32.29574],[-81.45319,32.29472],[-81.4531,32.29144],[-81.4478,32.28954],[-81.4473,32.2867],[-81.4489,32.2856],[-81.44634,32.28472],[-81.44989,32.2829],[-81.44715,32.27858],[-81.44339,32.2772],[-81.44544,32.27542],[-81.44002,32.27512],[-81.43837,32.27191],[-81.43991,32.26874],[-81.44173,32.26836],[-81.4375,32.26549],[-81.43515,32.25971],[-81.43901,32.25539],[-81.4352,32.25137],[-81.43735,32.24791],[-81.43417,32.24687],[-81.43313,32.24474],[-81.43727,32.24353],[-81.43592,32.24127],[-81.62481,32.18969],[-81.78086,32.1529],[-81.78141,32.15423],[-81.77938,32.15442],[-81.78103,32.15702],[-81.77941,32.15862],[-81.7812,32.16054],[-81.77844,32.16245],[-81.78269,32.16863],[-81.78131,32.17651],[-81.78544,32.17786],[-81.78659,32.18011],[-81.78521,32.181],[-81.78713,32.18182],[-81.78813,32.18524],[-81.79064,32.18629],[-81.78885,32.18772],[-81.79237,32.19321],[-81.79736,32.19348],[-81.7973,32.19488],[-81.80141,32.1962],[-81.8034,32.19906],[-81.8023,32.19964],[-81.80663,32.20492],[-81.80563,32.20762],[-81.80693,32.20756],[-81.80442,32.21041],[-81.80587,32.21742],[-81.80375,32.21963],[-81.81394,32.23008],[-81.81193,32.23306],[-81.81628,32.23748],[-81.82901,32.2385],[-81.83334,32.2421],[-81.84201,32.24107],[-81.84918,32.24848],[-81.85126,32.24803],[-81.85526,32.253],[-81.85634,32.2571],[-81.86089,32.25537],[-81.86171,32.25779],[-81.86792,32.25923],[-81.87423,32.26502],[-81.89273,32.27479],[-81.91836,32.27465],[-81.93452,32.26974],[-81.95322,32.26684],[-81.96223,32.27182],[-81.96715,32.26768],[-81.96906,32.26876],[-81.96876,32.27109],[-81.9619,32.27759],[-81.95996,32.28459],[-81.95693,32.28623],[-81.95684,32.29468],[-81.95145,32.30386],[-81.95232,32.31095],[-81.94905,32.31524],[-81.93747,32.35729],[-81.91867,32.41542]]]},"properties":{"NAME10":"Bulloch","NAMELSAD10":"Bulloch County","GEOID10":"13031"}},{"type":"Feature","geometry":{"type":"Polygon","coordinates":[[[-82.14498,32.81275],[-82.14795,32.81976],[-82.12375,32.88366],[-82.08133,32.91679],[-81.95645,32.92373],[-81.85798,32.95389],[-81.85394,32.95011],[-81.84489,32.94855],[-81.83898,32.94451],[-81.83429,32.94487],[-81.82887,32.94228],[-81.82042,32.94624],[-81.81858,32.94566],[-81.81555,32.94317],[-81.8146,32.93683],[-81.80675,32.93408],[-81.80531,32.93564],[-81.80084,32.93549],[-81.79112,32.9294],[-81.78797,32.93011],[-81.78357,32.92844],[-81.77415,32.92047],[-81.77222,32.91196],[-81.76755,32.90944],[-81.86794,32.68116],[-81.8662,32.67472],[-81.86868,32.67318],[-81.86672,32.66984],[-81.86487,32.67047],[-81.86492,32.66796],[-81.86615,32.66848],[-81.86718,32.66618],[-81.86591,32.66288],[-81.86069,32.65854],[-81.8577,32.65857],[-81.85816,32.65709],[-81.85438,32.65653],[-81.85284,32.65302],[-81.84829,32.65114],[-81.84751,32.65231],[-81.84573,32.6496],[-81.84101,32.6491],[-81.99959,32.60732],[-82.00516,32.60938],[-82.08287,32.66333],[-82.14498,32.81275]]]},"properties":{"NAME10":"Jenkins","NAMELSAD10":"Jenkins County","GEOID10":"13165"}},{"type":"Feature","geometry":{"type":"Polygon","coordinates":[[[-82.98383,33.44764],[-82.97558,33.45053],[-82.96152,33.45016],[-82.95687,33.45288],[-82.95123,33.45179],[-82.93966,33.4427],[-82.90697,33.43949],[-82.90599,33.43815],[-82.9015,33.43889],[-82.90048,33.44049],[-82.89602,33.44021],[-82.8929,33.43812],[-82.88204,33.44558],[-82.8797,33.44404],[-82.8726,33.44642],[-82.86069,33.44101],[-82.85622,33.44343],[-82.85188,33.44352],[-82.84155,33.43161],[-82.83957,33.43098],[-82.83427,33.43552],[-82.83378,33.431],[-82.82429,33.42786],[-82.82259,33.42574],[-82.82431,33.42402],[-82.82324,33.4211],[-82.82625,33.41822],[-82.82652,33.41314],[-82.8231,33.41028],[-82.82244,33.40672],[-82.82469,33.40387],[-82.82249,33.39989],[-82.82788,33.39816],[-82.82427,33.39371],[-82.82803,33.393],[-82.8259,33.39048],[-82.82166,33.39005],[-82.81789,33.38727],[-82.81906,33.37928],[-82.81726,33.37724],[-82.82181,33.37393],[-82.81627,33.37253],[-82.81248,33.3638],[-82.80343,33.36534],[-82.80004,33.3621],[-82.80065,33.35903],[-82.7975,33.35494],[-82.8016,33.34872],[-82.79853,33.34708],[-82.79885,33.34245],[-82.79695,33.34018],[-82.79944,33.33071],[-82.79686,33.32461],[-82.78921,33.32152],[-82.78924,33.3187],[-82.79598,33.31886],[-82.79579,33.31541],[-82.79354,33.30975],[-82.78522,33.31009],[-82.78352,33.3092],[-82.78394,33.30691],[-82.78167,33.30586],[-82.78353,33.30019],[-82.78173,33.29853],[-82.78266,33.29696],[-82.78069,33.29234],[-82.78232,33.28784],[-82.78078,33.28678],[-82.78081,33.28127],[-82.78489,33.27702],[-82.78212,33.27036],[-82.78562,33.26798],[-82.78345,33.2684],[-82.77568,33.2648],[-82.77371,33.25998],[-82.77043,33.26077],[-82.76945,33.25885],[-82.76503,33.25904],[-82.76321,33.25384],[-82.75822,33.25474],[-82.74697,33.24752],[-82.74628,33.24585],[-82.74839,33.24505],[-82.74831,33.23835],[-82.76751,33.23689],[-82.778,33.23843],[-82.79417,33.22699],[-82.79887,33.22171],[-82.80705,33.2206],[-82.8243,33.21204],[-82.83205,33.202],[-82.84563,33.20037],[-82.85455,33.1968],[-82.85809,33.18954],[-82.86248,33.18732],[-82.86738,33.18108],[-82.87933,33.15411],[-82.88264,33.15256],[-82.88887,33.13861],[-82.901,33.12854],[-82.91471,33.12673],[-82.92668,33.11628],[-82.9411,33.11297],[-82.94993,33.10776],[-82.9593,33.10697],[-82.97014,33.10929],[-82.98198,33.10233],[-82.99094,33.09069],[-83.00874,33.08086],[-83.0219,33.08019],[-83.03377,33.08167],[-83.05277,33.08049],[-83.07248,33.06451],[-83.08404,33.06375],[-83.09372,33.05423],[-83.10084,33.04986],[-83.10285,33.05137],[-83.10364,33.05535],[-83.10618,33.05698],[-83.10379,33.06014],[-83.10951,33.06931],[-83.10872,33.07144],[-83.11501,33.07877],[-83.11747,33.07761],[-83.11894,33.08308],[-83.11691,33.08561],[-83.11883,33.08707],[-83.11285,33.09719],[-83.11457,33.10324],[-83.11225,33.10519],[-83.11409,33.10661],[-83.11224,33.11113],[-83.11303,33.11317],[-83.10989,33.11393],[-83.10803,33.11896],[-83.11063,33.1273],[-83.10811,33.13062],[-83.10287,33.13038],[-83.09861,33.13314],[-83.09549,33.14095],[-83.09521,33.14699],[-83.0976,33.15152],[-83.25771,33.18823],[-83.26366,33.1891],[-83.2686,33.18719],[-83.27411,33.18724],[-83.27522,33.19133],[-83.27378,33.20127],[-83.26254,33.20834],[-83.25936,33.21771],[-83.25951,33.22304],[-83.25604,33.23107],[-83.25291,33.23345],[-83.2524,33.23806],[-83.25559,33.24649],[-83.2554,33.25454],[-83.25346,33.2593],[-83.23904,33.26261],[-83.22947,33.2563],[-83.22444,33.26684],[-83.22982,33.27473],[-83.22908,33.27686],[-83.22041,33.27795],[-83.21318,33.28209],[-83.20903,33.27884],[-83.20399,33.27911],[-83.19951,33.28526],[-83.17845,33.29205],[-83.17531,33.29829],[-83.17051,33.30143],[-83.14649,33.30906],[-83.14578,33.31209],[-83.15052,33.32192],[-83.14353,33.33475],[-83.14412,33.33987],[-83.14896,33.34261],[-83.15273,33.34812],[-83.16015,33.35095],[-83.16421,33.35504],[-83.01286,33.46918],[-83.01065,33.469],[-82.98383,33.44764]]]},"properties":{"NAME10":"Hancock","NAMELSAD10":"Hancock County","GEOID10":"13141"}},{"type":"Feature","geometry":{"type":"MultiPolygon","coordinates":[[[[-84.2987,32.99593],[-84.29867,32.99968],[-84.29299,32.9997],[-84.28911,32.99133],[-84.12237,32.98958],[-84.12434,32.80094],[-84.14933,32.80121],[-84.20263,32.69002],[-84.20316,32.69751],[-84.21136,32.70134],[-84.21938,32.7203],[-84.23134,32.7224],[-84.23631,32.72105],[-84.23457,32.72711],[-84.22919,32.7323],[-84.23581,32.73829],[-84.24106,32.73764],[-84.2457,32.73092],[-84.25467,32.72533],[-84.25366,32.72222],[-84.25644,32.72272],[-84.25754,32.72435],[-84.25678,32.72931],[-84.26271,32.73931],[-84.28427,32.74452],[-84.29037,32.75362],[-84.2997,32.75603],[-84.3014,32.76134],[-84.31615,32.75554],[-84.32512,32.76239],[-84.32881,32.76212],[-84.33235,32.7596],[-84.33614,32.75971],[-84.33975,32.76274],[-84.34485,32.77582],[-84.34946,32.7818],[-84.35358,32.78359],[-84.35739,32.7821],[-84.35446,32.77554],[-84.35558,32.77357],[-84.36304,32.77818],[-84.3697,32.77618],[-84.38255,32.78029],[-84.3858,32.78326],[-84.3864,32.78636],[-84.39102,32.78696],[-84.39232,32.79463],[-84.3958,32.80037],[-84.39688,32.80584],[-84.40288,32.81269],[-84.4027,32.81738],[-84.40863,32.82196],[-84.40837,32.82643],[-84.41491,32.83454],[-84.42011,32.83648],[-84.42118,32.83881],[-84.43418,32.83807],[-84.43558,32.83413],[-84.44273,32.82521],[-84.44837,32.82503],[-84.45665,32.82867],[-84.4588,32.84125],[-84.46731,32.85301],[-84.47646,32.85607],[-84.48087,32.85209],[-84.48306,32.85226],[-84.49009,32.85691],[-84.48916,32.86231],[-84.47531,32.87247],[-84.4759,32.87686],[-84.49765,32.88357],[-84.50335,32.8817],[-84.50844,32.88266],[-84.50969,32.88454],[-84.50818,32.90337],[-84.51199,32.91304],[-84.51717,32.91502],[-84.52332,32.91314],[-84.52691,32.9141],[-84.52422,32.9194],[-84.52799,32.9279],[-84.5224,32.93308],[-84.52293,32.93791],[-84.51928,32.94627],[-84.51896,32.95085],[-84.52428,32.96044],[-84.53341,32.96156],[-84.5344,32.9642],[-84.53257,32.96898],[-84.52933,32.9707],[-84.52043,32.96854],[-84.51124,32.97209],[-84.50573,32.97256],[-84.49923,32.97972],[-84.50188,32.98316],[-84.49833,32.98276],[-84.4956,32.98451],[-84.49477,32.98834],[-84.49014,32.9907],[-84.49106,32.99218],[-84.48971,32.99374],[-84.29873,32.99148],[-84.2987,32.99593]]],[[[-84.29868,33.00415],[-84.29867,32.99968],[-84.30275,32.9997],[-84.30275,33.00416],[-84.29868,33.00415]]]]},"properties":{"NAME10":"Upson","NAMELSAD10":"Upson County","GEOID10":"13293"}},{"type":"Feature","geometry":{"type":"Polygon","coordinates":[[[-84.17308,31.6226],[-84.04322,31.62358],[-84.04037,31.63446],[-84.03632,31.63779],[-84.03406,31.64322],[-84.0301,31.64325],[-84.02891,31.64837],[-84.01841,31.65028],[-83.99338,31.65004],[-83.99347,31.64143],[-84.00288,31.64171],[-84.00307,31.63364],[-84.01251,31.63362],[-84.0127,31.6246],[-83.99625,31.62517],[-83.99657,31.56352],[-83.98161,31.56333],[-83.98168,31.55162],[-83.99667,31.55167],[-83.99747,31.47602],[-83.98243,31.47582],[-83.98242,31.4735],[-83.98259,31.46268],[-83.99768,31.46278],[-83.9978,31.44376],[-84.13777,31.44268],[-84.14113,31.44018],[-84.21113,31.44043],[-84.2116,31.43586],[-84.42988,31.43667],[-84.42607,31.44789],[-84.41969,31.44965],[-84.41253,31.45694],[-84.41829,31.46963],[-84.42546,31.49715],[-84.42922,31.49973],[-84.43271,31.50745],[-84.43812,31.5098],[-84.43967,31.5223],[-84.44821,31.54051],[-84.44706,31.54377],[-84.45493,31.54834],[-84.45567,31.55555],[-84.45176,31.57274],[-84.45454,31.58107],[-84.45766,31.58426],[-84.45288,31.59392],[-84.44924,31.59744],[-84.45018,31.60081],[-84.44709,31.60446],[-84.45064,31.61479],[-84.4504,31.62187],[-84.34668,31.62108],[-84.2293,31.62348],[-84.17308,31.6226]]]},"properties":{"NAME10":"Dougherty","NAMELSAD10":"Dougherty County","GEOID10":"13095"}},{"type":"Feature","geometry":{"type":"Polygon","coordinates":[[[-84.95771,32.3742],[-84.96323,32.37654],[-84.96429,32.3759],[-84.96286,32.3741],[-84.96742,32.37567],[-84.96848,32.37897],[-84.97197,32.3777],[-84.97481,32.38026],[-84.98629,32.38034],[-84.98849,32.38311],[-84.98649,32.38889],[-84.98301,32.39196],[-84.97837,32.3905],[-84.96873,32.39146],[-84.96928,32.39345],[-84.97475,32.39561],[-84.9799,32.4001],[-84.98096,32.40607],[-84.97944,32.41225],[-84.97183,32.41625],[-84.96303,32.42425],[-84.96704,32.43535],[-84.97184,32.44285],[-84.98384,32.44565],[-84.99353,32.45075],[-84.99533,32.45325],[-84.99854,32.46875],[-84.99523,32.47531],[-84.99483,32.48611],[-84.99884,32.49705],[-84.99654,32.50165],[-84.99984,32.50435],[-84.99894,32.50635],[-85.00094,32.50875],[-85.00154,32.51475],[-85.00638,32.5185],[-85.0071,32.52387],[-85.01442,32.52658],[-85.01581,32.52843],[-85.01527,32.53112],[-85.02024,32.53475],[-85.02205,32.54005],[-85.0208,32.54277],[-85.02619,32.54485],[-85.03139,32.54418],[-85.03573,32.55397],[-85.04367,32.55653],[-85.04547,32.56173],[-85.05693,32.57125],[-85.05791,32.57466],[-85.06199,32.57826],[-85.06754,32.57955],[-85.07786,32.59758],[-85.08079,32.60808],[-84.90771,32.60761],[-84.90789,32.58344],[-84.69461,32.58395],[-84.69467,32.5637],[-84.66747,32.56395],[-84.67048,32.56167],[-84.6718,32.55778],[-84.67432,32.55661],[-84.67453,32.55258],[-84.67665,32.55004],[-84.67595,32.54791],[-84.67935,32.54493],[-84.67846,32.53367],[-84.6867,32.5276],[-84.68992,32.52133],[-84.69451,32.51874],[-84.70181,32.51878],[-84.70449,32.51629],[-84.708,32.51581],[-84.71694,32.50818],[-84.72276,32.50643],[-84.72319,32.50802],[-84.72462,32.50744],[-84.72597,32.50483],[-84.72429,32.50236],[-84.7308,32.49837],[-84.72931,32.49729],[-84.72918,32.49374],[-84.73093,32.49354],[-84.73142,32.49051],[-84.73474,32.48822],[-84.73441,32.48302],[-84.73855,32.47982],[-84.73687,32.47929],[-84.73741,32.47828],[-84.7406,32.47679],[-84.74003,32.47338],[-84.74332,32.47182],[-84.74264,32.46703],[-84.74696,32.46026],[-84.74475,32.4592],[-84.75167,32.45759],[-84.75179,32.45476],[-84.75628,32.45109],[-84.75468,32.44703],[-84.75648,32.44653],[-84.7571,32.44284],[-84.7594,32.44154],[-84.76067,32.43668],[-84.7667,32.43493],[-84.76678,32.42917],[-84.76995,32.42599],[-84.77014,32.42354],[-84.76803,32.42303],[-84.76796,32.4205],[-84.76944,32.42233],[-84.77283,32.42114],[-84.77816,32.42253],[-84.7783,32.42492],[-84.77952,32.42367],[-84.78192,32.42485],[-84.78059,32.42293],[-84.78388,32.42132],[-84.78329,32.41962],[-84.78552,32.41972],[-84.78681,32.41753],[-84.79129,32.41778],[-84.79009,32.41551],[-84.79265,32.41388],[-84.79694,32.4145],[-84.80518,32.41892],[-84.807,32.4226],[-84.81136,32.42002],[-84.81136,32.41612],[-84.81896,32.41282],[-84.83331,32.4142],[-84.83518,32.41164],[-84.84777,32.4149],[-84.85197,32.41233],[-84.85544,32.41447],[-84.86595,32.41394],[-84.87004,32.41093],[-84.8747,32.41277],[-84.88221,32.41047],[-84.88409,32.40648],[-84.88774,32.40519],[-84.89004,32.40146],[-84.89509,32.39951],[-84.90014,32.40207],[-84.90373,32.39612],[-84.9111,32.39529],[-84.91363,32.3925],[-84.92568,32.3871],[-84.92603,32.38501],[-84.93099,32.38293],[-84.93243,32.38063],[-84.93635,32.37927],[-84.94064,32.38188],[-84.9415,32.37826],[-84.94374,32.37871],[-84.94513,32.37602],[-84.94883,32.37561],[-84.95171,32.37714],[-84.95771,32.3742]]]},"properties":{"NAME10":"Muscogee","NAMELSAD10":"Muscogee County","GEOID10":"13215"}},{"type":"Feature","geometry":{"type":"Polygon","coordinates":[[[-85.056,31.6043],[-85.05694,31.60646],[-85.06056,31.60823],[-85.05753,31.61689],[-85.05895,31.62113],[-85.07383,31.62957],[-85.08003,31.63687],[-85.08693,31.63947],[-85.08263,31.65027],[-85.07803,31.65157],[-85.07913,31.65477],[-85.09243,31.65997],[-85.10943,31.67747],[-85.11393,31.68687],[-85.12233,31.69127],[-85.12553,31.69497],[-85.12653,31.71677],[-85.12223,31.72277],[-85.12173,31.72797],[-85.11893,31.73267],[-85.12203,31.74407],[-85.12924,31.75867],[-85.12563,31.76447],[-85.12553,31.76787],[-85.14113,31.78047],[-85.07383,31.77907],[-85.07395,31.77145],[-85.04843,31.77107],[-85.02663,31.77097],[-85.02653,31.77887],[-84.95864,31.77786],[-84.95933,31.71338],[-84.94939,31.71341],[-84.94979,31.67992],[-84.94055,31.67986],[-84.94064,31.67229],[-84.931,31.67231],[-84.93135,31.65543],[-84.94252,31.65556],[-84.94236,31.61867],[-84.81785,31.61978],[-84.81801,31.60197],[-84.82795,31.60189],[-84.82807,31.59249],[-84.81816,31.59318],[-84.81841,31.56574],[-84.79914,31.56526],[-84.81018,31.55649],[-84.81031,31.5477],[-84.81894,31.54791],[-84.81956,31.53092],[-84.81,31.53083],[-84.80993,31.51896],[-84.80785,31.51893],[-84.80796,31.51439],[-84.81992,31.51439],[-84.81981,31.5012],[-84.93781,31.50327],[-84.95729,31.49578],[-84.95974,31.49267],[-84.97143,31.49732],[-84.974,31.49693],[-84.97701,31.49276],[-84.98634,31.48886],[-85.0019,31.48785],[-85.00653,31.48588],[-85.02923,31.48608],[-85.02939,31.51868],[-85.03761,31.51591],[-85.03988,31.51777],[-85.0455,31.51713],[-85.04456,31.52091],[-85.04813,31.52529],[-85.04182,31.53776],[-85.04137,31.5425],[-85.04255,31.54596],[-85.05084,31.55556],[-85.05294,31.5629],[-85.05796,31.57085],[-85.05529,31.5771],[-85.05844,31.5837],[-85.056,31.6043]]]},"properties":{"NAME10":"Clay","NAMELSAD10":"Clay County","GEOID10":"13061"}},{"type":"Feature","geometry":{"type":"Polygon","coordinates":[[[-84.65819,32.37281],[-84.65753,32.44145],[-84.65873,32.44165],[-84.65733,32.49495],[-84.63823,32.49485],[-84.63733,32.53486],[-84.63261,32.53377],[-84.63107,32.53175],[-84.62328,32.53164],[-84.62054,32.52965],[-84.61087,32.53483],[-84.60514,32.53515],[-84.60133,32.53155],[-84.60214,32.52942],[-84.59765,32.5246],[-84.58611,32.52266],[-84.57784,32.52573],[-84.57392,32.5255],[-84.57051,32.52821],[-84.56141,32.52806],[-84.56126,32.53504],[-84.56639,32.53592],[-84.56603,32.54007],[-84.56251,32.54462],[-84.55383,32.54874],[-84.55089,32.54929],[-84.55096,32.54273],[-84.54222,32.54258],[-84.54207,32.54991],[-84.53669,32.54999],[-84.53249,32.54983],[-84.53262,32.5427],[-84.50482,32.54183],[-84.50466,32.54822],[-84.49179,32.54833],[-84.49207,32.56196],[-84.44436,32.56209],[-84.44365,32.54223],[-84.45324,32.54238],[-84.45316,32.53434],[-84.44325,32.53417],[-84.44305,32.51853],[-84.43355,32.5187],[-84.43362,32.49325],[-84.42392,32.49325],[-84.42442,32.48515],[-84.40781,32.48527],[-84.40858,32.44396],[-84.40614,32.44527],[-84.40313,32.44353],[-84.4011,32.44078],[-84.40088,32.43551],[-84.39212,32.43535],[-84.38993,32.29724],[-84.41331,32.29754],[-84.41329,32.28949],[-84.41011,32.28946],[-84.41042,32.23186],[-84.42946,32.23216],[-84.42992,32.19417],[-84.42008,32.19168],[-84.42052,32.17436],[-84.43002,32.17426],[-84.43122,32.13406],[-84.52712,32.13456],[-84.52742,32.15116],[-84.53632,32.15116],[-84.53662,32.15956],[-84.54612,32.15906],[-84.5457,32.17524],[-84.56469,32.17514],[-84.56432,32.18985],[-84.60053,32.19074],[-84.59779,32.19725],[-84.60129,32.20752],[-84.60071,32.21033],[-84.60627,32.21716],[-84.61022,32.21706],[-84.61052,32.22556],[-84.62112,32.22556],[-84.62063,32.23306],[-84.65892,32.23286],[-84.65819,32.37281]]]},"properties":{"NAME10":"Marion","NAMELSAD10":"Marion County","GEOID10":"13197"}},{"type":"Feature","geometry":{"type":"Polygon","coordinates":[[[-84.7675,33.7869],[-84.72412,33.78861],[-84.72414,33.80618],[-84.6199,33.80503],[-84.62234,33.80201],[-84.61999,33.80155],[-84.57814,33.74581],[-84.58544,33.73051],[-84.58683,33.72912],[-84.59434,33.72901],[-84.59834,33.72661],[-84.60174,33.72441],[-84.60254,33.71971],[-84.60804,33.71291],[-84.61574,33.70961],[-84.62124,33.70451],[-84.63214,33.70032],[-84.63054,33.69031],[-84.64084,33.68382],[-84.64904,33.68592],[-84.65274,33.68362],[-84.65374,33.67522],[-84.65194,33.66792],[-84.65644,33.65942],[-84.66144,33.65702],[-84.67354,33.65662],[-84.68584,33.65112],[-84.71054,33.64642],[-84.71674,33.64182],[-84.73004,33.63652],[-84.73384,33.62722],[-84.73772,33.62362],[-84.74178,33.62377],[-84.74884,33.63182],[-84.75274,33.63022],[-84.75294,33.62792],[-84.7631,33.61422],[-84.7756,33.60967],[-84.7885,33.59931],[-84.79654,33.5956],[-84.80499,33.58732],[-84.8074,33.58309],[-84.80894,33.57409],[-84.8243,33.57358],[-84.82427,33.57657],[-84.82998,33.57664],[-84.83005,33.57378],[-84.90579,33.57338],[-84.90144,33.71881],[-84.90157,33.722],[-84.91103,33.72211],[-84.91098,33.72899],[-84.91086,33.73098],[-84.90174,33.73063],[-84.90169,33.78071],[-84.87916,33.77476],[-84.83271,33.77603],[-84.83271,33.77853],[-84.79986,33.77992],[-84.80027,33.78226],[-84.7675,33.7869]]]},"properties":{"NAME10":"Douglas","NAMELSAD10":"Douglas County","GEOID10":"13097"}},{"type":"Feature","geometry":{"type":"Polygon","coordinates":[[[-84.60965,33.39703],[-84.60667,33.39547],[-84.60884,33.3931],[-84.6062,33.39319],[-84.6066,33.39196],[-84.60108,33.38691],[-84.59795,33.38567],[-84.5973,33.38139],[-84.59481,33.38232],[-84.5928,33.37959],[-84.58998,33.36982],[-84.58648,33.36456],[-84.58613,33.35795],[-84.58186,33.35662],[-84.57701,33.35857],[-84.57128,33.34854],[-84.56052,33.34061],[-84.5522,33.34197],[-84.54911,33.33836],[-84.54474,33.33891],[-84.54131,33.33563],[-84.5345,33.33562],[-84.53515,33.33136],[-84.53164,33.32763],[-84.53044,33.32842],[-84.52819,33.32695],[-84.52651,33.32157],[-84.51815,33.31818],[-84.51794,33.31579],[-84.52191,33.31327],[-84.52043,33.31265],[-84.52007,33.3085],[-84.51468,33.30368],[-84.51552,33.30007],[-84.51862,33.29702],[-84.51708,33.296],[-84.51749,33.29317],[-84.51287,33.28639],[-84.51258,33.28087],[-84.51128,33.28202],[-84.50854,33.28104],[-84.50619,33.28292],[-84.50443,33.28098],[-84.50746,33.27882],[-84.50672,33.27523],[-84.50307,33.27285],[-84.50387,33.27005],[-84.50015,33.26504],[-84.50217,33.26142],[-84.49706,33.25641],[-84.49825,33.25003],[-84.50162,33.25147],[-84.50787,33.24872],[-84.50736,33.24633],[-84.50909,33.24498],[-84.50728,33.23799],[-84.50407,33.23914],[-84.50217,33.23396],[-84.50029,33.23345],[-84.50384,33.22733],[-84.50565,33.22679],[-84.50563,33.22883],[-84.50656,33.22716],[-84.50236,33.22106],[-84.65151,33.22252],[-84.65147,33.22949],[-84.66938,33.22971],[-84.66948,33.22643],[-84.67452,33.22651],[-84.67462,33.22274],[-84.69664,33.22304],[-84.69678,33.2315],[-84.71497,33.23119],[-84.71507,33.22298],[-84.85236,33.2236],[-84.85231,33.19105],[-84.86236,33.19118],[-84.86239,33.19915],[-84.86991,33.19567],[-84.8692,33.19904],[-84.87196,33.20744],[-84.8622,33.20755],[-84.86214,33.22387],[-84.93902,33.2247],[-84.95458,33.26561],[-84.94881,33.26566],[-84.94882,33.28228],[-84.95859,33.28237],[-84.95865,33.27706],[-85.01536,33.42551],[-85.01247,33.43055],[-84.9972,33.43504],[-84.98561,33.44214],[-84.9852,33.44581],[-84.98898,33.45305],[-84.98388,33.45734],[-84.97756,33.45578],[-84.96607,33.44877],[-84.95446,33.43932],[-84.95048,33.44092],[-84.94321,33.43654],[-84.93538,33.43743],[-84.93193,33.44216],[-84.92048,33.44605],[-84.9192,33.45566],[-84.90935,33.45954],[-84.90854,33.46981],[-84.90247,33.47585],[-84.89477,33.47835],[-84.87667,33.49208],[-84.86662,33.49175],[-84.85529,33.49595],[-84.8522,33.50178],[-84.85072,33.51146],[-84.62104,33.51072],[-84.62084,33.50252],[-84.60954,33.50252],[-84.60949,33.50084],[-84.61106,33.50023],[-84.6181,33.483],[-84.62268,33.4807],[-84.6256,33.47709],[-84.62596,33.47448],[-84.6233,33.46829],[-84.62659,33.46465],[-84.62515,33.46252],[-84.62709,33.46073],[-84.62675,33.45105],[-84.62434,33.44893],[-84.62615,33.44729],[-84.62722,33.44008],[-84.62338,33.43518],[-84.61954,33.42338],[-84.61956,33.41756],[-84.61657,33.41268],[-84.61395,33.40296],[-84.60912,33.40041],[-84.60965,33.39703]]]},"properties":{"NAME10":"Coweta","NAMELSAD10":"Coweta County","GEOID10":"13077"}},{"type":"Feature","geometry":{"type":"Polygon","coordinates":[[[-85.05409,32.07022],[-85.05582,32.07445],[-85.05324,32.08061],[-85.04477,32.08584],[-85.05341,32.10485],[-85.06161,32.13342],[-85.0456,32.14376],[-85.02659,32.16611],[-85.01708,32.17352],[-85.01127,32.1805],[-84.97503,32.19106],[-84.96373,32.19586],[-84.96173,32.19876],[-84.96463,32.20356],[-84.97443,32.20356],[-84.98033,32.20806],[-84.97703,32.21456],[-84.97083,32.21886],[-84.95633,32.21786],[-84.93013,32.21906],[-84.92293,32.22476],[-84.92333,32.23086],[-84.81393,32.23086],[-84.81403,32.22106],[-84.80253,32.22096],[-84.80253,32.23086],[-84.64932,32.23296],[-84.64932,32.22516],[-84.64032,32.22526],[-84.64032,32.18426],[-84.63112,32.18406],[-84.63132,32.17636],[-84.64032,32.17656],[-84.64042,32.16796],[-84.64262,32.16796],[-84.64242,32.16016],[-84.65162,32.16016],[-84.65142,32.15186],[-84.64232,32.15186],[-84.64356,32.03701],[-84.64442,32.02886],[-84.65412,32.02846],[-84.65518,31.98436],[-84.64481,31.98432],[-84.645,31.97701],[-84.65519,31.97707],[-84.65505,31.96966],[-84.64514,31.96973],[-84.64536,31.9615],[-84.65502,31.96154],[-84.65582,31.92031],[-84.67583,31.92054],[-84.67579,31.92869],[-84.68571,31.92899],[-84.68552,31.92032],[-84.80066,31.92286],[-84.80066,31.93153],[-84.81012,31.93185],[-84.8104,31.92292],[-84.91727,31.92467],[-84.91721,31.93309],[-84.93614,31.93376],[-84.93576,31.94184],[-84.95525,31.94227],[-84.95491,31.95029],[-84.97407,31.95022],[-84.97371,31.95931],[-84.96421,31.95907],[-84.96395,31.96693],[-84.95404,31.96678],[-84.9537,31.97479],[-85.00123,31.97596],[-85.00113,31.98386],[-85.01183,31.98376],[-85.01193,31.97586],[-85.04203,31.97566],[-85.04193,31.98476],[-85.06094,31.98511],[-85.06093,31.99186],[-85.06823,31.99186],[-85.06345,32.00415],[-85.05508,32.01072],[-85.05382,32.01351],[-85.05497,32.01875],[-85.05367,32.02067],[-85.04883,32.02171],[-85.05626,32.02834],[-85.05804,32.03361],[-85.05354,32.03596],[-85.05883,32.04666],[-85.05409,32.07022]]]},"properties":{"NAME10":"Stewart","NAMELSAD10":"Stewart County","GEOID10":"13259"}},{"type":"Feature","geometry":{"type":"Polygon","coordinates":[[[-85.01536,33.42551],[-84.95865,33.27706],[-84.95859,33.28237],[-84.94882,33.28228],[-84.94881,33.26566],[-84.95458,33.26561],[-84.93902,33.2247],[-85.04083,33.18829],[-85.04526,33.18162],[-85.05838,33.18345],[-85.06454,33.17849],[-85.08804,33.17171],[-85.08772,33.18659],[-85.09758,33.18663],[-85.09757,33.1951],[-85.10798,33.1951],[-85.10786,33.17846],[-85.11754,33.1785],[-85.11741,33.16366],[-85.23652,33.12957],[-85.29381,33.4281],[-85.01536,33.42551]]]},"properties":{"NAME10":"Heard","NAMELSAD10":"Heard County","GEOID10":"13149"}},{"type":"Feature","geometry":{"type":"Polygon","coordinates":[[[-83.23575,32.97201],[-83.20616,32.9836],[-83.20304,32.98158],[-83.197,32.98285],[-83.19279,32.9812],[-83.18853,32.97496],[-83.16389,32.96908],[-83.16227,32.96961],[-83.17947,32.98741],[-83.16638,32.99789],[-83.15959,33.00281],[-83.15111,32.99659],[-83.14828,33.00015],[-83.15028,33.00684],[-83.14671,33.00877],[-83.13232,33.00689],[-83.12992,32.99924],[-83.12282,33.0013],[-83.12587,32.9967],[-83.12339,32.99271],[-83.12853,32.99073],[-83.12793,32.98936],[-83.1209,32.98734],[-83.12488,32.98565],[-83.12515,32.98347],[-83.12157,32.98383],[-83.11676,32.98133],[-83.11524,32.97372],[-83.1093,32.9733],[-83.10843,32.96917],[-83.1043,32.97008],[-83.10091,32.96606],[-83.09686,32.9656],[-83.09436,32.96828],[-83.09588,32.95989],[-83.09084,32.95854],[-83.09084,32.95564],[-83.08784,32.95578],[-83.08788,32.95102],[-83.08391,32.95187],[-83.0864,32.95487],[-83.08511,32.95601],[-83.07962,32.95162],[-83.07619,32.95078],[-83.07894,32.94682],[-83.07467,32.94765],[-83.0702,32.94214],[-83.07089,32.93935],[-83.06764,32.94193],[-83.06727,32.93521],[-83.07133,32.93308],[-83.06111,32.9346],[-83.05966,32.93064],[-83.06317,32.93095],[-83.06403,32.92975],[-83.05691,32.92599],[-83.06008,32.92392],[-83.06037,32.92041],[-83.0629,32.91969],[-83.05598,32.92005],[-83.05697,32.91664],[-83.05237,32.91387],[-83.05507,32.90948],[-83.04832,32.91009],[-83.04763,32.90796],[-83.04953,32.90647],[-83.04642,32.90536],[-83.05048,32.90517],[-83.05005,32.90322],[-83.04743,32.90225],[-83.05165,32.9018],[-83.04784,32.89836],[-83.05072,32.89391],[-83.04771,32.88998],[-83.04856,32.88785],[-83.04684,32.88513],[-83.04389,32.88575],[-83.04892,32.88282],[-83.04298,32.88162],[-83.04053,32.88328],[-83.04177,32.87981],[-83.04049,32.87898],[-83.0378,32.88049],[-83.03721,32.87516],[-83.0346,32.87298],[-83.03451,32.86878],[-83.03652,32.86938],[-83.03672,32.86827],[-83.03455,32.86631],[-83.03122,32.86752],[-83.03022,32.86651],[-83.02981,32.86007],[-83.02765,32.85677],[-83.02335,32.85576],[-83.02144,32.85342],[-83.02026,32.85459],[-83.02156,32.85654],[-83.01665,32.85759],[-83.0122,32.85376],[-83.00699,32.85578],[-83.00398,32.85461],[-82.99927,32.85596],[-82.99727,32.85116],[-82.99207,32.85316],[-82.98897,32.85266],[-82.99047,32.84846],[-82.98637,32.84656],[-82.98467,32.84386],[-82.98207,32.84536],[-82.97867,32.84426],[-82.97937,32.83956],[-82.97387,32.83916],[-82.97057,32.83516],[-82.97006,32.83297],[-82.97347,32.83046],[-82.96706,32.82757],[-82.97186,32.82307],[-82.96686,32.82017],[-82.96816,32.81677],[-82.96406,32.81517],[-82.96186,32.80867],[-82.95826,32.80777],[-82.95836,32.80477],[-82.95426,32.80157],[-82.95826,32.79677],[-82.9566,32.791],[-82.96076,32.77466],[-82.95897,32.76317],[-82.96017,32.75997],[-82.95497,32.75947],[-82.95557,32.75667],[-82.95387,32.75627],[-82.95247,32.75817],[-82.94867,32.75816],[-82.95104,32.76074],[-82.94947,32.76166],[-82.94697,32.75946],[-82.94717,32.75464],[-82.9451,32.75183],[-82.94937,32.72767],[-82.95387,32.72127],[-82.95707,32.70832],[-83.0408,32.67335],[-83.22654,32.58421],[-83.24285,32.60877],[-83.40699,32.89823],[-83.35769,32.92615],[-83.28774,32.95189],[-83.27607,32.94207],[-83.26319,32.95412],[-83.26868,32.95871],[-83.23575,32.97201]]]},"properties":{"NAME10":"Wilkinson","NAMELSAD10":"Wilkinson County","GEOID10":"13319"}},{"type":"Feature","geometry":{"type":"Polygon","coordinates":[[[-82.70103,31.9712],[-82.71042,31.97588],[-82.71029,31.97933],[-82.71407,31.98209],[-82.71387,31.98397],[-82.71704,31.98534],[-82.7162,31.98856],[-82.71942,31.99085],[-82.72095,31.99591],[-82.72243,31.99652],[-82.7206,32.0006],[-82.72391,32.00099],[-82.72309,32.00277],[-82.72925,32.00568],[-82.72888,32.00678],[-82.74689,32.00865],[-82.74919,32.00723],[-82.76021,32.01113],[-82.76145,32.01003],[-82.76325,32.01207],[-82.76634,32.01145],[-82.76958,32.01431],[-82.77206,32.01429],[-82.77469,32.0187],[-82.78289,32.01977],[-82.78692,32.02255],[-82.78679,32.02513],[-82.79036,32.02773],[-82.79112,32.03181],[-82.79644,32.03456],[-82.8012,32.04466],[-82.80722,32.04733],[-82.80806,32.04955],[-82.8148,32.05237],[-82.81813,32.05162],[-82.82508,32.0539],[-82.82913,32.05822],[-82.83268,32.05957],[-82.85587,32.06178],[-82.85871,32.0666],[-82.86646,32.07249],[-82.87072,32.0747],[-82.87442,32.07405],[-82.88766,32.0799],[-82.89104,32.08508],[-82.89651,32.08733],[-82.90052,32.09524],[-82.90197,32.09953],[-82.90196,32.11031],[-82.91465,32.12325],[-82.92987,32.12588],[-82.94025,32.1249],[-82.87179,32.18274],[-82.88481,32.19608],[-82.87815,32.20026],[-82.87157,32.19448],[-82.86447,32.19974],[-82.85831,32.19439],[-82.76856,32.26978],[-82.76188,32.26418],[-82.75838,32.26695],[-82.75516,32.2697],[-82.76196,32.27558],[-82.72197,32.30929],[-82.71987,32.30587],[-82.71469,32.30532],[-82.71342,32.30596],[-82.71498,32.30955],[-82.71385,32.31033],[-82.71094,32.30582],[-82.70498,32.30173],[-82.70844,32.29864],[-82.70224,32.29883],[-82.69407,32.29465],[-82.67724,32.29586],[-82.67377,32.2936],[-82.66696,32.29479],[-82.66309,32.29778],[-82.66763,32.30024],[-82.66835,32.3043],[-82.66145,32.30048],[-82.65756,32.3027],[-82.65619,32.29786],[-82.6502,32.29574],[-82.64684,32.29223],[-82.64577,32.29276],[-82.64649,32.29545],[-82.6447,32.29544],[-82.64408,32.29097],[-82.6499,32.28948],[-82.65155,32.28648],[-82.6476,32.28658],[-82.64609,32.28474],[-82.64924,32.282],[-82.64843,32.27719],[-82.64136,32.27508],[-82.63955,32.27069],[-82.63664,32.26915],[-82.63805,32.26818],[-82.63734,32.26604],[-82.64006,32.25838],[-82.64447,32.25868],[-82.64344,32.25468],[-82.64453,32.25123],[-82.64791,32.25015],[-82.64916,32.24555],[-82.64319,32.24159],[-82.64188,32.2369],[-82.63684,32.23322],[-82.63422,32.23367],[-82.63211,32.22556],[-82.63579,32.22293],[-82.6359,32.22084],[-82.62553,32.2068],[-82.626,32.20486],[-82.63015,32.20263],[-82.63234,32.19589],[-82.62838,32.18578],[-82.63087,32.18012],[-82.62857,32.17955],[-82.62699,32.18303],[-82.62333,32.18115],[-82.62781,32.17725],[-82.62342,32.17357],[-82.62364,32.17124],[-82.62655,32.16947],[-82.62236,32.16706],[-82.61891,32.16766],[-82.6184,32.16467],[-82.61287,32.16165],[-82.61389,32.14932],[-82.61879,32.14588],[-82.61872,32.14251],[-82.62461,32.13631],[-82.62532,32.13333],[-82.62978,32.13262],[-82.63041,32.13066],[-82.6266,32.12657],[-82.62515,32.11959],[-82.62258,32.11777],[-82.62364,32.11374],[-82.62055,32.11239],[-82.6205,32.10932],[-82.61726,32.10795],[-82.61771,32.10528],[-82.61122,32.10647],[-82.61426,32.10329],[-82.61337,32.10064],[-82.61737,32.10078],[-82.61267,32.09612],[-82.61138,32.08858],[-82.61305,32.08441],[-82.6147,32.08367],[-82.61741,32.08612],[-82.62307,32.08267],[-82.61821,32.07886],[-82.61467,32.07921],[-82.6084,32.07284],[-82.61305,32.07037],[-82.61118,32.06632],[-82.61385,32.0604],[-82.60964,32.05761],[-82.60993,32.05175],[-82.6022,32.0473],[-82.60336,32.04103],[-82.60886,32.03922],[-82.60845,32.03673],[-82.60596,32.0347],[-82.60746,32.03184],[-82.60526,32.03081],[-82.60204,32.03262],[-82.59757,32.02985],[-82.60068,32.02645],[-82.60142,32.02163],[-82.60041,32.01962],[-82.59486,32.01737],[-82.5979,32.01578],[-82.59767,32.01399],[-82.59258,32.01147],[-82.59166,32.00865],[-82.57159,31.99645],[-82.56552,31.98997],[-82.56221,31.98965],[-82.55896,31.99262],[-82.5558,31.98554],[-82.55593,31.98049],[-82.54651,31.98127],[-82.5409,31.97311],[-82.53919,31.96659],[-82.54052,31.96255],[-82.54461,31.95874],[-82.54516,31.95539],[-82.55526,31.95929],[-82.55576,31.95539],[-82.56266,31.95769],[-82.56636,31.95649],[-82.57726,31.94809],[-82.58096,31.94149],[-82.58546,31.94009],[-82.5872,31.93567],[-82.59296,31.93629],[-82.59476,31.93159],[-82.59646,31.93199],[-82.59936,31.93749],[-82.60246,31.93809],[-82.61456,31.92669],[-82.61986,31.92709],[-82.62216,31.92919],[-82.62418,31.92359],[-82.62876,31.92329],[-82.63096,31.92559],[-82.63506,31.92509],[-82.63786,31.92219],[-82.64566,31.91889],[-82.6458,31.92055],[-82.64855,31.92028],[-82.6495,31.92256],[-82.65479,31.92404],[-82.65528,31.92672],[-82.65238,31.92732],[-82.65278,31.92893],[-82.66595,31.93496],[-82.66977,31.93422],[-82.67647,31.9417],[-82.67576,31.94312],[-82.67734,31.94257],[-82.67961,31.94428],[-82.67998,31.94684],[-82.68178,31.94592],[-82.68305,31.94821],[-82.68712,31.95014],[-82.68825,31.95351],[-82.69216,31.95401],[-82.69184,31.9561],[-82.69528,31.95711],[-82.69651,31.96071],[-82.69508,31.96224],[-82.69706,31.96305],[-82.69703,31.96733],[-82.69944,31.96718],[-82.70103,31.9712]]]},"properties":{"NAME10":"Wheeler","NAMELSAD10":"Wheeler County","GEOID10":"13309"}},{"type":"Feature","geometry":{"type":"Polygon","coordinates":[[[-81.60513,31.4269],[-81.60528,31.43132],[-81.61134,31.43531],[-81.60686,31.43883],[-81.61139,31.44614],[-81.61698,31.44635],[-81.62501,31.45103],[-81.61693,31.45835],[-81.61672,31.46347],[-81.61304,31.46703],[-81.61244,31.47038],[-81.62308,31.48476],[-81.63244,31.4838],[-81.64076,31.48858],[-81.64762,31.49545],[-81.64543,31.50098],[-81.65354,31.50468],[-81.65826,31.51048],[-81.65692,31.51645],[-81.65429,31.51893],[-81.65574,31.52431],[-81.65226,31.52856],[-81.65412,31.52954],[-81.66209,31.52838],[-81.66725,31.53266],[-81.66829,31.53656],[-81.62222,31.5513],[-81.56601,31.57647],[-81.4918,31.69958],[-81.47587,31.69824],[-81.46476,31.69334],[-81.4611,31.68749],[-81.4609,31.68348],[-81.46774,31.68062],[-81.46772,31.67855],[-81.461,31.67186],[-81.45533,31.65941],[-81.44308,31.65402],[-81.43685,31.64321],[-81.43357,31.6409],[-81.428,31.64199],[-81.4249,31.64907],[-81.41759,31.6521],[-81.41496,31.65194],[-81.414,31.64933],[-81.41122,31.64901],[-81.41009,31.64699],[-81.40804,31.64876],[-81.4038,31.6464],[-81.40274,31.64716],[-81.40303,31.64555],[-81.40129,31.64641],[-81.40175,31.64471],[-81.39981,31.64632],[-81.40017,31.64406],[-81.39777,31.64283],[-81.39158,31.64357],[-81.39183,31.64562],[-81.38794,31.64619],[-81.38715,31.64882],[-81.38364,31.64646],[-81.38236,31.64888],[-81.38022,31.64866],[-81.38027,31.65087],[-81.37699,31.65018],[-81.3763,31.6528],[-81.37778,31.65511],[-81.37504,31.65407],[-81.37272,31.65035],[-81.37553,31.64786],[-81.37441,31.64718],[-81.37121,31.64827],[-81.37095,31.65179],[-81.36618,31.64897],[-81.3646,31.65038],[-81.36433,31.65434],[-81.35991,31.6525],[-81.35558,31.65468],[-81.34443,31.65162],[-81.34017,31.64735],[-81.33808,31.64712],[-81.33568,31.65027],[-81.32685,31.65352],[-81.31802,31.65986],[-81.3129,31.65868],[-81.30242,31.65072],[-81.29836,31.64934],[-81.27704,31.65245],[-81.26884,31.6522],[-81.26187,31.65015],[-81.24982,31.64223],[-81.23732,31.63943],[-81.22222,31.63043],[-81.21604,31.61879],[-81.20091,31.61124],[-81.1909,31.60035],[-81.19115,31.58731],[-81.19493,31.55885],[-81.19312,31.55267],[-81.18759,31.54655],[-81.17515,31.53967],[-81.09539,31.52099],[-81.09969,31.51853],[-81.10714,31.49664],[-81.115,31.48702],[-81.12544,31.47755],[-81.13353,31.47375],[-81.14385,31.47153],[-81.15015,31.45805],[-81.16355,31.44204],[-81.16245,31.43703],[-81.16694,31.42345],[-81.18219,31.40533],[-81.19076,31.39988],[-81.17562,31.38249],[-81.17109,31.37033],[-81.17199,31.35531],[-81.17712,31.33928],[-81.18612,31.3268],[-81.18363,31.31553],[-81.18372,31.29429],[-81.27772,31.29433],[-81.29579,31.29168],[-81.30518,31.29707],[-81.31603,31.30889],[-81.33219,31.30611],[-81.33786,31.31299],[-81.35657,31.3138],[-81.36959,31.31872],[-81.38211,31.31737],[-81.38719,31.31489],[-81.3976,31.30422],[-81.403,31.29246],[-81.40835,31.29108],[-81.4116,31.29331],[-81.41224,31.29568],[-81.40349,31.30728],[-81.40573,31.31043],[-81.4105,31.31055],[-81.41257,31.30653],[-81.41488,31.3057],[-81.42702,31.31162],[-81.43545,31.31301],[-81.43762,31.31597],[-81.43503,31.32916],[-81.43703,31.33159],[-81.44114,31.33207],[-81.4467,31.3283],[-81.45337,31.32632],[-81.46941,31.33961],[-81.47251,31.33836],[-81.47097,31.33302],[-81.47396,31.33334],[-81.47505,31.33931],[-81.47803,31.33825],[-81.47676,31.33544],[-81.47836,31.33428],[-81.47901,31.33755],[-81.48129,31.33594],[-81.48316,31.33711],[-81.48171,31.33995],[-81.48477,31.33964],[-81.48587,31.3426],[-81.48932,31.34184],[-81.48972,31.34488],[-81.49334,31.34352],[-81.49185,31.34722],[-81.49553,31.34796],[-81.50397,31.35489],[-81.5175,31.35675],[-81.52592,31.36617],[-81.53499,31.36824],[-81.53646,31.37236],[-81.5354,31.37558],[-81.53709,31.3772],[-81.54244,31.37828],[-81.55098,31.37572],[-81.55144,31.37812],[-81.54544,31.38142],[-81.54621,31.38554],[-81.54932,31.38711],[-81.55912,31.3876],[-81.57758,31.39944],[-81.58013,31.40564],[-81.58352,31.40918],[-81.58896,31.41051],[-81.58676,31.41616],[-81.59342,31.41561],[-81.59707,31.4212],[-81.60513,31.4269]]]},"properties":{"NAME10":"McIntosh","NAMELSAD10":"McIntosh County","GEOID10":"13191"}},{"type":"Feature","geometry":{"type":"Polygon","coordinates":[[[-83.99625,31.62516],[-84.0127,31.6246],[-84.01251,31.63362],[-84.00307,31.63364],[-84.00288,31.64171],[-83.99347,31.64143],[-83.99338,31.65004],[-84.01841,31.65028],[-84.01602,31.65225],[-84.0154,31.66027],[-84.01248,31.66352],[-84.02206,31.68381],[-84.01966,31.69299],[-84.0245,31.70142],[-84.02563,31.71003],[-84.03288,31.71533],[-84.02917,31.71887],[-84.02039,31.72235],[-84.01273,31.73463],[-84.00783,31.73515],[-84.00775,31.74117],[-84.00474,31.74701],[-84.0035,31.7546],[-83.99911,31.75731],[-83.99302,31.75756],[-83.98639,31.76543],[-83.98662,31.76965],[-83.9943,31.77816],[-83.9916,31.78488],[-84.00096,31.7869],[-84.00804,31.79232],[-84.00904,31.79942],[-84.00711,31.80315],[-83.99351,31.8036],[-83.98816,31.80686],[-83.97689,31.80334],[-83.97647,31.80651],[-83.97982,31.80943],[-83.97996,31.81159],[-83.97265,31.82772],[-83.96735,31.83448],[-83.9588,31.83467],[-83.95726,31.83981],[-83.94963,31.8438],[-83.94749,31.84844],[-83.94501,31.84959],[-83.93944,31.84794],[-83.93736,31.84476],[-83.92854,31.84552],[-83.92427,31.8484],[-83.91311,31.847],[-83.90306,31.84204],[-83.89245,31.84128],[-83.8798,31.837],[-83.87209,31.83827],[-83.86878,31.83659],[-83.85804,31.83702],[-83.85659,31.83583],[-83.85549,31.83719],[-83.85532,31.81987],[-83.84556,31.81974],[-83.84548,31.83156],[-83.84391,31.8271],[-83.83526,31.82101],[-83.8355,31.81588],[-83.82968,31.81323],[-83.82785,31.8101],[-83.81693,31.81241],[-83.81155,31.80583],[-83.80483,31.80454],[-83.79901,31.80144],[-83.79948,31.76082],[-83.79731,31.76075],[-83.79713,31.75018],[-83.79685,31.62293],[-83.71878,31.62203],[-83.71613,31.61984],[-83.70668,31.61921],[-83.70251,31.608],[-83.69887,31.60284],[-83.69783,31.60462],[-83.6957,31.60418],[-83.68994,31.59803],[-83.68404,31.59679],[-83.68198,31.60049],[-83.67754,31.60087],[-83.67373,31.59544],[-83.66986,31.59499],[-83.66769,31.58588],[-83.67266,31.58172],[-83.67299,31.57735],[-83.67141,31.57184],[-83.66737,31.56769],[-83.66248,31.5655],[-83.65957,31.56688],[-83.65904,31.56899],[-83.65408,31.57107],[-83.64939,31.56798],[-83.65063,31.48474],[-83.66578,31.48514],[-83.66643,31.45253],[-83.66666,31.43418],[-83.65177,31.43392],[-83.65409,31.33067],[-83.71387,31.33166],[-83.71414,31.31837],[-83.72027,31.31842],[-83.75894,31.31896],[-83.75909,31.33223],[-83.99943,31.33497],[-83.99768,31.46278],[-83.98259,31.46268],[-83.98242,31.4735],[-83.98243,31.47582],[-83.99747,31.47602],[-83.99667,31.55167],[-83.98168,31.55162],[-83.98161,31.56333],[-83.99657,31.56352],[-83.99625,31.62516]]]},"properties":{"NAME10":"Worth","NAMELSAD10":"Worth County","GEOID10":"13321"}},{"type":"Feature","geometry":{"type":"Polygon","coordinates":[[[-84.10899,33.26601],[-84.089,33.28565],[-84.09145,33.28651],[-84.09301,33.28993],[-84.09698,33.29167],[-84.09714,33.29383],[-84.10251,33.2981],[-84.10244,33.3021],[-84.0886,33.30195],[-84.08615,33.29764],[-84.08024,33.30188],[-84.07335,33.30182],[-84.073,33.31762],[-84.06354,33.31762],[-84.0636,33.30981],[-84.06127,33.30959],[-84.05371,33.31775],[-84.05365,33.32956],[-84.04591,33.32956],[-84.0458,33.33132],[-84.04266,33.33133],[-84.04267,33.33351],[-84.0446,33.3335],[-84.04453,33.3372],[-84.04267,33.33655],[-84.04254,33.34112],[-84.033,33.3428],[-84.03269,33.36165],[-84.02444,33.36129],[-84.02484,33.35727],[-84.02101,33.35694],[-84.01303,33.36007],[-84.00761,33.36835],[-83.98602,33.36748],[-83.97872,33.37201],[-83.97692,33.37475],[-83.96438,33.37516],[-83.96354,33.37841],[-83.96733,33.38031],[-83.966,33.38513],[-83.97322,33.3852],[-83.97313,33.40756],[-83.96311,33.40759],[-83.96311,33.41919],[-83.95403,33.41925],[-83.95403,33.42523],[-83.94352,33.4253],[-83.9435,33.44179],[-83.93326,33.44159],[-83.9326,33.44452],[-83.92392,33.4442],[-83.91884,33.43887],[-83.91969,33.43434],[-83.91501,33.43607],[-83.91617,33.43336],[-83.91422,33.43044],[-83.91521,33.42728],[-83.91046,33.4259],[-83.91252,33.41776],[-83.90829,33.41784],[-83.90519,33.41289],[-83.89541,33.40795],[-83.89455,33.39582],[-83.88673,33.39162],[-83.87878,33.3898],[-83.87764,33.38368],[-83.87329,33.37804],[-83.86425,33.37697],[-83.8666,33.37261],[-83.86127,33.36532],[-83.86199,33.35905],[-83.8571,33.3538],[-83.863,33.34159],[-83.85785,33.33898],[-83.85453,33.33522],[-83.84642,33.3329],[-83.83987,33.32822],[-83.83964,33.32416],[-83.84271,33.31806],[-83.83727,33.31234],[-83.83745,33.30762],[-83.83002,33.30123],[-83.8274,33.2925],[-83.82882,33.28627],[-83.83267,33.28305],[-83.83234,33.27228],[-83.82859,33.26638],[-83.82495,33.26451],[-83.82353,33.25779],[-83.8202,33.25318],[-83.81342,33.24859],[-83.81419,33.2419],[-83.82181,33.22871],[-83.8237,33.22176],[-83.83442,33.21058],[-83.83286,33.20927],[-83.82923,33.21066],[-83.82485,33.20969],[-83.82436,33.20554],[-83.82108,33.20181],[-83.81201,33.19878],[-83.81308,33.19644],[-83.81695,33.19589],[-83.81665,33.19414],[-83.81346,33.1929],[-83.80842,33.19398],[-83.80735,33.19216],[-83.81693,33.18652],[-83.82221,33.18023],[-83.83261,33.18466],[-83.84249,33.19673],[-83.84604,33.19718],[-83.85253,33.19484],[-83.85939,33.20059],[-83.86575,33.20022],[-83.86872,33.202],[-84.12377,33.20283],[-84.123,33.24452],[-84.11813,33.24443],[-84.11812,33.24874],[-84.12268,33.24881],[-84.12263,33.25267],[-84.10899,33.26601]]]},"properties":{"NAME10":"Butts","NAMELSAD10":"Butts County","GEOID10":"13035"}},{"type":"Feature","geometry":{"type":"Polygon","coordinates":[[[-83.8246,33.26362],[-83.82859,33.26638],[-83.83243,33.27254],[-83.83267,33.28305],[-83.82882,33.28627],[-83.8274,33.2925],[-83.83002,33.30123],[-83.83745,33.30762],[-83.83727,33.31234],[-83.84271,33.31806],[-83.83964,33.32416],[-83.83987,33.32822],[-83.84642,33.3329],[-83.85453,33.33522],[-83.86337,33.34232],[-83.8571,33.3538],[-83.86199,33.35905],[-83.86108,33.36448],[-83.86306,33.36828],[-83.85395,33.36725],[-83.85692,33.37189],[-83.84741,33.3745],[-83.84629,33.37979],[-83.83825,33.3896],[-83.83103,33.39347],[-83.84254,33.40259],[-83.84375,33.40493],[-83.83698,33.40505],[-83.83689,33.40789],[-83.84503,33.40776],[-83.84521,33.41473],[-83.82816,33.41504],[-83.83088,33.42153],[-83.8287,33.42244],[-83.82837,33.42613],[-83.82348,33.43339],[-83.82505,33.43684],[-83.82413,33.43787],[-83.8122,33.43466],[-83.80839,33.43634],[-83.80738,33.44084],[-83.77128,33.4525],[-83.73669,33.48087],[-83.70475,33.48852],[-83.71228,33.4951],[-83.70528,33.5009],[-83.70322,33.49795],[-83.70103,33.49831],[-83.69711,33.49483],[-83.68778,33.48322],[-83.67842,33.48365],[-83.67465,33.48723],[-83.68311,33.49444],[-83.68659,33.50628],[-83.68595,33.50851],[-83.68815,33.51072],[-83.6822,33.52623],[-83.59994,33.47366],[-83.53374,33.43448],[-83.53781,33.39381],[-83.53673,33.37414],[-83.53935,33.35332],[-83.54588,33.17195],[-83.81605,33.13182],[-83.81707,33.14394],[-83.81398,33.14826],[-83.82362,33.15943],[-83.8246,33.17621],[-83.81794,33.1856],[-83.80775,33.19159],[-83.80736,33.19341],[-83.81585,33.19356],[-83.81712,33.19572],[-83.81269,33.19673],[-83.81261,33.19942],[-83.82059,33.2014],[-83.82394,33.20473],[-83.82575,33.21028],[-83.83286,33.20927],[-83.83442,33.21058],[-83.8237,33.22176],[-83.82181,33.22871],[-83.81341,33.24546],[-83.81356,33.24877],[-83.82007,33.25304],[-83.82353,33.25779],[-83.8246,33.26362]]]},"properties":{"NAME10":"Jasper","NAMELSAD10":"Jasper County","GEOID10":"13159"}},{"type":"Feature","geometry":{"type":"MultiPolygon","coordinates":[[[[-84.21925,32.29134],[-84.21922,32.29506],[-84.25592,32.29616],[-84.25432,32.39558],[-84.2482,32.40068],[-84.24285,32.40104],[-84.23981,32.39909],[-84.2368,32.40132],[-84.23154,32.40017],[-84.19792,32.40086],[-84.12235,32.50593],[-84.11133,32.50573],[-84.11123,32.51413],[-84.07232,32.51419],[-84.07216,32.52191],[-84.05331,32.52203],[-84.05363,32.51331],[-84.03433,32.51348],[-84.03411,32.49746],[-84.01831,32.49696],[-84.01731,32.49886],[-84.01931,32.49946],[-84.02,32.50184],[-84.01872,32.50388],[-84.02199,32.5041],[-84.02193,32.50602],[-83.98743,32.5061],[-83.98729,32.51434],[-83.97121,32.51425],[-83.97112,32.50593],[-83.93248,32.5057],[-83.93222,32.51165],[-83.92337,32.51136],[-83.92425,32.50354],[-83.93113,32.48375],[-83.92302,32.48327],[-83.92284,32.49743],[-83.90051,32.49699],[-83.89658,32.49452],[-83.88648,32.49375],[-83.8775,32.48952],[-83.87209,32.47902],[-83.85325,32.47475],[-83.84938,32.47288],[-83.84668,32.46852],[-83.84621,32.43939],[-83.83668,32.43931],[-83.83672,32.41467],[-83.83704,32.3822],[-83.85654,32.38241],[-83.85659,32.35778],[-83.84683,32.35775],[-83.84838,32.29098],[-83.89515,32.29208],[-83.89783,32.28944],[-83.89775,32.28067],[-83.90788,32.27861],[-83.90902,32.27597],[-83.91484,32.27189],[-83.92325,32.26968],[-83.92887,32.26559],[-83.93153,32.26578],[-83.93408,32.26206],[-83.94486,32.25915],[-83.94774,32.25431],[-83.96174,32.25069],[-83.96513,32.24801],[-83.96557,32.24366],[-83.96874,32.24207],[-83.96829,32.23942],[-83.97549,32.23188],[-83.97589,32.22873],[-83.97887,32.22845],[-83.98381,32.221],[-83.98942,32.21697],[-83.99484,32.21564],[-83.99647,32.2121],[-84.00345,32.2057],[-84.01312,32.201],[-84.01399,32.1981],[-84.0158,32.19764],[-84.01503,32.19642],[-84.01813,32.1941],[-84.01797,32.19138],[-84.02152,32.18716],[-84.02074,32.18633],[-84.02939,32.18267],[-84.02894,32.18037],[-84.03115,32.17873],[-84.02624,32.17335],[-84.02766,32.17112],[-84.0312,32.17098],[-84.03255,32.17392],[-84.03967,32.17495],[-84.04078,32.17832],[-84.04368,32.17942],[-84.04381,32.18247],[-84.04791,32.18287],[-84.04921,32.18507],[-84.06001,32.18327],[-84.06881,32.18517],[-84.07381,32.18397],[-84.07691,32.18657],[-84.08121,32.18737],[-84.08431,32.19107],[-84.08891,32.19197],[-84.12778,32.18942],[-84.13474,32.1854],[-84.1341,32.22798],[-84.22015,32.23116],[-84.21925,32.29134]]],[[[-84.05331,32.52203],[-84.05296,32.53061],[-84.00337,32.52993],[-84.00056,32.52155],[-84.00439,32.52099],[-84.00726,32.52297],[-84.00849,32.52178],[-84.05331,32.52203]]]]},"properties":{"NAME10":"Macon","NAMELSAD10":"Macon County","GEOID10":"13193"}},{"type":"Feature","geometry":{"type":"Polygon","coordinates":[[[-84.93695,32.60767],[-85.08079,32.60808],[-85.08224,32.61627],[-85.08839,32.62099],[-85.09094,32.62574],[-85.08384,32.63194],[-85.08312,32.63617],[-85.09004,32.63404],[-85.09669,32.6362],[-85.09622,32.63484],[-85.10009,32.63458],[-85.0989,32.63694],[-85.10039,32.63712],[-85.10156,32.6404],[-85.10454,32.64102],[-85.10534,32.64354],[-85.09954,32.65114],[-85.08974,32.65564],[-85.08849,32.65776],[-85.09304,32.66444],[-85.09354,32.66974],[-85.10404,32.67964],[-85.11264,32.68344],[-85.11704,32.69204],[-85.12004,32.70654],[-85.11814,32.70944],[-85.12184,32.71264],[-85.12274,32.71604],[-85.12084,32.72294],[-85.11414,32.73044],[-85.11333,32.73576],[-85.11855,32.74082],[-85.12824,32.74224],[-85.13314,32.74464],[-85.13946,32.75184],[-85.14289,32.75947],[-85.14163,32.76417],[-85.13742,32.7672],[-85.13705,32.77092],[-85.13089,32.76957],[-85.12374,32.77204],[-85.12233,32.77439],[-85.12622,32.7792],[-85.1311,32.78032],[-85.1349,32.78447],[-85.13967,32.78516],[-85.14219,32.79214],[-85.14634,32.79157],[-85.15203,32.79419],[-85.16794,32.81162],[-85.16865,32.81425],[-85.16485,32.8198],[-85.16835,32.82852],[-85.16466,32.8348],[-85.16058,32.83825],[-85.15459,32.83981],[-85.15339,32.84487],[-85.15629,32.85053],[-85.16191,32.8564],[-85.16983,32.85252],[-85.17936,32.85528],[-85.1844,32.86132],[-85.18414,32.87053],[-85.10883,32.87024],[-85.10868,32.86666],[-85.09942,32.86665],[-85.09947,32.87016],[-84.86186,32.86862],[-84.86183,32.8725],[-84.8477,32.87244],[-84.84759,32.86838],[-84.84107,32.86813],[-84.76788,32.86772],[-84.76776,32.86894],[-84.75134,32.86921],[-84.75147,32.86271],[-84.70054,32.84465],[-84.69243,32.8294],[-84.69306,32.73882],[-84.68792,32.73876],[-84.68805,32.73037],[-84.68288,32.73036],[-84.6829,32.72276],[-84.69325,32.72264],[-84.69343,32.70811],[-84.69967,32.70825],[-84.69965,32.70094],[-84.7032,32.70072],[-84.70317,32.6862],[-84.69383,32.68567],[-84.69461,32.58395],[-84.90789,32.58344],[-84.90771,32.60761],[-84.93695,32.60767]]]},"properties":{"NAME10":"Harris","NAMELSAD10":"Harris County","GEOID10":"13145"}},{"type":"Feature","geometry":{"type":"Polygon","coordinates":[[[-83.64954,31.55469],[-83.64898,31.59647],[-83.61876,31.59634],[-83.60469,31.59792],[-83.58885,31.59518],[-83.57477,31.59679],[-83.50071,31.594],[-83.50095,31.57012],[-83.47083,31.5694],[-83.47093,31.55596],[-83.4207,31.55357],[-83.41249,31.54809],[-83.4048,31.54118],[-83.40211,31.5341],[-83.39726,31.53163],[-83.39775,31.52862],[-83.39456,31.51815],[-83.38653,31.51078],[-83.38423,31.49209],[-83.38168,31.4865],[-83.37799,31.48466],[-83.37663,31.48205],[-83.37285,31.48223],[-83.37058,31.48454],[-83.36408,31.48495],[-83.34873,31.47672],[-83.33873,31.476],[-83.33919,31.46507],[-83.36952,31.46506],[-83.37089,31.40115],[-83.3848,31.40103],[-83.385,31.38877],[-83.39951,31.38932],[-83.39993,31.37643],[-83.4152,31.37587],[-83.41533,31.36319],[-83.4299,31.36391],[-83.43023,31.35067],[-83.44487,31.34964],[-83.44552,31.33603],[-83.46042,31.33309],[-83.46065,31.32627],[-83.65409,31.33067],[-83.65177,31.43392],[-83.66666,31.43418],[-83.66578,31.48514],[-83.65063,31.48474],[-83.64954,31.55469]]]},"properties":{"NAME10":"Tift","NAMELSAD10":"Tift County","GEOID10":"13277"}},{"type":"Feature","geometry":{"type":"Polygon","coordinates":[[[-82.73077,31.88269],[-82.72647,31.88189],[-82.72107,31.88699],[-82.71727,31.88579],[-82.71537,31.88909],[-82.71027,31.88929],[-82.70707,31.89329],[-82.70617,31.89839],[-82.70196,31.89919],[-82.69986,31.90359],[-82.69676,31.90259],[-82.69466,31.89809],[-82.68926,31.90159],[-82.68856,31.90469],[-82.68576,31.90579],[-82.68426,31.90869],[-82.67726,31.90989],[-82.67626,31.91319],[-82.67886,31.91619],[-82.68236,31.91629],[-82.68236,31.92049],[-82.67526,31.91979],[-82.66806,31.92148],[-82.66126,31.91989],[-82.65806,31.92369],[-82.65606,31.92049],[-82.65116,31.92089],[-82.65136,31.91699],[-82.64856,31.91649],[-82.63506,31.92509],[-82.63096,31.92559],[-82.62876,31.92329],[-82.62418,31.92359],[-82.62216,31.92919],[-82.61986,31.92709],[-82.61456,31.92669],[-82.60246,31.93809],[-82.59936,31.93749],[-82.59646,31.93199],[-82.59476,31.93159],[-82.59296,31.93629],[-82.5872,31.93567],[-82.58546,31.94009],[-82.58096,31.94149],[-82.57586,31.94939],[-82.56336,31.95759],[-82.55656,31.95519],[-82.55526,31.95929],[-82.54516,31.95539],[-82.54461,31.95874],[-82.5373,31.95724],[-82.5331,31.96136],[-82.52835,31.95892],[-82.5165,31.9577],[-82.50308,31.9499],[-82.49232,31.94862],[-82.4844,31.95127],[-82.47991,31.95579],[-82.48221,31.95811],[-82.48769,31.95732],[-82.49279,31.95911],[-82.49913,31.95721],[-82.4996,31.9602],[-82.49759,31.96405],[-82.49188,31.96855],[-82.48452,31.96848],[-82.47848,31.9717],[-82.45756,31.9638],[-82.44445,31.9675],[-82.43153,31.96619],[-82.43046,31.93875],[-82.43137,31.838],[-82.52025,31.83839],[-82.52016,31.7492],[-82.55069,31.74912],[-82.55072,31.73634],[-82.52057,31.73621],[-82.5214,31.67252],[-82.83664,31.6714],[-82.83637,31.81616],[-82.83013,31.81835],[-82.82692,31.81726],[-82.82494,31.81971],[-82.8249,31.81772],[-82.82795,31.81501],[-82.82469,31.81349],[-82.82038,31.81676],[-82.81933,31.81977],[-82.81439,31.8186],[-82.8074,31.82362],[-82.80969,31.82584],[-82.80945,31.82777],[-82.80483,31.83144],[-82.80273,31.82873],[-82.79581,31.8351],[-82.7916,31.83395],[-82.78473,31.83855],[-82.78514,31.84175],[-82.79017,31.84371],[-82.79194,31.84674],[-82.79055,31.85325],[-82.78203,31.85237],[-82.78058,31.85646],[-82.77587,31.85853],[-82.7769,31.86167],[-82.77573,31.86262],[-82.77278,31.86168],[-82.77299,31.85782],[-82.76967,31.85542],[-82.76799,31.85696],[-82.77018,31.86009],[-82.76866,31.86154],[-82.76256,31.86043],[-82.76227,31.85773],[-82.75733,31.85691],[-82.75337,31.86082],[-82.75404,31.86582],[-82.74977,31.87059],[-82.74197,31.87679],[-82.73227,31.88039],[-82.73077,31.88269]]]},"properties":{"NAME10":"Jeff Davis","NAMELSAD10":"Jeff Davis County","GEOID10":"13161"}},{"type":"Feature","geometry":{"type":"Polygon","coordinates":[[[-83.42196,34.55897],[-83.36505,34.67531],[-83.33824,34.68719],[-83.34262,34.683],[-83.34053,34.68074],[-83.32901,34.68114],[-83.31944,34.67598],[-83.3164,34.66932],[-83.30464,34.66957],[-83.30148,34.66659],[-83.30085,34.66248],[-83.29319,34.6543],[-83.28079,34.649],[-83.27796,34.64486],[-83.27199,34.6419],[-83.26259,34.6404],[-83.25388,34.6367],[-83.24828,34.6317],[-83.24648,34.6269],[-83.24067,34.62451],[-83.24338,34.618],[-83.23258,34.6116],[-83.22229,34.60948],[-83.21641,34.61102],[-83.20379,34.60961],[-83.19778,34.6071],[-83.19688,34.6031],[-83.18528,34.607],[-83.17258,34.6078],[-83.15968,34.6033],[-83.16058,34.5995],[-83.16508,34.6009],[-83.17098,34.5981],[-83.16968,34.5917],[-83.15458,34.5882],[-83.15908,34.58151],[-83.15898,34.57931],[-83.15258,34.57831],[-83.14318,34.57341],[-83.13988,34.56801],[-83.13988,34.56181],[-83.13338,34.55951],[-83.12718,34.56201],[-83.12291,34.56012],[-83.12206,34.55803],[-83.12424,34.55561],[-83.12347,34.55331],[-83.11428,34.55083],[-83.11068,34.54786],[-83.10924,34.54218],[-83.10512,34.54105],[-83.10345,34.53863],[-83.10368,34.53662],[-83.17784,34.47702],[-83.37306,34.47022],[-83.3984,34.46089],[-83.40912,34.46452],[-83.41375,34.46808],[-83.45977,34.48115],[-83.42196,34.55897]]]},"properties":{"NAME10":"Stephens","NAMELSAD10":"Stephens County","GEOID10":"13257"}},{"type":"Feature","geometry":{"type":"Polygon","coordinates":[[[-83.9184,31.04051],[-84.00388,31.04159],[-84.0032,31.10235],[-84.01385,31.10244],[-84.01374,31.11185],[-84.00298,31.1119],[-83.99943,31.33497],[-83.75909,31.33223],[-83.75894,31.31896],[-83.75558,31.3189],[-83.71414,31.31837],[-83.71387,31.33166],[-83.51261,31.32741],[-83.51389,31.32098],[-83.51274,31.31414],[-83.51464,31.31064],[-83.51527,31.30153],[-83.51058,31.29426],[-83.5111,31.28529],[-83.50644,31.28002],[-83.50742,31.27601],[-83.50557,31.26901],[-83.50774,31.26103],[-83.50539,31.25965],[-83.50785,31.25784],[-83.50757,31.252],[-83.50975,31.2513],[-83.50899,31.2493],[-83.51204,31.24563],[-83.51104,31.24185],[-83.51373,31.23395],[-83.51348,31.22849],[-83.50946,31.22633],[-83.51122,31.22508],[-83.5092,31.22501],[-83.50992,31.22331],[-83.50807,31.22213],[-83.51111,31.21631],[-83.51015,31.21567],[-83.51259,31.21606],[-83.5095,31.20951],[-83.50981,31.20619],[-83.52008,31.1995],[-83.52066,31.19736],[-83.51934,31.19614],[-83.52163,31.1945],[-83.52142,31.19282],[-83.52376,31.1922],[-83.52381,31.19041],[-83.52607,31.19124],[-83.52574,31.18977],[-83.52725,31.18932],[-83.52627,31.1865],[-83.52866,31.18334],[-83.53048,31.18356],[-83.53222,31.18073],[-83.53721,31.18156],[-83.54055,31.17919],[-83.54134,31.1731],[-83.54338,31.17043],[-83.54193,31.17036],[-83.54336,31.14825],[-83.54985,31.14656],[-83.5504,31.14756],[-83.55175,31.1448],[-83.55592,31.14452],[-83.55459,31.14182],[-83.55607,31.14173],[-83.55692,31.13892],[-83.55718,31.12767],[-83.55868,31.12673],[-83.55509,31.12199],[-83.55815,31.12263],[-83.55959,31.11756],[-83.55733,31.11051],[-83.55946,31.11054],[-83.55848,31.10908],[-83.56198,31.10313],[-83.56325,31.10418],[-83.56278,31.10179],[-83.5675,31.10075],[-83.56946,31.09792],[-83.56684,31.09839],[-83.56762,31.09549],[-83.56902,31.09541],[-83.56764,31.09509],[-83.56904,31.09394],[-83.56716,31.09156],[-83.56823,31.08836],[-83.57674,31.08442],[-83.57396,31.08033],[-83.57706,31.08028],[-83.57486,31.07814],[-83.57396,31.03388],[-83.78083,31.03851],[-83.78115,31.02585],[-83.79607,31.02601],[-83.79573,31.03874],[-83.9184,31.04051]]]},"properties":{"NAME10":"Colquitt","NAMELSAD10":"Colquitt County","GEOID10":"13071"}},{"type":"Feature","geometry":{"type":"Polygon","coordinates":[[[-82.64858,32.46724],[-82.64089,32.48518],[-82.63313,32.49104],[-82.63555,32.49607],[-82.63973,32.49605],[-82.64768,32.4995],[-82.65283,32.50321],[-82.65419,32.50609],[-82.65715,32.50709],[-82.64774,32.51251],[-82.63778,32.5086],[-82.61865,32.50497],[-82.586,32.50669],[-82.56305,32.50571],[-82.5542,32.50047],[-82.53453,32.49716],[-82.51707,32.4996],[-82.49932,32.49831],[-82.49405,32.49589],[-82.49055,32.49651],[-82.48922,32.492],[-82.4827,32.4921],[-82.47413,32.48877],[-82.4748,32.48721],[-82.47159,32.4854],[-82.47201,32.48374],[-82.464,32.47862],[-82.46105,32.47833],[-82.45732,32.47533],[-82.45011,32.47467],[-82.4461,32.4704],[-82.44164,32.47082],[-82.43095,32.46621],[-82.42048,32.45715],[-82.39784,32.45182],[-82.39578,32.44898],[-82.3922,32.44803],[-82.38992,32.44264],[-82.38562,32.44023],[-82.38194,32.4406],[-82.39423,32.41263],[-82.39429,32.39177],[-82.39694,32.38641],[-82.40553,32.37738],[-82.41111,32.36563],[-82.41117,32.35892],[-82.40913,32.35374],[-82.64911,32.3115],[-82.64974,32.30786],[-82.65581,32.3015],[-82.65549,32.29757],[-82.65756,32.3027],[-82.66145,32.30048],[-82.66835,32.3043],[-82.66763,32.30024],[-82.66309,32.29778],[-82.66696,32.29479],[-82.67377,32.2936],[-82.67617,32.29565],[-82.67954,32.29585],[-82.69375,32.29459],[-82.70224,32.29883],[-82.70844,32.29864],[-82.70498,32.30173],[-82.71094,32.30582],[-82.71343,32.31025],[-82.71498,32.30955],[-82.71342,32.30596],[-82.71469,32.30532],[-82.71987,32.30587],[-82.72275,32.31082],[-82.72522,32.30871],[-82.73002,32.31065],[-82.73033,32.31196],[-82.72515,32.31566],[-82.72878,32.31526],[-82.73573,32.31958],[-82.735,32.32108],[-82.73091,32.32005],[-82.73273,32.32059],[-82.73291,32.32386],[-82.73689,32.32263],[-82.7398,32.32713],[-82.7393,32.3307],[-82.74188,32.33064],[-82.74276,32.32676],[-82.74347,32.32884],[-82.74875,32.32952],[-82.74504,32.33324],[-82.74167,32.33421],[-82.7455,32.33681],[-82.74421,32.34154],[-82.74229,32.34172],[-82.74232,32.33848],[-82.7393,32.33756],[-82.73714,32.33804],[-82.73384,32.34208],[-82.72761,32.35563],[-82.73187,32.35672],[-82.72798,32.35978],[-82.73079,32.36269],[-82.72515,32.36214],[-82.72256,32.3644],[-82.72308,32.37039],[-82.71703,32.37259],[-82.72051,32.37636],[-82.71518,32.38665],[-82.71614,32.39284],[-82.71242,32.39135],[-82.70737,32.39357],[-82.70244,32.39833],[-82.70106,32.40414],[-82.69762,32.40718],[-82.70007,32.41419],[-82.69721,32.41806],[-82.69975,32.42063],[-82.70159,32.42804],[-82.70058,32.42988],[-82.70218,32.43158],[-82.69035,32.44378],[-82.69462,32.45038],[-82.69396,32.45415],[-82.6899,32.4546],[-82.68858,32.45849],[-82.68563,32.46051],[-82.67281,32.46269],[-82.66318,32.46007],[-82.64858,32.46724]]]},"properties":{"NAME10":"Treutlen","NAMELSAD10":"Treutlen County","GEOID10":"13283"}},{"type":"Feature","geometry":{"type":"Polygon","coordinates":[[[-82.44998,33.34051],[-82.46565,33.3402],[-82.46863,33.34167],[-82.47416,33.33942],[-82.48704,33.3399],[-82.49064,33.33815],[-82.49854,33.33773],[-82.50113,33.34291],[-82.51084,33.34209],[-82.51839,33.3489],[-82.5249,33.35041],[-82.5267,33.35389],[-82.53578,33.35747],[-82.54483,33.35183],[-82.54807,33.35279],[-82.54938,33.35775],[-82.54432,33.37473],[-82.55362,33.41581],[-82.58457,33.44966],[-82.63891,33.58231],[-82.64165,33.59223],[-82.64971,33.60877],[-82.64298,33.60702],[-82.6422,33.61078],[-82.6454,33.6158],[-82.64336,33.61809],[-82.6332,33.61105],[-82.62669,33.61131],[-82.62244,33.61341],[-82.61713,33.61212],[-82.62424,33.62072],[-82.62063,33.62479],[-82.61671,33.62485],[-82.61492,33.62776],[-82.61834,33.63127],[-82.61416,33.634],[-82.61134,33.63345],[-82.61012,33.62725],[-82.60689,33.6257],[-82.60602,33.62699],[-82.60811,33.63391],[-82.60594,33.63523],[-82.60102,33.63427],[-82.59503,33.63782],[-82.59153,33.63635],[-82.58876,33.64214],[-82.58669,33.6405],[-82.58591,33.6352],[-82.58046,33.63289],[-82.5766,33.63759],[-82.58255,33.6381],[-82.58448,33.64005],[-82.58409,33.64893],[-82.5822,33.65198],[-82.58068,33.6513],[-82.57793,33.64401],[-82.57229,33.63874],[-82.56867,33.64306],[-82.56948,33.64592],[-82.56204,33.64454],[-82.55854,33.63542],[-82.55647,33.63388],[-82.55759,33.63712],[-82.55567,33.64269],[-82.54356,33.63861],[-82.53832,33.64142],[-82.53673,33.64944],[-82.52673,33.64491],[-82.52104,33.64545],[-82.51906,33.647],[-82.51845,33.65324],[-82.50913,33.65998],[-82.505,33.65914],[-82.50514,33.65494],[-82.50702,33.65383],[-82.50529,33.65133],[-82.50022,33.65458],[-82.48981,33.64958],[-82.48676,33.64754],[-82.48658,33.64247],[-82.48073,33.63901],[-82.47756,33.64101],[-82.47697,33.64429],[-82.4686,33.63802],[-82.46382,33.64005],[-82.45926,33.63699],[-82.45683,33.64295],[-82.4506,33.64603],[-82.4517,33.6496],[-82.45072,33.65064],[-82.4432,33.65002],[-82.44013,33.65297],[-82.43642,33.65174],[-82.43386,33.65523],[-82.43092,33.65508],[-82.42827,33.6507],[-82.42533,33.65064],[-82.42496,33.6473],[-82.43496,33.64155],[-82.43804,33.64155],[-82.44167,33.63835],[-82.4404,33.63564],[-82.44273,33.63068],[-82.43736,33.62823],[-82.43034,33.61867],[-82.43222,33.61812],[-82.43011,33.61447],[-82.43299,33.60815],[-82.42907,33.60648],[-82.42112,33.59869],[-82.4127,33.5976],[-82.41352,33.58781],[-82.41745,33.58504],[-82.4237,33.57513],[-82.43423,33.56707],[-82.43682,33.54966],[-82.39325,33.53309],[-82.39123,33.53619],[-82.38493,33.52996],[-82.39234,33.52512],[-82.39885,33.51785],[-82.40243,33.51634],[-82.39821,33.50009],[-82.39913,33.49254],[-82.38351,33.47815],[-82.3823,33.47076],[-82.38477,33.46729],[-82.37478,33.45543],[-82.36419,33.45069],[-82.34622,33.42646],[-82.33856,33.42238],[-82.33529,33.41874],[-82.33625,33.41287],[-82.34058,33.40666],[-82.33922,33.40225],[-82.3312,33.39845],[-82.32908,33.39224],[-82.32348,33.3865],[-82.32296,33.38118],[-82.3123,33.37488],[-82.3096,33.36557],[-82.29418,33.35464],[-82.35491,33.31199],[-82.37198,33.31089],[-82.39879,33.31399],[-82.40302,33.3181],[-82.40777,33.3181],[-82.41108,33.31993],[-82.41194,33.32417],[-82.41762,33.32771],[-82.4176,33.33244],[-82.42533,33.33012],[-82.43175,33.33376],[-82.43481,33.33278],[-82.43703,33.33645],[-82.44784,33.33713],[-82.44998,33.34051]]]},"properties":{"NAME10":"McDuffie","NAMELSAD10":"McDuffie County","GEOID10":"13189"}},{"type":"Feature","geometry":{"type":"Polygon","coordinates":[[[-84.18745,33.64618],[-84.22396,33.64658],[-84.22424,33.63066],[-84.24546,33.63074],[-84.24578,33.64693],[-84.35023,33.64791],[-84.34753,33.96781],[-84.34581,33.96583],[-84.33682,33.97092],[-84.3133,33.96541],[-84.30061,33.95943],[-84.29411,33.95973],[-84.2805,33.95603],[-84.27683,33.95771],[-84.27573,33.95421],[-84.27193,33.95591],[-84.26631,33.94758],[-84.27222,33.94486],[-84.25983,33.91891],[-84.25603,33.91441],[-84.23222,33.90201],[-84.21632,33.88421],[-84.20472,33.87701],[-84.20352,33.87301],[-84.19629,33.87099],[-84.18701,33.86552],[-84.17942,33.86441],[-84.17214,33.85752],[-84.15662,33.85231],[-84.14834,33.84257],[-84.13486,33.83526],[-84.13272,33.83051],[-84.11342,33.80751],[-84.09792,33.79951],[-84.07592,33.77751],[-84.07052,33.77481],[-84.05821,33.77277],[-84.05212,33.76671],[-84.04332,33.76231],[-84.04032,33.75771],[-84.02372,33.75281],[-84.05662,33.72661],[-84.1158,33.61467],[-84.117,33.61721],[-84.11553,33.6189],[-84.11883,33.62219],[-84.12351,33.62367],[-84.12384,33.62561],[-84.12802,33.62677],[-84.12922,33.63138],[-84.14049,33.63148],[-84.14112,33.63412],[-84.13832,33.63768],[-84.14387,33.63633],[-84.15116,33.63878],[-84.15447,33.64575],[-84.15862,33.64449],[-84.16159,33.63776],[-84.17313,33.64098],[-84.17018,33.64591],[-84.18745,33.64618]]]},"properties":{"NAME10":"DeKalb","NAMELSAD10":"DeKalb County","GEOID10":"13089"}},{"type":"Feature","geometry":{"type":"Polygon","coordinates":[[[-85.24135,34.41552],[-85.22244,34.41554],[-85.22231,34.42081],[-85.21457,34.42281],[-85.21508,34.42959],[-85.2047,34.42934],[-85.20279,34.43154],[-85.18055,34.436],[-85.17718,34.44504],[-85.17009,34.45466],[-85.16286,34.47233],[-85.15914,34.48927],[-85.15225,34.50139],[-85.14765,34.51499],[-85.12465,34.55089],[-85.10775,34.58749],[-85.06916,34.58719],[-85.0693,34.57504],[-85.06417,34.57489],[-85.06351,34.54255],[-85.09,34.54192],[-85.09007,34.46353],[-85.11141,34.46339],[-85.11233,34.46194],[-85.10224,34.45309],[-85.09984,34.44896],[-85.10188,34.44439],[-85.09439,34.44009],[-85.09569,34.43799],[-85.09223,34.43361],[-85.09325,34.43243],[-85.08832,34.42724],[-85.09022,34.42624],[-85.08872,34.42503],[-85.10107,34.42094],[-85.10688,34.41614],[-85.10778,34.41095],[-85.10382,34.40406],[-85.08677,34.40127],[-85.03171,34.40136],[-85.03172,34.39966],[-85.02688,34.39965],[-85.02704,34.394],[-85.02389,34.39179],[-85.00578,34.39245],[-85.00524,34.34709],[-85.02311,34.34712],[-85.0239,34.2583],[-85.01553,34.25821],[-85.01561,34.25114],[-85.02395,34.25121],[-85.02382,34.21339],[-85.04466,34.21363],[-85.04688,34.09642],[-85.12196,34.09676],[-85.12248,34.08315],[-85.15753,34.08347],[-85.15737,34.09727],[-85.21004,34.09763],[-85.21004,34.10032],[-85.25763,34.10067],[-85.25807,34.07914],[-85.42186,34.08083],[-85.42947,34.1251],[-85.46221,34.28639],[-85.38736,34.2861],[-85.37882,34.29622],[-85.37896,34.2988],[-85.3824,34.30091],[-85.38282,34.30329],[-85.37711,34.31149],[-85.37285,34.32261],[-85.36929,34.32637],[-85.3632,34.33903],[-85.36063,34.33942],[-85.3537,34.3461],[-85.33594,34.36891],[-85.29947,34.38471],[-85.28022,34.38955],[-85.27391,34.39379],[-85.26639,34.39522],[-85.26366,34.39866],[-85.25927,34.39899],[-85.25222,34.40262],[-85.24921,34.40174],[-85.24909,34.4082],[-85.24145,34.40827],[-85.24135,34.41552]]]},"properties":{"NAME10":"Floyd","NAMELSAD10":"Floyd County","GEOID10":"13115"}},{"type":"Feature","geometry":{"type":"Polygon","coordinates":[[[-83.29991,33.47986],[-83.27989,33.48345],[-83.27777,33.46888],[-83.27487,33.46412],[-83.25743,33.45647],[-83.25701,33.45083],[-83.26113,33.44881],[-83.26306,33.44395],[-83.25291,33.43475],[-83.24856,33.42902],[-83.2466,33.42321],[-83.2397,33.41916],[-83.24388,33.39868],[-83.24103,33.3984],[-83.23549,33.40232],[-83.23028,33.40252],[-83.22606,33.40459],[-83.21707,33.40285],[-83.21267,33.4004],[-83.21525,33.39601],[-83.22035,33.39384],[-83.21949,33.39129],[-83.22431,33.3854],[-83.22432,33.38009],[-83.21478,33.38059],[-83.21325,33.38327],[-83.21445,33.3849],[-83.21202,33.38784],[-83.20806,33.38714],[-83.20288,33.38877],[-83.19676,33.39593],[-83.1879,33.39249],[-83.18687,33.38927],[-83.18798,33.3868],[-83.18502,33.38354],[-83.17776,33.38219],[-83.17835,33.37813],[-83.17327,33.37537],[-83.17334,33.37341],[-83.16972,33.37039],[-83.17002,33.36518],[-83.16684,33.36244],[-83.16466,33.35538],[-83.16015,33.35095],[-83.15273,33.34812],[-83.14896,33.34261],[-83.14412,33.33987],[-83.14353,33.33475],[-83.15052,33.32192],[-83.14578,33.31209],[-83.14649,33.30906],[-83.17051,33.30143],[-83.17531,33.29829],[-83.17845,33.29205],[-83.19951,33.28526],[-83.20399,33.27911],[-83.20903,33.27884],[-83.21318,33.28209],[-83.22041,33.27795],[-83.22908,33.27686],[-83.22982,33.27473],[-83.22444,33.26684],[-83.22947,33.2563],[-83.23904,33.26261],[-83.25346,33.2593],[-83.2554,33.25454],[-83.25559,33.24649],[-83.2524,33.23806],[-83.25264,33.23428],[-83.25604,33.23107],[-83.25951,33.22304],[-83.25936,33.21771],[-83.26254,33.20834],[-83.27378,33.20127],[-83.27522,33.19133],[-83.27411,33.18724],[-83.29111,33.19041],[-83.29716,33.18769],[-83.3038,33.18077],[-83.31578,33.18111],[-83.31867,33.18337],[-83.31894,33.17999],[-83.31523,33.17586],[-83.31857,33.16929],[-83.32024,33.16953],[-83.32301,33.1737],[-83.32826,33.17514],[-83.32969,33.17336],[-83.32722,33.17069],[-83.33008,33.16761],[-83.33949,33.17236],[-83.34227,33.17225],[-83.34155,33.16977],[-83.34425,33.17034],[-83.35441,33.17978],[-83.35777,33.17834],[-83.36309,33.18018],[-83.36178,33.17099],[-83.36355,33.169],[-83.36859,33.1728],[-83.37426,33.17197],[-83.3753,33.17671],[-83.38074,33.17606],[-83.38753,33.18098],[-83.38808,33.1856],[-83.39147,33.18352],[-83.4023,33.182],[-83.40645,33.18527],[-83.41168,33.17915],[-83.4173,33.17904],[-83.41796,33.17732],[-83.42935,33.18557],[-83.43566,33.18318],[-83.43685,33.18584],[-83.54588,33.17195],[-83.53935,33.35332],[-83.53673,33.37414],[-83.53781,33.39381],[-83.53374,33.43448],[-83.40382,33.461],[-83.29991,33.47986]]]},"properties":{"NAME10":"Putnam","NAMELSAD10":"Putnam County","GEOID10":"13237"}},{"type":"Feature","geometry":{"type":"Polygon","coordinates":[[[-84.30521,31.69102],[-84.29565,31.69099],[-84.29781,31.62196],[-84.54686,31.6212],[-84.54464,31.62329],[-84.5453,31.62651],[-84.54367,31.62652],[-84.542,31.63456],[-84.5386,31.63803],[-84.53986,31.64012],[-84.53612,31.6461],[-84.53876,31.65641],[-84.53734,31.66019],[-84.54022,31.66614],[-84.53786,31.66775],[-84.53736,31.67381],[-84.5387,31.67419],[-84.53517,31.67663],[-84.5351,31.67903],[-84.53781,31.68596],[-84.54065,31.68895],[-84.54031,31.69264],[-84.54475,31.69734],[-84.54398,31.69819],[-84.54729,31.70447],[-84.54688,31.71243],[-84.55498,31.72114],[-84.55689,31.72536],[-84.55568,31.7275],[-84.56193,31.73453],[-84.56389,31.7416],[-84.56292,31.74552],[-84.56584,31.74909],[-84.5649,31.75129],[-84.57032,31.75686],[-84.57033,31.76067],[-84.56663,31.76389],[-84.56317,31.77061],[-84.60309,31.77201],[-84.59978,31.92018],[-84.45331,31.91923],[-84.45313,31.92636],[-84.44525,31.92614],[-84.44374,31.96746],[-84.44137,31.96525],[-84.44036,31.95962],[-84.43698,31.95976],[-84.4349,31.95436],[-84.4324,31.95398],[-84.43196,31.95151],[-84.42952,31.95177],[-84.42835,31.94945],[-84.4218,31.94566],[-84.42103,31.9429],[-84.41163,31.93646],[-84.40947,31.93632],[-84.40879,31.93779],[-84.40324,31.93486],[-84.39851,31.92906],[-84.39784,31.92536],[-84.38337,31.91694],[-84.38106,31.91397],[-84.38117,31.91153],[-84.37953,31.91101],[-84.38044,31.90834],[-84.37667,31.90625],[-84.37397,31.90104],[-84.36886,31.8969],[-84.36468,31.8958],[-84.36433,31.8932],[-84.35931,31.88904],[-84.35794,31.88543],[-84.35398,31.8848],[-84.35162,31.88089],[-84.3489,31.88204],[-84.34731,31.87766],[-84.34497,31.87708],[-84.34346,31.8745],[-84.34052,31.87276],[-84.33227,31.87423],[-84.32856,31.87196],[-84.3271,31.87297],[-84.32524,31.87099],[-84.31912,31.87081],[-84.31499,31.86814],[-84.3104,31.87019],[-84.30912,31.86826],[-84.30019,31.86788],[-84.29478,31.86435],[-84.29343,31.86515],[-84.29321,31.85984],[-84.29092,31.86003],[-84.29,31.85702],[-84.28474,31.85536],[-84.28162,31.85117],[-84.27669,31.85041],[-84.27753,31.84175],[-84.27355,31.84116],[-84.27149,31.83924],[-84.27299,31.83769],[-84.26517,31.83433],[-84.26259,31.82874],[-84.25962,31.82787],[-84.26041,31.82561],[-84.26382,31.82369],[-84.2634,31.82154],[-84.26196,31.82181],[-84.26288,31.82087],[-84.26171,31.81959],[-84.26379,31.81854],[-84.26184,31.81723],[-84.26304,31.81588],[-84.26186,31.81501],[-84.26449,31.81241],[-84.26288,31.81053],[-84.26351,31.80836],[-84.26161,31.80778],[-84.26249,31.80704],[-84.25993,31.80381],[-84.26302,31.79709],[-84.26032,31.79465],[-84.26116,31.79127],[-84.25829,31.79125],[-84.28646,31.79119],[-84.28717,31.75018],[-84.29367,31.7498],[-84.29542,31.6981],[-84.30493,31.69824],[-84.30521,31.69106],[-84.31432,31.69116],[-84.31462,31.68318],[-84.30552,31.68318],[-84.30521,31.69102]]]},"properties":{"NAME10":"Terrell","NAMELSAD10":"Terrell County","GEOID10":"13273"}},{"type":"Feature","geometry":{"type":"Polygon","coordinates":[[[-82.11492,31.90099],[-82.11695,31.89881],[-82.11545,31.88881],[-82.11955,31.88601],[-82.12555,31.88971],[-82.13555,31.89171],[-82.13649,31.89455],[-82.13115,31.90381],[-82.13425,31.90801],[-82.13995,31.90571],[-82.14285,31.89931],[-82.14515,31.89811],[-82.16005,31.90401],[-82.19135,31.90051],[-82.19225,31.90181],[-82.19065,31.90451],[-82.19205,31.90651],[-82.20135,31.9063],[-82.20665,31.9103],[-82.21855,31.9095],[-82.22115,31.9128],[-82.22505,31.91308],[-82.20442,32.07678],[-82.19484,32.13415],[-82.19301,32.13643],[-82.19532,32.14094],[-82.18915,32.14609],[-82.18901,32.15071],[-82.18747,32.14986],[-82.18491,32.15455],[-82.1869,32.15574],[-82.18277,32.16027],[-82.18427,32.1638],[-82.18192,32.16613],[-82.18611,32.16718],[-82.18381,32.16961],[-82.18568,32.17101],[-82.18462,32.17332],[-82.18637,32.17702],[-82.18419,32.18001],[-82.18732,32.18316],[-82.18846,32.18932],[-82.19037,32.18962],[-82.19208,32.19459],[-82.19494,32.19628],[-82.19612,32.20498],[-82.19906,32.2042],[-82.20138,32.20589],[-82.20119,32.20761],[-82.20494,32.2097],[-82.20456,32.21128],[-82.20625,32.21134],[-82.20793,32.21583],[-82.20628,32.2178],[-82.2072,32.22082],[-82.21375,32.2294],[-82.21178,32.2331],[-82.213,32.2347],[-82.21052,32.23473],[-82.21112,32.23765],[-82.20976,32.23909],[-82.2117,32.23885],[-82.2128,32.24141],[-82.2112,32.24422],[-82.21193,32.24694],[-82.21473,32.24937],[-82.21629,32.24867],[-82.21511,32.25287],[-82.21912,32.25716],[-82.21742,32.25861],[-82.21944,32.25899],[-82.21977,32.26224],[-82.22226,32.26199],[-82.22144,32.27147],[-82.22643,32.27693],[-82.22592,32.27827],[-82.2279,32.27807],[-82.22724,32.28119],[-82.22946,32.2839],[-82.22751,32.28721],[-82.22881,32.29064],[-82.22733,32.29287],[-82.2286,32.30271],[-82.23067,32.30608],[-82.23233,32.30608],[-82.23066,32.30727],[-82.23228,32.30776],[-82.23148,32.30886],[-82.235,32.31425],[-82.23274,32.31887],[-82.02534,32.27889],[-81.98004,32.08151],[-81.88894,32.0504],[-81.76174,32.04791],[-81.80993,32.01966],[-81.81339,32.01624],[-81.82441,32.01489],[-81.84139,32.00213],[-81.84577,31.99308],[-81.85458,31.98833],[-81.85496,31.98508],[-81.85871,31.98022],[-81.85833,31.9782],[-81.86281,31.97316],[-81.87116,31.97128],[-81.87607,31.96838],[-81.87677,31.96223],[-81.88451,31.95615],[-81.88963,31.94897],[-81.88288,31.94116],[-81.88199,31.91824],[-81.885,31.91282],[-81.89162,31.90812],[-81.89486,31.90311],[-81.89255,31.89504],[-81.89484,31.89222],[-81.89923,31.89188],[-81.90269,31.88832],[-81.90926,31.88859],[-81.91247,31.88697],[-81.91446,31.88042],[-81.9187,31.87606],[-81.92012,31.87104],[-81.9205,31.86746],[-81.91852,31.86529],[-81.91845,31.86224],[-81.92185,31.8569],[-81.92231,31.85147],[-81.93044,31.84782],[-81.93349,31.84213],[-81.94043,31.84059],[-81.94214,31.83697],[-81.94503,31.83567],[-81.94494,31.83292],[-81.95098,31.82559],[-81.95222,31.81469],[-81.95514,31.80986],[-81.96363,31.80776],[-81.96646,31.80868],[-81.97173,31.80475],[-81.97992,31.80456],[-81.97978,31.80125],[-81.98162,31.79989],[-81.98104,31.79137],[-81.97441,31.78758],[-81.97198,31.78982],[-81.96906,31.78933],[-81.97434,31.78311],[-81.98194,31.78441],[-81.99864,31.79411],[-81.99934,31.79541],[-81.99554,31.79771],[-81.99706,31.8004],[-82.00678,31.80005],[-82.00672,31.80769],[-82.01321,31.81214],[-82.01464,31.82181],[-82.0164,31.82374],[-82.02112,31.82366],[-82.02208,31.81742],[-82.02608,31.8151],[-82.03347,31.82043],[-82.04153,31.82043],[-82.04881,31.82744],[-82.05863,31.83236],[-82.06607,31.83822],[-82.08131,31.84281],[-82.08451,31.84795],[-82.09405,31.85342],[-82.09833,31.85839],[-82.10632,31.86333],[-82.11548,31.86285],[-82.11642,31.86635],[-82.10963,31.87031],[-82.10985,31.87801],[-82.10785,31.88371],[-82.11205,31.89131],[-82.11025,31.89791],[-82.11182,31.90049],[-82.11492,31.90099]]]},"properties":{"NAME10":"Tattnall","NAMELSAD10":"Tattnall County","GEOID10":"13267"}},{"type":"Feature","geometry":{"type":"Polygon","coordinates":[[[-84.06764,32.61212],[-84.07203,32.61743],[-84.06979,32.62359],[-84.07389,32.62399],[-84.07388,32.62541],[-84.06862,32.62797],[-84.06284,32.62655],[-84.06273,32.6305],[-84.05835,32.6303],[-84.05855,32.63353],[-84.05654,32.63628],[-84.06081,32.63459],[-84.06568,32.63999],[-84.06849,32.63723],[-84.07431,32.63594],[-84.07374,32.63971],[-84.07816,32.64725],[-84.09548,32.6624],[-84.09784,32.66844],[-84.10497,32.67339],[-84.10401,32.68209],[-84.10546,32.68494],[-84.11533,32.68347],[-84.11668,32.67755],[-84.12441,32.67675],[-84.1282,32.67437],[-84.13992,32.67913],[-84.13937,32.68394],[-84.14107,32.68506],[-84.14574,32.68526],[-84.154,32.67905],[-84.17422,32.67766],[-84.1955,32.68333],[-84.20263,32.69002],[-84.14933,32.80121],[-84.12434,32.80094],[-84.12428,32.84957],[-83.97841,32.84894],[-83.97811,32.85714],[-83.96831,32.85714],[-83.96843,32.84887],[-83.89193,32.84836],[-83.89173,32.81887],[-83.88788,32.81945],[-83.88625,32.81718],[-83.88248,32.8184],[-83.87854,32.81636],[-83.87745,32.8137],[-83.87868,32.81279],[-83.87591,32.81122],[-83.87695,32.80695],[-83.87326,32.8039],[-83.86938,32.80411],[-83.86836,32.8018],[-83.86145,32.79787],[-83.86021,32.79662],[-83.86183,32.79449],[-83.85709,32.79397],[-83.85656,32.78785],[-83.85141,32.78547],[-83.85335,32.78134],[-83.84767,32.77532],[-83.85139,32.77199],[-83.85064,32.77015],[-83.84692,32.7723],[-83.84521,32.76871],[-83.8412,32.76803],[-83.83938,32.76465],[-83.83767,32.76444],[-83.8348,32.75801],[-83.83013,32.7544],[-83.83177,32.75199],[-83.82851,32.74979],[-83.8276,32.74535],[-83.82307,32.74082],[-83.81888,32.74039],[-83.81414,32.7338],[-83.81,32.73276],[-83.81021,32.7296],[-83.80472,32.7293],[-83.80297,32.72805],[-83.80362,32.7269],[-83.80193,32.72764],[-83.79896,32.72489],[-83.79144,32.72593],[-83.78593,32.72044],[-83.77998,32.72118],[-83.77183,32.71433],[-83.76389,32.71496],[-83.76059,32.71379],[-83.75597,32.70717],[-83.75374,32.70742],[-83.7533,32.70486],[-83.75281,32.7062],[-83.75114,32.70405],[-83.74721,32.70528],[-83.74443,32.69895],[-83.74006,32.69653],[-83.73945,32.69463],[-83.7356,32.69369],[-83.72957,32.6972],[-83.72668,32.69625],[-83.72543,32.69372],[-83.72207,32.69467],[-83.72042,32.69249],[-83.71419,32.69334],[-83.70977,32.69189],[-83.70747,32.6933],[-83.70681,32.6918],[-83.70116,32.69218],[-83.76679,32.69263],[-83.92013,32.587],[-83.92975,32.5873],[-83.93051,32.58005],[-83.94537,32.56962],[-83.94524,32.55267],[-83.95501,32.55275],[-83.95471,32.56305],[-84.00332,32.52993],[-84.00198,32.53248],[-84.00548,32.53374],[-84.0044,32.53513],[-84.00674,32.53982],[-84.00794,32.53958],[-84.00787,32.53646],[-84.00889,32.5386],[-84.01337,32.53835],[-84.01394,32.5426],[-84.0176,32.54663],[-84.0147,32.54824],[-84.01525,32.54971],[-84.02047,32.55164],[-84.02034,32.54645],[-84.02191,32.545],[-84.02232,32.54719],[-84.02669,32.54788],[-84.02609,32.55049],[-84.03013,32.5559],[-84.03481,32.55465],[-84.03538,32.5585],[-84.04444,32.55545],[-84.04592,32.55764],[-84.04485,32.56164],[-84.04634,32.56754],[-84.04912,32.56782],[-84.05046,32.56524],[-84.05272,32.56709],[-84.05123,32.5685],[-84.05299,32.57031],[-84.05085,32.57072],[-84.04876,32.57463],[-84.05093,32.57515],[-84.05408,32.57322],[-84.05322,32.57694],[-84.05665,32.57555],[-84.05797,32.57802],[-84.06207,32.57751],[-84.06214,32.58023],[-84.06507,32.58136],[-84.06418,32.5842],[-84.06661,32.58528],[-84.06236,32.58844],[-84.06275,32.59091],[-84.06623,32.58954],[-84.07058,32.59403],[-84.07126,32.59827],[-84.06617,32.60368],[-84.06794,32.60766],[-84.06604,32.61025],[-84.06764,32.61212]]]},"properties":{"NAME10":"Crawford","NAMELSAD10":"Crawford County","GEOID10":"13079"}},{"type":"Feature","geometry":{"type":"Polygon","coordinates":[[[-81.83857,31.66686],[-81.84073,31.6682],[-81.8514,31.66821],[-81.85202,31.67254],[-81.84851,31.67434],[-81.84758,31.67727],[-81.85414,31.68016],[-81.8593,31.68642],[-81.86693,31.69077],[-81.87437,31.70419],[-81.87423,31.70953],[-81.87647,31.71316],[-81.89041,31.71696],[-81.90667,31.72582],[-81.91023,31.73127],[-81.91035,31.73636],[-81.91325,31.73974],[-81.91242,31.744],[-81.909,31.74797],[-81.91215,31.75425],[-81.9193,31.75964],[-81.92208,31.75982],[-81.9241,31.75814],[-81.92265,31.75367],[-81.92576,31.75182],[-81.92879,31.75353],[-81.92964,31.75994],[-81.93159,31.76177],[-81.93625,31.76211],[-81.94058,31.75954],[-81.94372,31.75971],[-81.94339,31.76682],[-81.94915,31.76926],[-81.95173,31.77231],[-81.95252,31.78833],[-81.97077,31.79017],[-81.97441,31.78758],[-81.98104,31.79137],[-81.98162,31.79989],[-81.97978,31.80125],[-81.97934,31.805],[-81.97122,31.80489],[-81.96646,31.80868],[-81.95639,31.80871],[-81.9527,31.81329],[-81.95098,31.82559],[-81.94494,31.83292],[-81.94503,31.83567],[-81.94214,31.83697],[-81.94043,31.84059],[-81.93349,31.84213],[-81.93044,31.84782],[-81.92248,31.85122],[-81.92185,31.8569],[-81.91845,31.86224],[-81.91852,31.86529],[-81.9205,31.86746],[-81.92012,31.87104],[-81.9187,31.87606],[-81.91446,31.88042],[-81.91247,31.88697],[-81.90926,31.88859],[-81.90284,31.88826],[-81.89923,31.89188],[-81.89439,31.89255],[-81.89241,31.89688],[-81.89442,31.89922],[-81.89428,31.90431],[-81.89162,31.90812],[-81.885,31.91282],[-81.88223,31.91737],[-81.88288,31.94116],[-81.88958,31.9491],[-81.88451,31.95615],[-81.87677,31.96223],[-81.87592,31.96854],[-81.87116,31.97128],[-81.86281,31.97316],[-81.85833,31.9782],[-81.85871,31.98022],[-81.85496,31.98508],[-81.85458,31.98833],[-81.84577,31.99308],[-81.84139,32.00213],[-81.82441,32.01489],[-81.82239,32.0069],[-81.814,32.00284],[-81.80918,31.99855],[-81.80472,31.99284],[-81.80395,31.98593],[-81.79886,31.98107],[-81.79532,31.98095],[-81.79393,31.9778],[-81.77582,31.98089],[-81.7711,31.97743],[-81.75212,31.97424],[-81.74678,31.969],[-81.74291,31.95491],[-81.74658,31.94557],[-81.74546,31.93605],[-81.75309,31.91479],[-81.75984,31.90615],[-81.75851,31.90043],[-81.76628,31.88658],[-81.76536,31.87455],[-81.75233,31.86121],[-81.73585,31.85399],[-81.72871,31.84184],[-81.71404,31.83473],[-81.69977,31.82082],[-81.69473,31.81228],[-81.68914,31.8091],[-81.66033,31.80081],[-81.65811,31.79891],[-81.64331,31.78591],[-81.64176,31.76546],[-81.49961,31.69997],[-81.4918,31.69958],[-81.56601,31.57647],[-81.62222,31.5513],[-81.66321,31.53867],[-81.66415,31.54179],[-81.67121,31.54787],[-81.67405,31.5475],[-81.67806,31.54239],[-81.68127,31.54168],[-81.68312,31.54343],[-81.68019,31.54782],[-81.6819,31.55154],[-81.68468,31.55232],[-81.68987,31.55053],[-81.69267,31.5533],[-81.69643,31.55328],[-81.69858,31.55772],[-81.69713,31.56016],[-81.70108,31.56419],[-81.69636,31.56577],[-81.69954,31.5724],[-81.69699,31.57787],[-81.70116,31.57996],[-81.70178,31.58493],[-81.70663,31.58417],[-81.70832,31.58759],[-81.71301,31.58586],[-81.7118,31.58976],[-81.71308,31.59094],[-81.71775,31.58906],[-81.71972,31.5916],[-81.72319,31.59165],[-81.72606,31.59585],[-81.72479,31.59944],[-81.72758,31.60106],[-81.73222,31.60096],[-81.73158,31.60453],[-81.73751,31.60885],[-81.74056,31.60806],[-81.7424,31.60232],[-81.74723,31.6015],[-81.74874,31.60353],[-81.74817,31.60739],[-81.74431,31.61005],[-81.74419,31.61227],[-81.74692,31.61363],[-81.75094,31.61278],[-81.75173,31.61602],[-81.75671,31.6159],[-81.75957,31.62048],[-81.76309,31.61927],[-81.76523,31.6151],[-81.7696,31.61482],[-81.77065,31.62177],[-81.76574,31.62325],[-81.76565,31.62523],[-81.77073,31.62478],[-81.77185,31.6285],[-81.77562,31.62876],[-81.77848,31.63148],[-81.78453,31.62984],[-81.78954,31.63204],[-81.79045,31.6345],[-81.78615,31.63888],[-81.78678,31.64223],[-81.78872,31.64383],[-81.79639,31.64406],[-81.7974,31.64639],[-81.79562,31.64998],[-81.79698,31.65268],[-81.80658,31.65528],[-81.80947,31.66113],[-81.81302,31.66412],[-81.81648,31.66475],[-81.81829,31.66297],[-81.81227,31.65846],[-81.812,31.65388],[-81.821,31.65107],[-81.83094,31.65732],[-81.82753,31.66155],[-81.82892,31.66396],[-81.83548,31.66346],[-81.83857,31.66686]]]},"properties":{"NAME10":"Long","NAMELSAD10":"Long County","GEOID10":"13183"}},{"type":"Feature","geometry":{"type":"Polygon","coordinates":[[[-83.09617,34.33814],[-83.09471,34.34703],[-83.10707,34.34468],[-83.09424,34.41591],[-83.05179,34.49377],[-83.04843,34.49345],[-83.03336,34.4831],[-83.0284,34.48388],[-83.01726,34.47825],[-82.9959,34.47221],[-82.99274,34.47895],[-82.97975,34.48294],[-82.97492,34.47936],[-82.96648,34.48234],[-82.96424,34.48458],[-82.95855,34.47956],[-82.95565,34.47889],[-82.94823,34.4805],[-82.94286,34.48592],[-82.93042,34.48562],[-82.92521,34.48147],[-82.91774,34.48417],[-82.90155,34.48677],[-82.89245,34.48111],[-82.8874,34.48097],[-82.88135,34.47287],[-82.88065,34.46901],[-82.87348,34.46433],[-82.87185,34.4612],[-82.8644,34.45979],[-82.85884,34.45523],[-82.86013,34.45285],[-82.85549,34.4418],[-82.85401,34.42882],[-82.84963,34.42568],[-82.84697,34.41988],[-82.84751,34.41277],[-82.84146,34.39906],[-82.84178,34.39156],[-82.83598,34.38092],[-82.83446,34.36523],[-82.81377,34.35394],[-82.81261,34.35115],[-82.79447,34.34039],[-82.7916,34.33283],[-82.79191,34.32576],[-82.78751,34.31131],[-82.782,34.30318],[-82.78213,34.29828],[-82.77341,34.28887],[-82.78418,34.2844],[-82.79177,34.2834],[-82.79988,34.27895],[-82.81578,34.27611],[-82.82401,34.27055],[-82.83917,34.26938],[-82.84903,34.26464],[-82.91554,34.24769],[-82.9588,34.21855],[-82.96612,34.2205],[-82.98091,34.21151],[-82.98002,34.21007],[-82.99638,34.21912],[-82.98837,34.22444],[-82.99987,34.23108],[-83.01879,34.23409],[-83.05655,34.22807],[-83.07689,34.22243],[-83.11585,34.26213],[-83.11336,34.27354],[-83.10594,34.27892],[-83.09617,34.33814]]]},"properties":{"NAME10":"Hart","NAMELSAD10":"Hart County","GEOID10":"13147"}},{"type":"Feature","geometry":{"type":"Polygon","coordinates":[[[-84.65789,34.14248],[-84.65772,34.20268],[-84.65376,34.22722],[-84.65324,34.25008],[-84.654,34.34694],[-84.64469,34.34684],[-84.6443,34.35517],[-84.65404,34.35518],[-84.65324,34.4126],[-84.58283,34.4122],[-84.58263,34.3815],[-84.44233,34.3804],[-84.44213,34.3882],[-84.42453,34.388],[-84.42453,34.3806],[-84.40073,34.3805],[-84.40078,34.37327],[-84.39223,34.3733],[-84.39213,34.3807],[-84.25759,34.381],[-84.25875,34.18592],[-84.32827,34.18615],[-84.33802,34.17811],[-84.34274,34.17617],[-84.35225,34.17679],[-84.36054,34.16233],[-84.35682,34.15484],[-84.36027,34.15198],[-84.35885,34.14091],[-84.36144,34.13653],[-84.35973,34.1318],[-84.3614,34.12479],[-84.36495,34.12232],[-84.37,34.12249],[-84.3793,34.11877],[-84.38786,34.11965],[-84.38857,34.11799],[-84.3919,34.11752],[-84.39299,34.1149],[-84.39501,34.11522],[-84.39985,34.10958],[-84.40404,34.11011],[-84.41097,34.1079],[-84.4145,34.11037],[-84.41843,34.10905],[-84.41893,34.0733],[-84.51184,34.0752],[-84.51184,34.0786],[-84.51544,34.0787],[-84.51554,34.0753],[-84.61355,34.07722],[-84.61367,34.08114],[-84.62349,34.08144],[-84.62493,34.07741],[-84.65924,34.07801],[-84.65789,34.14248]]]},"properties":{"NAME10":"Cherokee","NAMELSAD10":"Cherokee County","GEOID10":"13057"}},{"type":"Feature","geometry":{"type":"Polygon","coordinates":[[[-84.88825,32.25968],[-84.90403,32.27376],[-84.92288,32.28534],[-84.93465,32.29892],[-84.98883,32.31918],[-85.00035,32.32142],[-85.00536,32.32505],[-85.0073,32.32933],[-85.00726,32.339],[-85.00294,32.34694],[-84.99125,32.35503],[-84.98387,32.36239],[-84.98325,32.36513],[-84.98633,32.3687],[-84.98533,32.37252],[-84.98205,32.37434],[-84.97523,32.37417],[-84.96889,32.3789],[-84.96717,32.37556],[-84.96286,32.3741],[-84.96429,32.3759],[-84.96323,32.37654],[-84.95667,32.37388],[-84.95171,32.37714],[-84.94883,32.37561],[-84.94513,32.37602],[-84.94374,32.37871],[-84.9415,32.37826],[-84.94064,32.38188],[-84.93635,32.37927],[-84.93243,32.38063],[-84.93099,32.38293],[-84.92603,32.38501],[-84.92568,32.3871],[-84.91363,32.3925],[-84.9111,32.39529],[-84.90373,32.39612],[-84.90014,32.40207],[-84.89509,32.39951],[-84.89004,32.40146],[-84.88774,32.40519],[-84.88409,32.40648],[-84.88221,32.41047],[-84.8747,32.41277],[-84.87004,32.41093],[-84.86595,32.41394],[-84.85544,32.41447],[-84.85197,32.41233],[-84.84777,32.4149],[-84.83518,32.41164],[-84.83331,32.4142],[-84.81896,32.41282],[-84.81136,32.41612],[-84.81136,32.42002],[-84.807,32.4226],[-84.80518,32.41892],[-84.79694,32.4145],[-84.79265,32.41388],[-84.79009,32.41551],[-84.79129,32.41778],[-84.78681,32.41753],[-84.78552,32.41972],[-84.78329,32.41962],[-84.78388,32.42132],[-84.78059,32.42293],[-84.78192,32.42485],[-84.77952,32.42367],[-84.7783,32.42492],[-84.77816,32.42253],[-84.77283,32.42114],[-84.76944,32.42233],[-84.76796,32.4205],[-84.76803,32.42303],[-84.77014,32.42354],[-84.76995,32.42599],[-84.76678,32.42917],[-84.7667,32.43493],[-84.76067,32.43668],[-84.7594,32.44154],[-84.7571,32.44284],[-84.75648,32.44653],[-84.75468,32.44703],[-84.75628,32.45109],[-84.75179,32.45476],[-84.75167,32.45759],[-84.74475,32.4592],[-84.74696,32.46026],[-84.74264,32.46703],[-84.74332,32.47182],[-84.74003,32.47338],[-84.7406,32.47679],[-84.73741,32.47828],[-84.73687,32.47929],[-84.73855,32.47982],[-84.73441,32.48302],[-84.73474,32.48822],[-84.73142,32.49051],[-84.73093,32.49354],[-84.72918,32.49374],[-84.72931,32.49729],[-84.7308,32.49837],[-84.72429,32.50236],[-84.72597,32.50483],[-84.72427,32.50776],[-84.72276,32.50643],[-84.71392,32.50953],[-84.71349,32.51164],[-84.70181,32.51878],[-84.68476,32.52059],[-84.6843,32.51908],[-84.67816,32.51892],[-84.6784,32.52025],[-84.67505,32.52007],[-84.66586,32.52764],[-84.65802,32.52877],[-84.65061,32.53435],[-84.63733,32.53486],[-84.63823,32.49485],[-84.65733,32.49495],[-84.65873,32.44165],[-84.65753,32.44145],[-84.65892,32.23286],[-84.80253,32.23086],[-84.80253,32.22096],[-84.81403,32.22106],[-84.81393,32.23086],[-84.92303,32.23086],[-84.91633,32.23656],[-84.91273,32.24336],[-84.91543,32.24606],[-84.92033,32.24406],[-84.92323,32.24466],[-84.92443,32.25016],[-84.90723,32.24906],[-84.90409,32.25084],[-84.90348,32.25561],[-84.9012,32.25838],[-84.8912,32.2575],[-84.88825,32.25968]]]},"properties":{"NAME10":"Chattahoochee","NAMELSAD10":"Chattahoochee County","GEOID10":"13053"}},{"type":"Feature","geometry":{"type":"Polygon","coordinates":[[[-82.44093,32.22599],[-82.44113,32.218],[-82.4801,31.99398],[-82.48313,31.96897],[-82.49431,31.96738],[-82.49971,31.95947],[-82.49891,31.9571],[-82.49279,31.95911],[-82.48769,31.95732],[-82.48221,31.95811],[-82.47996,31.95548],[-82.48532,31.95078],[-82.49372,31.94858],[-82.5037,31.95012],[-82.51728,31.958],[-82.52835,31.95892],[-82.53261,31.96126],[-82.53493,31.96071],[-82.53698,31.95733],[-82.54055,31.95772],[-82.54366,31.95936],[-82.54007,31.96339],[-82.53946,31.96928],[-82.54622,31.98099],[-82.55067,31.98173],[-82.55545,31.97996],[-82.5559,31.98589],[-82.55896,31.99262],[-82.56221,31.98965],[-82.56552,31.98997],[-82.57159,31.99645],[-82.59166,32.00865],[-82.59258,32.01147],[-82.59815,32.01461],[-82.59509,32.01779],[-82.60132,32.0208],[-82.60068,32.02645],[-82.59777,32.03016],[-82.60204,32.03262],[-82.60526,32.03081],[-82.60746,32.03184],[-82.60596,32.0347],[-82.60845,32.03673],[-82.60886,32.03922],[-82.60336,32.04103],[-82.6022,32.0473],[-82.60993,32.05175],[-82.60964,32.05761],[-82.61385,32.0604],[-82.61118,32.06632],[-82.61305,32.07037],[-82.6084,32.07284],[-82.61467,32.07921],[-82.61821,32.07886],[-82.62307,32.08267],[-82.61741,32.08612],[-82.6147,32.08367],[-82.61305,32.08441],[-82.61138,32.08858],[-82.61267,32.09612],[-82.61737,32.10078],[-82.61337,32.10064],[-82.61426,32.10329],[-82.61122,32.10647],[-82.61771,32.10528],[-82.61726,32.10795],[-82.6205,32.10932],[-82.62055,32.11239],[-82.62364,32.11374],[-82.62258,32.11777],[-82.62515,32.11959],[-82.6266,32.12657],[-82.63041,32.13066],[-82.62978,32.13262],[-82.62532,32.13333],[-82.62461,32.13631],[-82.61872,32.14251],[-82.61879,32.14588],[-82.61389,32.14932],[-82.61287,32.16165],[-82.6184,32.16467],[-82.61891,32.16766],[-82.62236,32.16706],[-82.62646,32.16929],[-82.62364,32.17124],[-82.62342,32.17357],[-82.62786,32.17703],[-82.62374,32.17986],[-82.62401,32.18233],[-82.62722,32.18292],[-82.62927,32.17928],[-82.63111,32.18054],[-82.62838,32.18578],[-82.63232,32.19615],[-82.63015,32.20263],[-82.626,32.20486],[-82.62553,32.2068],[-82.6359,32.22084],[-82.63579,32.22293],[-82.63211,32.22556],[-82.63396,32.23324],[-82.63684,32.23322],[-82.64188,32.2369],[-82.64319,32.24159],[-82.64919,32.24583],[-82.64791,32.25015],[-82.64453,32.25123],[-82.64344,32.25468],[-82.64447,32.25868],[-82.64006,32.25838],[-82.63665,32.26931],[-82.63955,32.27069],[-82.64136,32.27508],[-82.64843,32.27719],[-82.64924,32.282],[-82.64609,32.28474],[-82.6476,32.28658],[-82.65155,32.28648],[-82.6499,32.28948],[-82.64408,32.29097],[-82.6447,32.29544],[-82.64649,32.29545],[-82.64577,32.29276],[-82.64691,32.29227],[-82.6502,32.29574],[-82.65549,32.29757],[-82.65581,32.3015],[-82.64974,32.30786],[-82.64911,32.3115],[-82.40913,32.35374],[-82.43899,32.29319],[-82.44093,32.22599]]]},"properties":{"NAME10":"Montgomery","NAMELSAD10":"Montgomery County","GEOID10":"13209"}},{"type":"Feature","geometry":{"type":"Polygon","coordinates":[[[-83.32492,31.74661],[-83.3253,31.75659],[-83.33987,31.75661],[-83.33967,31.76956],[-83.36965,31.76966],[-83.37028,31.75706],[-83.45364,31.75787],[-83.45229,31.76029],[-83.45501,31.76829],[-83.45514,31.77829],[-83.45935,31.77996],[-83.46021,31.78309],[-83.45742,31.78795],[-83.45887,31.79362],[-83.46513,31.79714],[-83.46661,31.80273],[-83.47267,31.80703],[-83.4747,31.81315],[-83.47396,31.81712],[-83.47765,31.82016],[-83.47857,31.82359],[-83.4766,31.82953],[-83.47898,31.83245],[-83.48438,31.83483],[-83.47982,31.84466],[-83.48018,31.84732],[-83.20964,31.84465],[-83.20576,31.8493],[-83.19069,31.8492],[-83.18282,31.85198],[-83.16942,31.83994],[-83.16168,31.8379],[-83.16048,31.83457],[-83.15231,31.83167],[-83.15079,31.82862],[-83.15355,31.82659],[-83.15197,31.82489],[-83.13814,31.82534],[-83.13461,31.82412],[-83.13262,31.82056],[-83.13374,31.81771],[-83.13257,31.81523],[-83.14084,31.81777],[-83.13866,31.81445],[-83.12956,31.81013],[-83.11673,31.81186],[-83.11061,31.80947],[-83.10769,31.81231],[-83.11222,31.8124],[-83.11151,31.81625],[-83.10633,31.81919],[-83.10556,31.81754],[-83.10725,31.81453],[-83.10287,31.81372],[-83.09927,31.8083],[-83.09159,31.80893],[-83.09003,31.80762],[-83.08906,31.81221],[-83.08669,31.81275],[-83.08468,31.81049],[-83.08575,31.80742],[-83.0841,31.80293],[-83.08115,31.80098],[-83.07927,31.80077],[-83.07805,31.80279],[-83.07223,31.80158],[-83.06961,31.79622],[-83.06577,31.79683],[-83.06459,31.7946],[-83.05974,31.79372],[-83.05913,31.79129],[-83.05572,31.79234],[-83.05282,31.78923],[-83.04649,31.78913],[-83.04589,31.79149],[-83.03905,31.79057],[-83.03809,31.78926],[-83.03983,31.78636],[-83.03541,31.78633],[-83.0308,31.78359],[-83.03049,31.78066],[-83.02797,31.7783],[-83.01416,31.77918],[-83.00579,31.77464],[-83.00111,31.7771],[-82.99931,31.78142],[-82.9957,31.78099],[-82.99836,31.67317],[-83.17651,31.67852],[-83.17722,31.6517],[-83.26637,31.65421],[-83.26564,31.67987],[-83.32562,31.68061],[-83.32492,31.74661]]]},"properties":{"NAME10":"Ben Hill","NAMELSAD10":"Ben Hill County","GEOID10":"13017"}},{"type":"Feature","geometry":{"type":"Polygon","coordinates":[[[-83.45753,34.24256],[-83.48036,34.26204],[-83.4897,34.25701],[-83.49483,34.26124],[-83.5025,34.25646],[-83.53177,34.25644],[-83.56152,34.25272],[-83.56461,34.25592],[-83.57347,34.25875],[-83.59465,34.27403],[-83.59826,34.28213],[-83.61692,34.29137],[-83.6251,34.30132],[-83.62509,34.30618],[-83.6324,34.30698],[-83.64415,34.31503],[-83.6495,34.32204],[-83.64769,34.33474],[-83.65145,34.34372],[-83.65131,34.34883],[-83.65704,34.35493],[-83.66342,34.35704],[-83.66962,34.3659],[-83.66578,34.3688],[-83.66009,34.37897],[-83.65999,34.39075],[-83.65557,34.39975],[-83.64606,34.40576],[-83.64296,34.41332],[-83.63015,34.41839],[-83.62328,34.41934],[-83.61701,34.43047],[-83.60867,34.4363],[-83.60907,34.44135],[-83.60748,34.44429],[-83.5853,34.45286],[-83.57642,34.46519],[-83.55238,34.48585],[-83.54479,34.48632],[-83.53754,34.49173],[-83.46993,34.48406],[-83.41359,34.46802],[-83.40912,34.46452],[-83.39853,34.46114],[-83.38698,34.43518],[-83.38257,34.42893],[-83.3828,34.39273],[-83.38712,34.37949],[-83.39392,34.32481],[-83.33848,34.2627],[-83.34093,34.24905],[-83.34409,34.24553],[-83.34317,34.2391],[-83.34697,34.23812],[-83.35067,34.2348],[-83.35527,34.22374],[-83.35898,34.22262],[-83.35964,34.21796],[-83.36343,34.2157],[-83.36621,34.21026],[-83.37052,34.20923],[-83.37243,34.20594],[-83.38143,34.20569],[-83.39434,34.20276],[-83.40013,34.20053],[-83.40243,34.19751],[-83.41254,34.20636],[-83.42296,34.21258],[-83.42381,34.2168],[-83.45753,34.24256]]]},"properties":{"NAME10":"Banks","NAMELSAD10":"Banks County","GEOID10":"13011"}},{"type":"Feature","geometry":{"type":"Polygon","coordinates":[[[-84.89725,33.77954],[-84.97121,33.79962],[-85.03793,33.81189],[-85.03669,33.90433],[-85.05031,33.90449],[-85.04984,33.95264],[-84.97869,33.9514],[-84.92875,34.0717],[-84.92275,34.0825],[-84.91433,34.08262],[-84.91445,34.0753],[-84.91337,34.0753],[-84.91005,34.0753],[-84.90995,34.0786],[-84.89695,34.0787],[-84.89685,34.0825],[-84.73783,34.08234],[-84.73964,33.94761],[-84.72324,33.94736],[-84.72519,33.817],[-84.72398,33.817],[-84.72412,33.78861],[-84.7638,33.78735],[-84.80027,33.78226],[-84.79986,33.77992],[-84.83271,33.77853],[-84.83271,33.77603],[-84.87916,33.77476],[-84.89725,33.77954]]]},"properties":{"NAME10":"Paulding","NAMELSAD10":"Paulding County","GEOID10":"13223"}},{"type":"Feature","geometry":{"type":"Polygon","coordinates":[[[-84.37904,30.81693],[-84.37621,30.94345],[-84.37662,31.07889],[-84.11665,31.07798],[-84.11925,30.9895],[-84.11906,30.98096],[-84.11637,30.97364],[-84.11881,30.9715],[-84.11861,30.9697],[-84.11271,30.96365],[-84.10827,30.95108],[-84.0987,30.93915],[-84.09855,30.93629],[-84.09034,30.92953],[-84.08302,30.91921],[-84.07698,30.91564],[-84.07583,30.91192],[-84.07649,30.8985],[-84.07836,30.89444],[-84.07624,30.89187],[-84.07726,30.89043],[-84.07567,30.88645],[-84.07764,30.8838],[-84.07706,30.88222],[-84.07955,30.88115],[-84.08057,30.87561],[-84.07903,30.87285],[-84.07608,30.87188],[-84.07291,30.86516],[-84.08256,30.85414],[-84.07947,30.84406],[-84.08114,30.83636],[-84.08376,30.67581],[-84.38071,30.69],[-84.37904,30.81693]]]},"properties":{"NAME10":"Grady","NAMELSAD10":"Grady County","GEOID10":"13131"}},{"type":"Feature","geometry":{"type":"Polygon","coordinates":[[[-84.65357,34.47159],[-84.6533,34.4632],[-84.64454,34.463],[-84.64444,34.4558],[-84.65374,34.4558],[-84.65324,34.4126],[-84.73388,34.41297],[-84.73412,34.3965],[-84.83707,34.39773],[-84.89629,34.3963],[-84.89619,34.3986],[-84.95255,34.39896],[-84.95375,34.3842],[-84.97045,34.38438],[-84.97078,34.39774],[-84.97964,34.39764],[-84.98006,34.38478],[-84.98992,34.38456],[-84.98926,34.39246],[-85.02238,34.3913],[-85.02704,34.394],[-85.02688,34.39965],[-85.03172,34.39966],[-85.03171,34.40136],[-85.08677,34.40127],[-85.10445,34.40428],[-85.10778,34.41095],[-85.10688,34.41614],[-85.09913,34.42218],[-85.08951,34.42448],[-85.09016,34.42643],[-85.08832,34.42724],[-85.09325,34.43243],[-85.09223,34.43361],[-85.09569,34.43799],[-85.09439,34.44009],[-85.10188,34.44439],[-85.09984,34.44896],[-85.10224,34.45309],[-85.11233,34.4617],[-85.11141,34.46339],[-85.09007,34.46353],[-85.09,34.54192],[-85.06351,34.54255],[-85.06417,34.57489],[-85.0693,34.57504],[-85.06916,34.58719],[-85.0605,34.58719],[-85.06038,34.62246],[-85.05045,34.62249],[-85.05045,34.61599],[-84.92637,34.61573],[-84.92539,34.62024],[-84.92755,34.62597],[-84.91509,34.62977],[-84.91346,34.63413],[-84.9083,34.63407],[-84.90825,34.6158],[-84.86391,34.61577],[-84.8638,34.6086],[-84.77948,34.60834],[-84.77907,34.61295],[-84.76632,34.61549],[-84.76199,34.6144],[-84.75628,34.61002],[-84.74841,34.60911],[-84.74617,34.6106],[-84.74463,34.62384],[-84.73762,34.62405],[-84.72592,34.62167],[-84.71551,34.6228],[-84.71556,34.62001],[-84.71413,34.61902],[-84.71439,34.6051],[-84.7228,34.60506],[-84.72307,34.61278],[-84.73129,34.61273],[-84.73123,34.59862],[-84.70554,34.59846],[-84.70527,34.59077],[-84.68201,34.58984],[-84.68197,34.58334],[-84.65453,34.58319],[-84.65357,34.47159]]]},"properties":{"NAME10":"Gordon","NAMELSAD10":"Gordon County","GEOID10":"13129"}},{"type":"Feature","geometry":{"type":"Polygon","coordinates":[[[-83.6835,34.24156],[-83.62012,34.29528],[-83.61692,34.29137],[-83.59826,34.28213],[-83.59465,34.27403],[-83.59205,34.27181],[-83.58706,34.26957],[-83.57347,34.25875],[-83.56461,34.25592],[-83.56152,34.25272],[-83.53177,34.25644],[-83.5025,34.25646],[-83.49483,34.26124],[-83.4897,34.25701],[-83.48036,34.26204],[-83.44465,34.23183],[-83.42369,34.21671],[-83.42296,34.21258],[-83.41254,34.20636],[-83.4015,34.19685],[-83.39382,34.18525],[-83.38561,34.18224],[-83.37944,34.17131],[-83.36384,34.16407],[-83.36155,34.15835],[-83.36134,34.14963],[-83.35768,34.1357],[-83.35705,34.11621],[-83.36365,34.11011],[-83.36371,34.10734],[-83.36811,34.10138],[-83.36768,34.09892],[-83.37386,34.09051],[-83.37413,34.08238],[-83.38137,34.07855],[-83.37539,34.07394],[-83.37492,34.07127],[-83.37713,34.06776],[-83.3823,34.06688],[-83.38127,34.06247],[-83.38306,34.06113],[-83.38327,34.05544],[-83.38535,34.05454],[-83.38691,34.05016],[-83.36003,34.04058],[-83.37804,34.03185],[-83.37939,34.03515],[-83.38297,34.03439],[-83.38487,34.03781],[-83.39019,34.03612],[-83.39341,34.03426],[-83.38485,34.02974],[-83.4842,33.99277],[-83.49471,33.99739],[-83.50201,33.99644],[-83.50306,33.99958],[-83.50205,33.99121],[-83.49825,33.98754],[-83.53739,33.96592],[-83.56322,34.03176],[-83.57111,34.03141],[-83.57374,34.03932],[-83.58425,34.04106],[-83.58416,34.03854],[-83.58648,34.03916],[-83.59526,34.03648],[-83.59873,34.03738],[-83.60054,34.03531],[-83.60507,34.03882],[-83.61015,34.03852],[-83.61155,34.04435],[-83.61553,34.04539],[-83.61465,34.04717],[-83.63022,34.04459],[-83.63082,34.04616],[-83.63601,34.04591],[-83.64499,34.05089],[-83.64876,34.0459],[-83.65509,34.04748],[-83.65728,34.05339],[-83.6631,34.05239],[-83.66312,34.04891],[-83.66761,34.04798],[-83.67245,34.05264],[-83.67592,34.05376],[-83.6796,34.05157],[-83.67946,34.04742],[-83.6851,34.04692],[-83.68671,34.04886],[-83.68552,34.05345],[-83.69215,34.0517],[-83.69408,34.05311],[-83.6946,34.05626],[-83.69793,34.05268],[-83.70088,34.05432],[-83.7042,34.04645],[-83.70918,34.04513],[-83.71436,34.0499],[-83.71229,34.05403],[-83.71314,34.0562],[-83.71877,34.05355],[-83.72081,34.0554],[-83.72035,34.05957],[-83.72306,34.06344],[-83.72793,34.06071],[-83.73234,34.06029],[-83.73435,34.06365],[-83.73361,34.06731],[-83.73773,34.0664],[-83.74212,34.06945],[-83.74344,34.06803],[-83.74234,34.06525],[-83.75158,34.06418],[-83.75925,34.06658],[-83.76384,34.06469],[-83.76754,34.06645],[-83.76988,34.07323],[-83.77344,34.07383],[-83.77798,34.07983],[-83.79104,34.0872],[-83.78995,34.09373],[-83.79228,34.10036],[-83.79986,34.10286],[-83.80577,34.1077],[-83.80586,34.10983],[-83.80779,34.10941],[-83.81077,34.1124],[-83.81518,34.11371],[-83.81083,34.11615],[-83.81307,34.11745],[-83.81233,34.1208],[-83.81653,34.12254],[-83.81576,34.12634],[-83.81769,34.1275],[-83.6835,34.24156]]]},"properties":{"NAME10":"Jackson","NAMELSAD10":"Jackson County","GEOID10":"13157"}},{"type":"Feature","geometry":{"type":"Polygon","coordinates":[[[-84.96433,34.61581],[-85.05045,34.61599],[-85.05085,34.71999],[-85.16886,34.72029],[-85.16666,34.72879],[-85.14485,34.76728],[-85.13695,34.80208],[-85.13185,34.81448],[-85.13175,34.81968],[-85.12265,34.81918],[-85.12275,34.81208],[-85.10545,34.81228],[-85.10535,34.81918],[-85.06165,34.81948],[-85.06165,34.86358],[-85.03273,34.86374],[-85.03274,34.8711],[-85.0233,34.87114],[-85.0234,34.90078],[-85.01388,34.90079],[-85.01381,34.91155],[-85.01133,34.91159],[-85.00945,34.91768],[-85.00715,34.91808],[-85.00575,34.92718],[-85.00345,34.92818],[-85.00295,34.93228],[-84.99788,34.94021],[-84.99744,34.97244],[-84.97967,34.97276],[-84.97986,34.98765],[-84.81048,34.98761],[-84.8135,34.98577],[-84.81419,34.98294],[-84.81436,34.97049],[-84.81728,34.9656],[-84.82211,34.96432],[-84.82108,34.95866],[-84.82619,34.95521],[-84.82617,34.951],[-84.83379,34.946],[-84.83521,34.94292],[-84.8343,34.9399],[-84.83892,34.93334],[-84.83848,34.93095],[-84.84271,34.91813],[-84.83635,34.91252],[-84.83625,34.90713],[-84.83084,34.90657],[-84.82412,34.90175],[-84.82713,34.89859],[-84.83069,34.8983],[-84.82991,34.8955],[-84.83337,34.89684],[-84.82937,34.88921],[-84.82649,34.88912],[-84.82838,34.88653],[-84.82548,34.88423],[-84.82606,34.88208],[-84.82259,34.87871],[-84.82084,34.87933],[-84.82118,34.87674],[-84.81843,34.87675],[-84.81829,34.86936],[-84.82081,34.86513],[-84.83031,34.85944],[-84.83593,34.85975],[-84.83896,34.86303],[-84.8424,34.86131],[-84.83692,34.85431],[-84.8444,34.85307],[-84.85055,34.84315],[-84.85313,34.8428],[-84.85191,34.83835],[-84.85551,34.83463],[-84.85147,34.83487],[-84.84895,34.83175],[-84.85184,34.8241],[-84.85575,34.82423],[-84.85668,34.8207],[-84.8549,34.81974],[-84.86294,34.81422],[-84.85825,34.80621],[-84.84199,34.80524],[-84.83804,34.80085],[-84.83863,34.79719],[-84.85566,34.79329],[-84.86152,34.78838],[-84.86335,34.784],[-84.86824,34.78453],[-84.87391,34.78932],[-84.87474,34.78751],[-84.87282,34.78268],[-84.87885,34.7787],[-84.87586,34.77205],[-84.86692,34.76684],[-84.86657,34.76178],[-84.86814,34.76019],[-84.86658,34.75817],[-84.86778,34.75575],[-84.85856,34.75617],[-84.85412,34.74891],[-84.85661,34.74868],[-84.85773,34.7453],[-84.85112,34.74212],[-84.85229,34.74057],[-84.85567,34.74086],[-84.85734,34.7367],[-84.86361,34.73364],[-84.86714,34.73499],[-84.86724,34.73941],[-84.87107,34.73782],[-84.87277,34.73399],[-84.87217,34.73186],[-84.86227,34.72547],[-84.85589,34.72427],[-84.85922,34.71512],[-84.86469,34.70734],[-84.88375,34.7147],[-84.88646,34.70905],[-84.89145,34.7049],[-84.92264,34.71603],[-84.93378,34.71266],[-84.93457,34.70837],[-84.92974,34.70286],[-84.91324,34.69551],[-84.9071,34.69067],[-84.90437,34.68521],[-84.89864,34.68175],[-84.88751,34.678],[-84.8885,34.66777],[-84.89609,34.66439],[-84.90095,34.66478],[-84.9109,34.68156],[-84.91954,34.68111],[-84.92997,34.67591],[-84.9357,34.67652],[-84.94406,34.68036],[-84.94398,34.67581],[-84.93829,34.66907],[-84.92729,34.66634],[-84.92358,34.64954],[-84.92059,34.64404],[-84.91316,34.63963],[-84.91358,34.6313],[-84.92755,34.62597],[-84.92539,34.62024],[-84.92623,34.61575],[-84.96433,34.61581]]]},"properties":{"NAME10":"Whitfield","NAMELSAD10":"Whitfield County","GEOID10":"13313"}},{"type":"Feature","geometry":{"type":"Polygon","coordinates":[[[-83.61643,34.54731],[-83.62028,34.55103],[-83.61924,34.55249],[-83.61577,34.55263],[-83.61584,34.55403],[-83.6195,34.55519],[-83.6232,34.55973],[-83.62716,34.5613],[-83.62903,34.56407],[-83.62881,34.56712],[-83.63516,34.57106],[-83.63317,34.57289],[-83.63884,34.58004],[-83.63854,34.5929],[-83.64456,34.60107],[-83.64662,34.60846],[-83.6464,34.61238],[-83.63834,34.61691],[-83.63817,34.62226],[-83.64673,34.63317],[-83.64684,34.63756],[-83.64953,34.64125],[-83.65498,34.64459],[-83.65703,34.64947],[-83.66111,34.64961],[-83.66162,34.65323],[-83.66508,34.65359],[-83.66266,34.6554],[-83.66282,34.65981],[-83.65873,34.65963],[-83.65486,34.66255],[-83.654,34.66688],[-83.64994,34.66652],[-83.64529,34.66902],[-83.64591,34.67239],[-83.64844,34.67346],[-83.64585,34.67531],[-83.64439,34.67934],[-83.6406,34.67992],[-83.63651,34.69961],[-83.63941,34.7067],[-83.6394,34.711],[-83.6326,34.7206],[-83.6329,34.7232],[-83.6291,34.7276],[-83.6246,34.7293],[-83.6233,34.7322],[-83.6267,34.7399],[-83.6251,34.7459],[-83.629,34.7472],[-83.62955,34.7501],[-83.6325,34.7519],[-83.6325,34.7545],[-83.6281,34.7605],[-83.6283,34.7634],[-83.6338,34.7675],[-83.6329,34.7701],[-83.6393,34.7727],[-83.6473,34.7723],[-83.6689,34.789],[-83.6748,34.7883],[-83.6817,34.8003],[-83.67661,34.80418],[-83.66686,34.80653],[-83.6632,34.81085],[-83.65793,34.81369],[-83.65564,34.81921],[-83.64907,34.82526],[-83.63946,34.82278],[-83.6298,34.82539],[-83.62498,34.82303],[-83.61877,34.82367],[-83.61309,34.82202],[-83.61136,34.82588],[-83.60589,34.82771],[-83.58701,34.82008],[-83.58758,34.81798],[-83.58171,34.8108],[-83.58304,34.80922],[-83.58121,34.80502],[-83.57752,34.80325],[-83.57776,34.80101],[-83.57528,34.79957],[-83.57634,34.79558],[-83.57365,34.79501],[-83.5709,34.79135],[-83.56685,34.79116],[-83.55665,34.78506],[-83.56225,34.78128],[-83.55893,34.7756],[-83.56041,34.77177],[-83.55488,34.76628],[-83.55681,34.75766],[-83.55096,34.74994],[-83.54299,34.7499],[-83.53514,34.74742],[-83.53724,34.74561],[-83.53538,34.73984],[-83.52636,34.73905],[-83.52108,34.73587],[-83.51674,34.73525],[-83.51279,34.73169],[-83.50349,34.7343],[-83.49203,34.727],[-83.48473,34.7267],[-83.47863,34.72396],[-83.46991,34.72919],[-83.46612,34.73358],[-83.45757,34.73185],[-83.45019,34.73436],[-83.44638,34.73687],[-83.44748,34.74156],[-83.44608,34.74306],[-83.43661,34.74214],[-83.43135,34.74733],[-83.42626,34.74681],[-83.42285,34.74352],[-83.42464,34.74016],[-83.42244,34.73567],[-83.41597,34.73298],[-83.40671,34.73189],[-83.40367,34.72893],[-83.39535,34.7321],[-83.38739,34.7374],[-83.38494,34.73492],[-83.38611,34.73346],[-83.38105,34.73131],[-83.37484,34.732],[-83.37431,34.72971],[-83.36577,34.72122],[-83.35689,34.71642],[-83.35245,34.71613],[-83.35049,34.7097],[-83.34665,34.70423],[-83.35299,34.70085],[-83.35363,34.6978],[-83.3426,34.69361],[-83.33824,34.68719],[-83.36505,34.67531],[-83.45977,34.48115],[-83.46993,34.48406],[-83.53754,34.49173],[-83.54479,34.48632],[-83.55238,34.48585],[-83.57642,34.46519],[-83.5853,34.45286],[-83.60748,34.44429],[-83.60907,34.44135],[-83.60867,34.4363],[-83.61526,34.43175],[-83.66642,34.5036],[-83.6671,34.5069],[-83.66298,34.51342],[-83.65785,34.51441],[-83.65619,34.51793],[-83.654,34.51693],[-83.64668,34.51997],[-83.63835,34.52689],[-83.63295,34.52702],[-83.63401,34.53268],[-83.6306,34.53324],[-83.63006,34.53648],[-83.6259,34.5361],[-83.62453,34.54079],[-83.61702,34.54112],[-83.61711,34.54294],[-83.62143,34.5438],[-83.61643,34.54731]]]},"properties":{"NAME10":"Habersham","NAMELSAD10":"Habersham County","GEOID10":"13137"}},{"type":"Feature","geometry":{"type":"Polygon","coordinates":[[[-84.97214,33.79979],[-84.91863,33.78633],[-84.90169,33.78071],[-84.90174,33.73063],[-84.91086,33.73098],[-84.91098,33.72899],[-84.91103,33.72211],[-84.90157,33.722],[-84.90144,33.71881],[-84.90579,33.57338],[-84.83005,33.57378],[-84.82998,33.57664],[-84.82427,33.57657],[-84.8243,33.57358],[-84.80894,33.57409],[-84.8118,33.5705],[-84.82445,33.56338],[-84.82769,33.55348],[-84.8326,33.54707],[-84.83165,33.54406],[-84.8265,33.54084],[-84.82212,33.53216],[-84.81517,33.52466],[-84.81587,33.52026],[-84.82762,33.51334],[-84.84105,33.51483],[-84.84932,33.51319],[-84.85125,33.51063],[-84.8522,33.50178],[-84.85529,33.49595],[-84.86662,33.49175],[-84.87667,33.49208],[-84.89477,33.47835],[-84.90247,33.47585],[-84.90854,33.46981],[-84.90935,33.45954],[-84.9192,33.45566],[-84.92048,33.44605],[-84.93193,33.44216],[-84.93743,33.43676],[-84.94458,33.43694],[-84.95048,33.44092],[-84.95446,33.43932],[-84.96607,33.44877],[-84.98278,33.45739],[-84.98622,33.45647],[-84.98898,33.45305],[-84.9852,33.44581],[-84.98561,33.44214],[-84.9972,33.43504],[-85.01247,33.43055],[-85.01536,33.42551],[-85.29381,33.4281],[-85.33823,33.65312],[-85.28975,33.65209],[-85.13903,33.70002],[-85.12945,33.69978],[-85.12969,33.69143],[-85.11499,33.69135],[-85.06647,33.7107],[-85.06655,33.71497],[-85.05089,33.71464],[-85.04933,33.81244],[-85.03793,33.81195],[-84.97214,33.79979]]]},"properties":{"NAME10":"Carroll","NAMELSAD10":"Carroll County","GEOID10":"13045"}},{"type":"Feature","geometry":{"type":"Polygon","coordinates":[[[-84.25727,34.41603],[-84.25687,34.46733],[-84.31968,34.46786],[-84.34566,34.54842],[-84.34649,34.5663],[-84.33764,34.56987],[-84.33744,34.57171],[-84.33151,34.57254],[-84.336,34.57624],[-84.33658,34.57922],[-84.3328,34.5799],[-84.32872,34.58363],[-84.32029,34.58223],[-84.31803,34.57882],[-84.31324,34.57771],[-84.31124,34.5777],[-84.30707,34.5814],[-84.30414,34.58014],[-84.30375,34.57772],[-84.30172,34.57825],[-84.29746,34.57534],[-84.29464,34.56998],[-84.29219,34.56902],[-84.27888,34.56962],[-84.27906,34.5726],[-84.27577,34.57375],[-84.27108,34.57062],[-84.25512,34.56834],[-84.25468,34.5975],[-84.22391,34.597],[-84.22355,34.59966],[-84.21875,34.60052],[-84.21411,34.61007],[-84.20881,34.61342],[-84.19991,34.61502],[-84.19676,34.61793],[-84.18934,34.60887],[-84.18988,34.60473],[-84.1872,34.60007],[-84.1889,34.59579],[-84.19104,34.53919],[-84.16774,34.52085],[-84.11536,34.47328],[-84.10114,34.47128],[-84.1011,34.46821],[-84.10391,34.46821],[-84.10258,34.46623],[-84.10668,34.46586],[-83.98065,34.4184],[-83.98329,34.41705],[-83.98463,34.4112],[-83.9784,34.41123],[-83.97476,34.40656],[-83.97201,34.4055],[-83.97153,34.40179],[-83.97277,34.39901],[-83.97648,34.39795],[-83.97854,34.39077],[-83.98234,34.38787],[-83.98437,34.38364],[-83.97724,34.37949],[-83.9802,34.37587],[-83.97918,34.37299],[-83.98098,34.36921],[-83.97614,34.36307],[-83.98146,34.35954],[-83.98144,34.35784],[-83.97624,34.35658],[-83.96686,34.33964],[-83.96018,34.34272],[-83.95708,34.33402],[-84.25808,34.33516],[-84.25727,34.41603]]]},"properties":{"NAME10":"Dawson","NAMELSAD10":"Dawson County","GEOID10":"13085"}},{"type":"Feature","geometry":{"type":"Polygon","coordinates":[[[-85.02411,34.24618],[-85.02395,34.25121],[-85.01561,34.25114],[-85.01553,34.25821],[-85.0239,34.2583],[-85.02311,34.34712],[-85.00524,34.34709],[-85.00578,34.39252],[-84.98926,34.39246],[-84.98992,34.38456],[-84.98006,34.38478],[-84.97964,34.39764],[-84.97078,34.39774],[-84.97045,34.38438],[-84.95375,34.3842],[-84.95255,34.39896],[-84.89619,34.3986],[-84.89629,34.3963],[-84.83707,34.39773],[-84.73412,34.3965],[-84.73388,34.41297],[-84.65324,34.4126],[-84.65404,34.35518],[-84.6443,34.35517],[-84.64469,34.34684],[-84.654,34.34694],[-84.65324,34.25008],[-84.65376,34.22722],[-84.65772,34.20268],[-84.65924,34.07801],[-84.73784,34.07941],[-84.73783,34.08234],[-84.89685,34.0825],[-84.89695,34.0787],[-84.90995,34.0786],[-84.91005,34.0753],[-84.91445,34.0753],[-84.91433,34.08262],[-84.92995,34.0826],[-84.93005,34.0782],[-84.93905,34.0784],[-84.93909,34.08256],[-85.04705,34.08289],[-85.04466,34.21363],[-85.02382,34.21339],[-85.02411,34.24618]]]},"properties":{"NAME10":"Bartow","NAMELSAD10":"Bartow County","GEOID10":"13015"}},{"type":"Feature","geometry":{"type":"Polygon","coordinates":[[[-83.6664,34.5036],[-83.61526,34.43175],[-83.6228,34.41971],[-83.64185,34.41428],[-83.64606,34.40576],[-83.6549,34.40068],[-83.65999,34.39075],[-83.66009,34.37897],[-83.66578,34.3688],[-83.66967,34.36631],[-83.66359,34.35721],[-83.65704,34.35493],[-83.65131,34.34883],[-83.65145,34.34372],[-83.64769,34.33474],[-83.64903,34.32099],[-83.6405,34.31189],[-83.6324,34.30698],[-83.62509,34.30618],[-83.6251,34.30132],[-83.62012,34.29528],[-83.81769,34.1275],[-83.86803,34.09829],[-84.06285,34.16788],[-84.05899,34.17687],[-84.05891,34.18199],[-84.04872,34.19123],[-84.02993,34.19533],[-84.02308,34.19478],[-84.01146,34.19103],[-84.00686,34.19234],[-84.00274,34.19583],[-83.9944,34.19373],[-83.98906,34.19574],[-83.98484,34.20022],[-83.97836,34.2136],[-83.96794,34.2152],[-83.96633,34.21665],[-83.96457,34.22155],[-83.97026,34.22275],[-83.97236,34.22598],[-83.97181,34.22814],[-83.96105,34.23266],[-83.94936,34.24051],[-83.95008,34.24787],[-83.95359,34.25324],[-83.95049,34.26188],[-83.95403,34.26687],[-83.95332,34.26905],[-83.94261,34.27477],[-83.92668,34.28039],[-83.92557,34.28638],[-83.92832,34.28979],[-83.93181,34.29074],[-83.93113,34.28633],[-83.93223,34.285],[-83.9346,34.28697],[-83.93629,34.29471],[-83.93171,34.29642],[-83.93151,34.29806],[-83.93957,34.29878],[-83.93966,34.29275],[-83.94101,34.2918],[-83.94687,34.29779],[-83.94262,34.30203],[-83.95336,34.31763],[-83.95066,34.32306],[-83.94576,34.32423],[-83.94558,34.32941],[-83.95645,34.33294],[-83.96072,34.34313],[-83.96686,34.33964],[-83.97624,34.35658],[-83.98144,34.35784],[-83.98146,34.35954],[-83.97614,34.36307],[-83.98098,34.36921],[-83.97918,34.37299],[-83.9802,34.37587],[-83.97724,34.37949],[-83.98437,34.38364],[-83.98234,34.38787],[-83.97854,34.39077],[-83.97648,34.39795],[-83.97277,34.39901],[-83.97156,34.40253],[-83.97201,34.4055],[-83.97476,34.40656],[-83.9784,34.41123],[-83.98482,34.41161],[-83.98251,34.41782],[-83.97593,34.41875],[-83.9709,34.42282],[-83.97515,34.43273],[-83.96833,34.43334],[-83.96348,34.43618],[-83.95645,34.43729],[-83.93132,34.45121],[-83.92069,34.45113],[-83.92067,34.46012],[-83.9319,34.46054],[-83.93189,34.46935],[-83.90985,34.46919],[-83.90995,34.45981],[-83.88763,34.45994],[-83.88761,34.46879],[-83.84332,34.49703],[-83.84341,34.5055],[-83.78848,34.50476],[-83.78861,34.5141],[-83.77761,34.5137],[-83.77771,34.5048],[-83.6664,34.5036]]]},"properties":{"NAME10":"Hall","NAMELSAD10":"Hall County","GEOID10":"13139"}},{"type":"Feature","geometry":{"type":"Polygon","coordinates":[[[-84.22751,33.18891],[-84.37369,33.18963],[-84.37315,33.20037],[-84.39363,33.20028],[-84.39347,33.20832],[-84.45134,33.2089],[-84.45529,33.20264],[-84.45851,33.20099],[-84.46239,33.20191],[-84.46675,33.1993],[-84.46916,33.20156],[-84.47433,33.20158],[-84.47626,33.19943],[-84.47742,33.19231],[-84.48088,33.18875],[-84.49312,33.1863],[-84.49641,33.18345],[-84.49498,33.1876],[-84.49674,33.19226],[-84.49383,33.19652],[-84.49259,33.19562],[-84.49054,33.19759],[-84.493,33.20011],[-84.49839,33.20149],[-84.49609,33.20741],[-84.49679,33.20982],[-84.50055,33.21508],[-84.50242,33.21535],[-84.50059,33.21896],[-84.50273,33.2197],[-84.5066,33.22664],[-84.50573,33.22882],[-84.50565,33.22679],[-84.50384,33.22733],[-84.50029,33.23345],[-84.50217,33.23396],[-84.50407,33.23914],[-84.50728,33.23799],[-84.50909,33.24498],[-84.50736,33.24633],[-84.50787,33.24872],[-84.50162,33.25147],[-84.49825,33.25003],[-84.49753,33.25743],[-84.43291,33.25651],[-84.43338,33.26162],[-84.43283,33.26339],[-84.43132,33.26317],[-84.43042,33.26851],[-84.43177,33.27172],[-84.42998,33.27293],[-84.4308,33.27583],[-84.42851,33.27569],[-84.42925,33.27677],[-84.42646,33.27893],[-84.42289,33.28646],[-84.41911,33.28727],[-84.42043,33.29076],[-84.41847,33.29189],[-84.4191,33.29356],[-84.41332,33.29233],[-84.41285,33.29459],[-84.4086,33.29406],[-84.40838,33.29843],[-84.40273,33.30545],[-84.3985,33.30424],[-84.39839,33.30143],[-84.39704,33.30158],[-84.39489,33.30411],[-84.39451,33.3077],[-84.39281,33.30807],[-84.39326,33.31687],[-84.38884,33.31538],[-84.38408,33.31947],[-84.38553,33.32172],[-84.38483,33.32738],[-84.38719,33.33016],[-84.38673,33.33165],[-84.38903,33.33189],[-84.39052,33.33427],[-84.38852,33.33578],[-84.38961,33.33717],[-84.38873,33.33935],[-84.38585,33.33892],[-84.38583,33.34128],[-84.38353,33.33888],[-84.38273,33.3419],[-84.38584,33.35028],[-84.38812,33.35247],[-84.24744,33.35263],[-84.24727,33.33582],[-84.15059,33.33565],[-84.15091,33.31299],[-84.14818,33.31314],[-84.14892,33.31506],[-84.14502,33.31654],[-84.14626,33.31397],[-84.14304,33.31466],[-84.13983,33.31293],[-84.13876,33.30892],[-84.13508,33.30819],[-84.13437,33.30375],[-84.13118,33.3023],[-84.12788,33.30238],[-84.12403,33.30008],[-84.11855,33.30243],[-84.11376,33.29775],[-84.11009,33.29913],[-84.10885,33.30129],[-84.10313,33.29899],[-84.09714,33.29383],[-84.09698,33.29167],[-84.089,33.28565],[-84.12263,33.25267],[-84.12268,33.24881],[-84.11812,33.24874],[-84.11813,33.24443],[-84.123,33.24452],[-84.12399,33.17863],[-84.22428,33.17939],[-84.22399,33.18336],[-84.22751,33.18891]]]},"properties":{"NAME10":"Spalding","NAMELSAD10":"Spalding County","GEOID10":"13255"}},{"type":"Feature","geometry":{"type":"Polygon","coordinates":[[[-83.84319,33.89478],[-83.79911,33.92985],[-83.79877,33.92767],[-83.78489,33.91712],[-83.77981,33.9155],[-83.77658,33.91084],[-83.77405,33.91267],[-83.77003,33.90823],[-83.7647,33.90736],[-83.76301,33.90174],[-83.76456,33.89845],[-83.76087,33.89458],[-83.75688,33.89761],[-83.74848,33.89695],[-83.74564,33.8989],[-83.74617,33.9009],[-83.74365,33.90155],[-83.74387,33.9058],[-83.73914,33.89958],[-83.733,33.89897],[-83.72926,33.90068],[-83.72709,33.8982],[-83.72458,33.901],[-83.72181,33.90014],[-83.7117,33.90457],[-83.70182,33.90558],[-83.6961,33.9115],[-83.68689,33.91115],[-83.67637,33.91761],[-83.66903,33.91686],[-83.66505,33.91564],[-83.66469,33.91237],[-83.66031,33.91223],[-83.65741,33.90833],[-83.64889,33.90796],[-83.64436,33.90472],[-83.64208,33.90561],[-83.64425,33.90695],[-83.63886,33.90831],[-83.63135,33.8975],[-83.63061,33.88689],[-83.62791,33.8855],[-83.61924,33.88552],[-83.61798,33.88355],[-83.60891,33.88114],[-83.60446,33.88171],[-83.60266,33.88365],[-83.60119,33.88165],[-83.59629,33.88284],[-83.59373,33.88131],[-83.58377,33.88386],[-83.58232,33.88185],[-83.58619,33.87698],[-83.58734,33.86764],[-83.59063,33.86337],[-83.58903,33.86194],[-83.58818,33.86452],[-83.58686,33.86337],[-83.58506,33.86449],[-83.58277,33.86286],[-83.58158,33.85992],[-83.57473,33.85422],[-83.57465,33.84901],[-83.57327,33.84741],[-83.56587,33.8468],[-83.56178,33.84249],[-83.54341,33.83277],[-83.53138,33.82428],[-83.53334,33.82096],[-83.52922,33.8212],[-83.52168,33.8182],[-83.52013,33.81967],[-83.51742,33.81652],[-83.5159,33.81779],[-83.51061,33.81539],[-83.5096,33.81761],[-83.50593,33.81777],[-83.51359,33.80663],[-83.52309,33.79733],[-83.52639,33.79613],[-83.53694,33.7784],[-83.6809,33.59693],[-83.69942,33.60945],[-83.69155,33.617],[-83.73436,33.64565],[-83.75829,33.64636],[-83.98221,33.78617],[-83.84319,33.89478]]]},"properties":{"NAME10":"Walton","NAMELSAD10":"Walton County","GEOID10":"13297"}},{"type":"Feature","geometry":{"type":"Polygon","coordinates":[[[-84.30275,32.9997],[-84.29867,32.99968],[-84.29873,32.99148],[-84.48971,32.99374],[-84.49106,32.99218],[-84.49014,32.9907],[-84.49477,32.98834],[-84.4956,32.98451],[-84.49833,32.98276],[-84.50188,32.98316],[-84.49923,32.97972],[-84.50573,32.97256],[-84.51124,32.97209],[-84.52043,32.96854],[-84.52697,32.96958],[-84.52199,32.97336],[-84.52151,32.97569],[-84.5252,32.98113],[-84.53027,32.98497],[-84.52864,32.9896],[-84.5313,32.99405],[-84.52701,33.00034],[-84.53794,33.0112],[-84.53388,33.02048],[-84.53475,33.0258],[-84.53308,33.02778],[-84.53703,33.03647],[-84.53518,33.04218],[-84.52778,33.04371],[-84.52542,33.0522],[-84.52331,33.05437],[-84.52339,33.0643],[-84.52723,33.07007],[-84.52483,33.0791],[-84.51789,33.08178],[-84.51706,33.07852],[-84.51338,33.07809],[-84.51072,33.08432],[-84.51883,33.08983],[-84.52195,33.09465],[-84.5278,33.09194],[-84.52873,33.09806],[-84.52151,33.10193],[-84.51832,33.10183],[-84.51758,33.11006],[-84.51977,33.1141],[-84.51812,33.12249],[-84.51399,33.12597],[-84.51094,33.12629],[-84.51078,33.13086],[-84.51302,33.13159],[-84.51685,33.13803],[-84.51569,33.14018],[-84.51782,33.14184],[-84.51486,33.14397],[-84.51505,33.1484],[-84.50999,33.15415],[-84.5072,33.15467],[-84.51008,33.16207],[-84.50559,33.16823],[-84.50717,33.17558],[-84.49312,33.1863],[-84.48088,33.18875],[-84.47742,33.19231],[-84.47626,33.19943],[-84.47433,33.20158],[-84.46916,33.20156],[-84.46675,33.1993],[-84.46239,33.20191],[-84.45851,33.20099],[-84.45529,33.20264],[-84.45134,33.2089],[-84.39347,33.20832],[-84.39363,33.20028],[-84.37315,33.20037],[-84.37369,33.18963],[-84.24819,33.18903],[-84.24866,33.03934],[-84.25886,33.03969],[-84.25906,33.03152],[-84.26917,33.03144],[-84.27014,32.99102],[-84.28985,32.99159],[-84.29299,32.9997],[-84.29867,32.99968],[-84.29868,33.00415],[-84.30275,33.00416],[-84.30275,32.9997]]]},"properties":{"NAME10":"Pike","NAMELSAD10":"Pike County","GEOID10":"13231"}},{"type":"Feature","geometry":{"type":"Polygon","coordinates":[[[-83.813,33.95315],[-83.82434,33.96435],[-83.83195,33.9663],[-83.83895,33.98433],[-83.8558,33.99321],[-83.86661,34.00409],[-83.86912,34.00432],[-83.81761,34.12752],[-83.81576,34.12634],[-83.81653,34.12254],[-83.81233,34.1208],[-83.81307,34.11745],[-83.81083,34.11615],[-83.81507,34.11358],[-83.81077,34.1124],[-83.80779,34.10941],[-83.80586,34.10983],[-83.80577,34.1077],[-83.79986,34.10286],[-83.79228,34.10036],[-83.78995,34.09373],[-83.79079,34.08689],[-83.77798,34.07983],[-83.77344,34.07383],[-83.76988,34.07323],[-83.76784,34.06682],[-83.76384,34.06469],[-83.76085,34.06669],[-83.75178,34.06418],[-83.7425,34.06518],[-83.7434,34.06835],[-83.7416,34.06953],[-83.73773,34.0664],[-83.73361,34.06731],[-83.73435,34.06365],[-83.73234,34.06029],[-83.72793,34.06071],[-83.72306,34.06344],[-83.72035,34.05957],[-83.72081,34.0554],[-83.71877,34.05355],[-83.71314,34.0562],[-83.71229,34.05403],[-83.71436,34.0499],[-83.70918,34.04513],[-83.7042,34.04645],[-83.70088,34.05432],[-83.69793,34.05268],[-83.6946,34.05626],[-83.69408,34.05311],[-83.69215,34.0517],[-83.68552,34.05345],[-83.68671,34.04886],[-83.6851,34.04692],[-83.67946,34.04742],[-83.6796,34.05157],[-83.67592,34.05376],[-83.67245,34.05264],[-83.66761,34.04798],[-83.66312,34.04891],[-83.6631,34.05239],[-83.65728,34.05339],[-83.65509,34.04748],[-83.64876,34.0459],[-83.64499,34.05089],[-83.63601,34.04591],[-83.63082,34.04616],[-83.63022,34.04459],[-83.61465,34.04717],[-83.61553,34.04539],[-83.61155,34.04435],[-83.61015,34.03852],[-83.60507,34.03882],[-83.60054,34.03531],[-83.59873,34.03738],[-83.59526,34.03648],[-83.58648,34.03916],[-83.58416,34.03854],[-83.58425,34.04106],[-83.57374,34.03932],[-83.57111,34.03141],[-83.56322,34.03176],[-83.53739,33.96592],[-83.64703,33.9062],[-83.64889,33.90796],[-83.65741,33.90833],[-83.66031,33.91223],[-83.66469,33.91237],[-83.66534,33.91584],[-83.67627,33.91763],[-83.68689,33.91115],[-83.6961,33.9115],[-83.70182,33.90558],[-83.7117,33.90457],[-83.72181,33.90014],[-83.72458,33.901],[-83.72709,33.8982],[-83.72926,33.90068],[-83.733,33.89897],[-83.73914,33.89958],[-83.74387,33.9058],[-83.74365,33.90155],[-83.74617,33.9009],[-83.74564,33.8989],[-83.74848,33.89695],[-83.75688,33.89761],[-83.76087,33.89458],[-83.76456,33.89845],[-83.76301,33.90174],[-83.7647,33.90736],[-83.77003,33.90823],[-83.77405,33.91267],[-83.77658,33.91084],[-83.77981,33.9155],[-83.78489,33.91712],[-83.79877,33.92767],[-83.80019,33.93146],[-83.80229,33.93183],[-83.8059,33.93738],[-83.80494,33.94224],[-83.81338,33.94914],[-83.813,33.95315]]]},"properties":{"NAME10":"Barrow","NAMELSAD10":"Barrow County","GEOID10":"13013"}}]}